Street,City,Area_detail,Rooms,Bathrooms,Parking_spaces,Price,Is_mensal,Neighborhood
Avenida Itacira,São Paulo,1000,4,8,6,7000000,False,Planalto Paulista
Rua Aurelia Perez Alvarez,São Paulo,524,6,6,4,3700000,False,Jardim dos Estados
Rua Alba Valdez,São Paulo,125,4,3,2,380000,False,Jardim Reimberg
,São Paulo,310,3,2,4,685000,False,Jardim Morumbi
Rua Tobias Barreto,São Paulo,100,3,2,2,540000,False,Mooca
Rua Graham Bell,São Paulo,440,4,4,6,1980000,False,Santo Amaro
Rua Francisco Paulo,São Paulo,145,4,4,2,850000,False,Cidade Mãe do Céu
Rua Guilherme Valente,São Paulo,150,2,2,2,450000,False,Jardim Vergueiro
Rua Sagrada Família,São Paulo,50,2,1,1,199900,False,Jardim Benfica
Rua Tapaji,São Paulo,114,3,3,2,585000,False,Vila Alpina
Rua Vigário João Álvares,São Paulo,261,4,4,3,700000,False,Vila Monumento
,São Paulo,436,4,3,3,15000,False,Jardim Luzitânia
Rua Tuim,São Paulo,193,3,3,2,2500000,False,Vila Uberabinha
Rua Antônio Pereira Mendes,São Paulo,251,3,5,4,1700000,False,Jardim Prudência
Rua João Antunes Carvalho,São Paulo,300,4,5,4,1150000,False,Lauzane Paulista
Rua Rúben Dario Almonacid,Cotia,500,3,5,6,1999000,False,São Paulo II
Rua Timbé,São Paulo,135,3,3,2,550000,False,Jardim Santa Maria
Rua João Tauler,São Paulo,180,4,2,4,420000,False,Vila Nova
Rua Alice Garcia Vega,São Paulo,300,3,5,4,2232000,False,Itaberaba
Rua Graham Bell,São Paulo,772,7,7,6,2700000,False,Santo Amaro
Avenida Antônio Joaquim de Moura Andrade,São Paulo,605,3,3,4,4190000,False,Vila Nova Conceição
Rua Marcos Fernandes,São Paulo,110,3,2,5,860000,False,Jardim da Saúde
Estrada Tenente Marques,Santana de Parnaíba,95,3,2,2,375000,False,Vila Poupança
Rua José Leão dos Santos,São Paulo,250,4,4,4,650000,False,Jardim Santo Antônio
Rua Jaime Pinto Ferreira,São Paulo,120,2,1,1,490000,False,Vila Mazzei
Rua Aldo de Azevedo,São Paulo,170,2,2,1,1485000,False,Vila Madalena
Rua Antônio Wey,São Paulo,250,3,1,5,650000,False,Jardim Ivana
Rua João Francisco de Moura,São Paulo,110,3,3,2,550000,False,Vila Campo Grande
Rua Serra de Botucatu,São Paulo,120,3,2,2,1100000,False,Vila Gomes Cardim
Rua Andrade Neves,São Paulo,502,4,6,4,2985000,False,Bela Aliança
Rua Japeacaba,São Paulo,268,3,6,4,1700000,False,Vila Albertina
Rua Senador Vergueiro,São Paulo,355,4,7,4,3100000,False,Santo Amaro
Rua dos Plátanos,São Paulo,1195,4,4,6,8700000,False,Cidade Jardim
,São Paulo,220,4,4,3,849000,False,Parque da Lapa
Rua Domingos Menezes,São Paulo,320,5,4,6,890000,False,Vila Libanesa
Rua Manuel Monteiro,São Paulo,180,3,3,4,550000,False,Cidade Domitila
Rua Serra da Sentinela,São Paulo,325,4,6,3,1650000,False,Vila Nova Savoia
Avenida Maria Estela,São Paulo,110,2,1,1,445000,False,Jardim Maria Estela
Rua Professor Ciro Formicola,São Paulo,125,2,1,2,425000,False,Parque São Rafael
Rua Elias Gannam,São Paulo,120,2,3,2,500000,False,Vila Bandeirantes
Rua Zacarias de Gois,São Paulo,138,3,1,3,1060000,False,Parque Colonial
Rua Gregório Paes de Almeida,São Paulo,401,5,9,4,3890000,False,Vila Madalena
Avenida das Magnólias,São Paulo,420,4,4,4,2200000,False,Cidade Jardim
Rua Mata Machado,São Paulo,260,4,4,4,1250000,False,Vila Califórnia
Rua Alfonso de Albuquerque,São Paulo,200,3,5,3,1250000,False,Jardim das Imbuias
Rua Vicente Góes e Aranha,São Paulo,463,4,6,6,2200000,False,Vila Tramontano
Avenida Presidente Tancredo Neves,São Paulo,132,2,1,1,390000,False,Vila Nancy
Rua Antônio Assumpção,São Paulo,154,2,4,4,650000,False,Parada Inglesa
Rua Lauro Luchesi,São Paulo,300,4,4,3,1600000,False,Jardim Leonor Mendes de Barros
Rua Artur Montenegro,A,250,2,2,2,370000,False,
Avenida Dom Rodrigo Sanches,São Paulo,120,2,2,1,130000,False,Jardim Amália
Rua Domingos de Braga,São Paulo,110,3,3,2,545000,False,Vila dos Remédios
Rua Kansas,São Paulo,180,3,3,3,1100000,False,Brooklin Paulista
Rua Comendador Armando Pereira,São Paulo,151,3,3,8,520000,False,Tremembé
Rua Santo Adauto,São Paulo,170,3,2,2,325000,False,Vila Minerva
Rua dos Maracujás,São Paulo,211,4,7,8,890000,False,Vila Mazzei
Avenida Raimundo Pereira de Magalhães,São Paulo,102,3,4,2,409000,False,Pirituba
Rua Nicolau Barreto,São Paulo,177,3,5,2,1500000,False,Vila Cordeiro
,São Paulo,190,2,2,2,1100000,False,Chácara Santo Antônio
,São Paulo,650,4,6,4,5500000,False,Jardim Guedala
Rua Tomé Souza,Jacareí,126,3,2,2,312000,False,Santa Cruz dos Lázaros
Rua Salvador Fontoura,São Paulo,210,3,2,6,250000,False,Parque Boturussu
,São Paulo,200,4,3,2,775000,False,Vila Arriete
Rua Inglaterra,São Paulo,200,3,3,2,13000,False,Jardim Europa
Rua Peribebuí,São Paulo,440,4,6,7,2200000,False,Alto da Lapa
Avenida João XXIII,São Paulo,225,2,2,2,780000,False,Vila Formosa
Rua Taiaçupeba,São Paulo,350,3,5,6,980000,False,Quinta da Paineira
Rua Coronel Virgílio dos Santos,São Paulo,220,3,3,2,750000,False,Vila Jaguara
Rua Áurea Graciliana Dias,São José dos Campos,249,4,3,2,1290000,False,Condomínio Residencial Monaco
Rua da Paz,São Paulo,386,4,4,5,1680000,False,Alto da Boa Vista
Rua Major Alfredo Romão,São Paulo,99,3,2,2,650000,False,Vila Clarice
Rua Bolívia,São Paulo,663,4,7,6,14500000,False,Jardim América
Rua General Fonseca Teles,São Paulo,420,4,6,3,8700000,False,Jardim Paulista
Rua Pataíba,São Paulo,211,3,3,3,1237000,False,Tucuruvi
Rua Doutor Milton de Souza Meirelles,São Paulo,180,3,4,4,950000,False,Parque Continental
Avenida Amador Bueno da Veiga,São Paulo,150,4,1,5,510000,False,Penha de França
Rua Maria Tereza Farabulini Rodrigues,São Paulo,200,3,5,3,1500000,False,Parque Continental
Rua Doutor Franco da Rocha,São Paulo,452,4,6,2,4240000,False,Perdizes
Rua Caetano Braga,São Paulo,129,3,2,2,490000,False,Conjunto Residencial José Bonifácio
Rua Francisco de Paula Brito,São Paulo,250,3,4,4,2190000,False,Planalto Paulista
Rua dos Comerciários,São Paulo,250,3,3,5,2180000,False,Cidade Vargas
Rua Francisco Correia Dutra,São Paulo,152,2,3,2,398000,False,Jardim Maria Luiza
Rua Joaquim de Almeida,São Paulo,192,4,2,2,950000,False,Mirandópolis
Rua Elisa Rodrigues,São Paulo,184,4,3,4,1390000,False,Planalto Paulista
Rua José Sebastião de Sá,São Paulo,100,2,2,1,530000,False,Jardim do Carmo
Rua Amandaba,São Paulo,253,4,4,2,1280000,False,Jardim Prudência
Rua Cordisburgo,São Paulo,850,4,8,6,6500000,False,Jardim Leonor
Estrada José Ribeiro Leite,Sorocaba,47,2,1,2,188200,False,Ipatinga
Rua Carlos Rath,São Paulo,400,5,4,4,2900000,False,Alto de Pinheiros
,São Paulo,358,4,4,4,3500000,False,Alto de Pinheiros
Rua Luís Ramos Figueira,São Paulo,140,3,4,2,775000,False,Vila Suzana
Rua dos Aliados,São Paulo,500,5,7,7,3500000,False,Alto da Lapa
,São Paulo,119,2,2,2,670000,False,Planalto Paulista
,São Paulo,650,4,7,4,3500000,False,Jardim Guedala
Rua Benedito Antonio de Campos,Boituva,78,2,2,1,298000,False,Residencial de Lorenzi
Rua Doutor Nicolau Asprino Júnior,São Paulo,250,3,3,3,1500000,False,Vila Brasílio Machado
Rua José Barbosa,São Paulo,84,3,3,2,470000,False,Jardim das Vertentes
Rua Iagari,São Paulo,243,3,5,3,2400000,False,Alto da Lapa
Rua Júlio Rua Perez,São Paulo,145,4,3,2,1350000,False,Campo Belo
Rua Marechal Barbacena,São Paulo,150,3,2,2,800000,False,Vila Regente Feijó
Rua Plínio Mota,São Paulo,240,3,3,7,890000,False,Vila Tolstoi
Rua Belarmino Cardoso de Andrade,São Paulo,167,3,4,2,630000,False,Terceira Divisão de Interlagos
Rua Camberra,São Paulo,256,4,3,1,1063830,False,Vila Formosa
,São Paulo,220,4,3,2,750000,False,Vila Moinho Velho
Rua Marechal,do,360,4,5,4,1800000,False,
,São Paulo,354,4,6,4,2950000,False,Jardim Guedala
Rua Pero Correia,São Paulo,250,3,3,1,1350000,False,Vila Mariana
Avenida Ouro Verde de Minas,São Paulo,186,3,3,2,750000,False,Jardim Imperador
Rodovia Vereador Abel Fabricio Dias,Pindamonhangaba,44,2,1,2,180000,False,Vila São Benedito
Rua Inglaterra,São Paulo,756,5,4,10,37000000,False,Jardim Europa
Avenida Ibiúna,São Paulo,500,4,3,4,1200000,False,Vila Aricanduva
,São Paulo,400,5,6,4,2500000,False,Brooklin Paulista
,São Paulo,627,3,6,6,4950000,False,Sumaré
Rua Coronel Octávio Azeredo,São Paulo,80,3,1,2,420000,False,Vila Mazzei
Rua Drosera,São Paulo,190,3,2,4,920000,False,Pirituba
,São Paulo,1060,5,5,4,30000000,False,Jardim Paulista
Rua Timbó,São Paulo,170,3,2,2,940000,False,Mooca
Rua Prudentópolis,São Paulo,1192,4,3,6,6200000,False,Boaçava
,São Paulo,200,4,3,1,550000,False,Vila Gustavo
Rua José Clemente,São Paulo,724,4,6,3,8000000,False,Jardim Paulista
Rua Araripe,São Paulo,300,6,3,2,430000,False,Vila Califórnia
Rua Lavras do Sul,São Paulo,120,4,3,2,650000,False,Vila Carolina
Rua Marco Aurélio,São Paulo,160,3,4,2,940000,False,Vila Romana
Alameda dos Guainumbis,São Paulo,200,4,6,3,2014000,False,Planalto Paulista
Avenida Júlio Buono,São Paulo,217,5,3,2,670000,False,Vila Gustavo
Rua Monsenhor Moura,São Paulo,167,2,2,2,820000,False,Vila Leopoldina
Rua dos Tamanás,São Paulo,440,4,5,4,3950000,False,Vila Madalena
Praça Doutor Carvalho Franco,São Paulo,250,3,5,2,2450000,False,Vila Mariana
Rua Maria Ramos,São Paulo,250,5,6,2,486000,False,Vila São Paulo
Rua Kansas,São Paulo,70,2,4,2,800000,False,Brooklin Paulista
Rua Engenheiro Dolabela,São Paulo,455,4,5,3,680000,False,Jardim Bandeirantes
Rua Francisco Bellazzi,São Paulo,80,2,1,1,245000,False,Jardim Jaraguá
Rua Gonçalo Pires,São Paulo,125,3,3,1,610000,False,Vila Morse
Rua Cautaros,São Paulo,185,3,5,5,460000,False,Itaquera
Avenida Avelino Paranho,São Paulo,250,5,3,5,850000,False,Vila Talarico
Rua Manoel João Pereira,São Paulo,131,3,2,2,540000,False,Vila Matilde
Rua Getúlio Vargas Filho,São Paulo,114,3,4,2,550000,False,Cidade Vargas
Rua Bernardo Vieira,São Paulo,104,1,1,1,270000,False,Vila Laís
Rua Marechal Bina Machado,São Paulo,360,4,5,4,1750000,False,Jardim Marajoara
Rua Doutor Augusto de Miranda,São Paulo,98,3,3,1,1050000,False,Vila Pompéia
Alameda dos Ciprestes,São Paulo,351,4,4,4,3480000,False,Chácara Santo Antônio
Rua José Clemente,São Paulo,700,4,5,4,7900000,False,Jardim Paulista
Rua Laplace,São Paulo,300,3,5,4,2400000,False,Brooklin Paulista
,São Paulo,125,3,4,3,800000,False,Jardim Trussardi
Rua Aquiramun,São Paulo,450,5,6,5,5500000,False,Alto de Pinheiros
,São Paulo,534,5,6,5,4500000,False,Vila Madalena
,São Paulo,340,4,6,3,3000000,False,Jardim dos Estados
Rua Rússia,São Paulo,200,3,3,2,2700000,False,Jardim Europa
Rua Oscar Pinheiro Coelho,São Paulo,110,2,1,3,620000,False,Caxingui
Rua Tagipuru,São Paulo,170,4,3,2,1600000,False,Barra Funda
Rua Américo Brasiliense,São Paulo,340,4,6,7,2200000,False,Alto da Boa Vista
Rua Catão,São Paulo,235,3,4,3,1280000,False,Vila Romana
,São Paulo,114,3,1,3,510000,False,Vila Santos
Rua Conchilia,São Paulo,300,4,6,4,1600000,False,Vila Albertina
Rua Antônio Barbosa de Oliveira,São Paulo,571,3,2,3,987000,False,Vila João Batista
Rua João Pereira Santos,São Paulo,57,3,1,5,350000,False,Jardim Nova Germania
Rua Monte Cardoso,São Paulo,150,3,2,2,600000,False,Vila Antonieta
,São Paulo,693,4,5,6,16000000,False,Jardim Europa
Rua Fonseca da Costa,São Paulo,650,4,6,12,11000,True,Bosque da Saúde
Rua Prisciliana Duarte,São Paulo,257,3,4,4,1600000,False,Jardim da Saúde
Rua Agostinho da Mota,São Paulo,140,3,4,4,900000,False,Chácara Santo Antônio
,São Paulo,299,4,5,3,2140000,False,Butantã
Rua Professor João Marinho,São Paulo,170,3,4,2,1490000,False,Vila Mariana
,São Paulo,230,2,3,2,12000,True,Jardim Paulistano
Rua Pereira Caldas,São Paulo,200,3,2,2,1000000,False,Jardim da Glória
Rua Princesa Leopoldina,São Paulo,100,2,2,1,940000,False,Alto da Lapa
,São Paulo,243,5,4,2,1390000,False,Jardim Petrópolis
,São Paulo,228,4,5,3,2200000,False,Vila Mariana
Avenida Moaci,São Paulo,420,5,7,6,1900000,False,Planalto Paulista
,São Paulo,168,3,1,2,621000,False,Vila Aparecida
,São Paulo,300,3,3,3,1300000,False,Siciliano
Estrada Velha da Penha,São Paulo,110,2,1,2,450000,False,Tatuapé
Rua Bernardo Alvarenga,São Paulo,350,3,4,2,1969000,False,Caxingui
Rua Doutor Antônio Gontijo de Carvalho,São Paulo,1200,6,7,8,6360000,False,Jardim Cordeiro
Rua Judith,São Paulo,146,3,2,2,1550000,False,Vila Madalena
Rua Catão,São Paulo,130,2,2,1,688000,False,Vila Romana
,São Paulo,170,4,5,6,1700000,False,Alto da Lapa
Rua Manuel Francisco Alves,São Paulo,232,8,3,1,500000,False,Parque Casa de Pedra
Rua Luís Dib Zogaib,São Paulo,443,4,6,8,1800000,False,Morumbi
Rua Pamplona,São Paulo,156,4,4,2,2340000,False,Jardim Paulista
Rua Alexandre Von Humboldt,São Paulo,250,4,4,3,580000,False,Praia Azul
Rua Boiçununga,São Paulo,200,3,3,2,570000,False,São João Clímaco
Rua Maestro Elias Lobo,São Paulo,542,5,8,4,25000,True,Jardim Paulista
Rua Doutor Valentino Sola,São Paulo,231,4,5,6,1650000,False,Jardim da Glória
,São Paulo,420,3,6,5,3500000,False,Jardim Guedala
Rua Guararapes,São Paulo,515,3,5,8,30000,True,Lapa
Rua Serenata,São Paulo,140,3,3,2,490000,False,Vila Prudente
Rua Eduardo da Silva Magalhães,São Paulo,350,5,7,7,2500000,False,Parque Continental
Rua João Pedro,São Paulo,120,3,3,3,500000,False,Capela do Socorro
Rua Alvarenga,São Paulo,400,4,3,4,10000,True,Butantã
,São Paulo,361,4,6,5,1490000,False,Planalto Paulista
Rua Otávio Tarquínio de Sousa,São Paulo,160,3,4,2,4500,True,Campo Belo
Rua Quirino Pucca,São Paulo,65,1,1,2,480000,False,Vila Romana
Rua Guira,Guainumbi,180,4,2,1,300000,False,
Rua Teviot,São Paulo,363,4,6,4,5100000,False,Vila Nova Conceição
,São Paulo,431,4,5,5,30000,True,Jardim Guedala
Rua Coronel Melo de Oliveira,São Paulo,184,3,3,2,1272000,False,Perdizes
,São Paulo,230,3,3,4,1500000,False,Jardim da Glória
,São Paulo,1800,3,5,6,80000,True,Morumbi
,São Paulo,437,3,5,5,1850000,False,Vila Ida
Rua Amélia da Silveira,São Paulo,176,3,4,2,620000,False,Jardim Vivan
Rua Alberto Lohnhoff,São Paulo,88,3,3,1,455000,False,Lauzane Paulista
Rua Itália,São Paulo,713,5,7,6,26600000,False,Jardim Europa
Rua Constantino de Sousa,São Paulo,266,6,6,6,1750000,False,Campo Belo
Rua José Ubaldo Lomônaco,São Paulo,430,5,6,4,3150000,False,Jardim da Glória
Rua Bolívia,São Paulo,1060,4,5,9,11489000,False,Jardim América
Rua Faustino Augusto César,São Paulo,180,3,3,3,850000,False,Vila Marari
Rua Major Newton de Feliciano,São Paulo,480,4,6,6,25000,True,Jardim Aurélia
,São Paulo,600,4,6,4,2200000,False,Cidade Jardim
Rua dos Macunis,São Paulo,180,4,4,4,2400000,False,Vila Madalena
Rua Vergueiro,São Paulo,113,3,2,2,570000,False,Cursino
,São Paulo,497,3,4,8,1300000,False,Cidade Dutra
Rua Joaquim Lima de Moraes,São Paulo,224,3,4,2,1500000,False,Santo Amaro
Rua Jorge Fares,São Paulo,127,3,1,2,540000,False,Jardim São Luís
,São Paulo,190,3,4,4,750000,False,Água Fria
,São Paulo,60,2,5,1,251000,False,Parque Boturussu
,São Paulo,124,4,3,1,595000,False,Belenzinho
Rua Antônio Sales de Camargo,São Paulo,118,4,5,3,960000,False,Bosque da Saúde
Rua Croata,São Paulo,358,3,4,4,2160000,False,Vila Ipojuca
,São Paulo,480,3,5,4,7000,True,Vila Sônia
Rua Emílio Pedutti,São Paulo,546,4,7,6,3290000,False,Morumbi
Rua Açaré,São Paulo,252,3,5,4,2900000,False,Alto de Pinheiros
,São Paulo,293,3,5,4,3650000,False,Vila Ida
,São Paulo,639,4,8,4,3600000,False,Jardim Panorama
,São Paulo,160,3,4,3,860000,False,Jardim Ampliação
Rua Cristiano Viana,São Paulo,155,3,1,1,1300000,False,Cerqueira César
,São Paulo,80,2,1,2,374500,False,Lauzane Paulista
,São Paulo,1000,5,5,8,40000,True,Cidade Jardim
Rua Aguaçaí,São Paulo,180,3,4,1,750000,False,Pari
Rua Muller Carioba,São Paulo,230,3,2,3,660000,False,Jardim da Saúde
Rua Olímpia Lemes da Silva,São Paulo,260,3,3,2,940000,False,Jardim das Vertentes
,São Paulo,500,8,5,1,990000,False,Vila Sabrina
Rua Frederico Von Martius,São Paulo,300,3,5,2,1350000,False,Ipiranga
Rua Banibás,São Paulo,297,4,5,4,15500,True,Alto de Pinheiros
,São Paulo,360,3,5,4,4950000,False,Alto de Pinheiros
,São Paulo,120,3,4,2,1550000,False,Vila Olímpia
Rua Doutora Maria Augusta Saraiva,São Paulo,120,3,2,2,1550000,False,Vila Olímpia
Rua Doutor Fausto de Almeida Prado Penteado,São Paulo,1643,4,5,10,4500000,False,Jardim Sílvia
,São Paulo,381,4,4,6,1250000,False,Jardim Franca
Rua Banibás,São Paulo,750,5,5,8,6500000,False,Alto de Pinheiros
Rua Comendador Gabriel Calfat,São Paulo,554,4,7,4,2750000,False,Jardim Leonor
,São Paulo,1100,4,6,8,30000,True,Jardim Sílvia
,São Paulo,250,3,6,2,1600000,False,Santo Amaro
Rua Barbalha,São Paulo,229,3,2,2,949000,False,Alto da Lapa
Rua Alfredo Pinheiro,São Paulo,200,3,2,2,710000,False,Parque Continental
Rua Salvador Simões,São Paulo,198,3,4,3,972000,False,Vila Dom Pedro I
Rua Alexandre Teixeira,São Paulo,130,2,2,2,350000,False,Vila Euthalia
Rua Irmã Amélia,São Paulo,147,3,3,3,820000,False,Vila Prudente
Alameda dos Apetupás,São Paulo,400,4,4,4,2100000,False,Planalto Paulista
Rua Agrovila,São Paulo,178,3,3,3,1250000,False,Campo Belo
Rua Doutor José Manoel de Figueiredo Netto,São Paulo,66,4,3,1,590000,False,Santana
Avenida Piassanguaba,São Paulo,260,3,5,2,2350000,False,Planalto Paulista
,São Paulo,584,4,6,4,2950000,False,Jardim Guedala
Rua Felício Tarabai,São Paulo,215,3,3,4,6000,True,Barro Branco
Travessa Palma,de,125,2,1,1,370000,False,
,São Paulo,80,2,2,4,870000,False,Mooca
Rua Roncador,São Paulo,100,3,1,2,340000,False,Vila Corberi
Rua Douro,São Paulo,831,4,8,4,16000000,False,São Judas
,São Paulo,617,4,4,8,9500000,False,Jardim América
,São Paulo,793,4,7,6,11000,True,Interlagos
,São Paulo,180,4,2,4,1290000,False,Alto da Lapa
Rua Aquiramun,São Paulo,680,4,6,3,11700000,False,Alto de Pinheiros
,São Paulo,129,3,2,2,750000,False,Vila Gustavo
Rua Palmeira,Batuá,120,3,3,2,550000,False,
Rua Maestro Elias Lobo,São Paulo,191,3,4,1,2590000,False,Jardim Paulista
Rua Bariri,São Paulo,170,3,2,4,630000,False,Vila Carrão
Rua Fonseca da Costa,São Paulo,650,4,7,12,11000,True,Bosque da Saúde
Rua Lourenço Castanho,São Paulo,280,4,3,8,3995000,False,Vila Nova Conceição
Rua Costa Aguiar,São Paulo,220,3,4,4,1490000,False,Ipiranga
Rua dos Franceses,São Paulo,1039,6,7,20,22000000,False,Morro dos Ingleses
Rua Marechal Santos Barreto,São Paulo,101,3,4,2,600000,False,Vila Prudente
Rua Bertioga,São Paulo,140,6,3,2,7500,True,Chácara Inglesa
Rua Helena Ricceli Luchetti,São Paulo,160,3,2,2,580000,False,Parque Savoy City
,São Paulo,631,4,5,6,3500000,False,Sumaré
,São Paulo,300,4,6,4,1600000,False,Jardim Franca
Rua Dinamarca,São Paulo,600,7,7,6,10600000,False,Jardim Europa
,São Paulo,306,4,3,2,2000000,False,Pacaembu
Travessa Doutor Ezequiel Antunes de Oliveira,São Paulo,120,3,4,3,2850000,False,Vila Nova Conceição
Rua Ximbó,São Paulo,140,4,3,4,800000,False,Aclimação
Rua Chico de Paula,São Paulo,354,5,5,6,1350000,False,Nossa Senhora do Ó
Rua Gregório Lazzarini,São Paulo,120,3,3,4,380000,False,Jardim Três Marias
Rua Professor Guilherme Belfort Sabino,São Paulo,164,2,1,1,440000,False,Campininha
Rua Califórnia,São Paulo,120,4,3,2,780000,False,Cidade Monções
Rua Thomaz Antônio Villani,São Paulo,140,3,2,3,780000,False,Vila Santa Maria
Rua das Begônias,São Paulo,580,4,5,5,10000,True,Cidade Jardim
Rua Rodrigues de Campos Leite,São Paulo,135,3,4,2,799000,False,Vila Ipojuca
Rua Guaonés,São Paulo,550,4,6,6,10000,True,Jardim Guedala
Rua Nélio Batista Guimarães,São Paulo,171,3,1,4,420000,False,Parque Boturussu
,São Paulo,240,2,4,6,1800000,False,Jardim Santo Amaro
Rua Ipomeias,São Paulo,36,2,1,1,190000,False,Vila Bela
Rua Arapuã,São Paulo,180,3,3,2,559000,False,Vila Guarani
,São Paulo,160,3,4,3,799000,False,Jardim Ampliação
Rua Juvenal Galeno,São Paulo,388,4,1,7,6000,True,Jardim da Saúde
Rua Kansas,São Paulo,200,3,1,10,2240000,False,Brooklin Paulista
Rua Amâncio Klein,São Paulo,160,6,3,4,550000,False,Vila das Belezas
,São Paulo,120,3,2,1,530000,False,Vila Matilde
,São Paulo,255,3,5,3,2200000,False,Vila Ida
Rua Dorandia,São Paulo,100,4,3,4,600000,False,Jardim Brasil
Rua Baiás,São Paulo,400,3,4,4,15000,True,Boaçava
Avenida George Saville Dodd,São Paulo,770,4,1,6,7000000,False,Jardim Guedala
Rua General Vitorino Monteiro,São Paulo,450,5,5,4,2100000,False,Vila Romana
Rua São Borja,São Paulo,480,3,2,4,1060000,False,Cidade Vargas
Rua José de Freitas Guimarães,São Paulo,400,2,5,3,2150000,False,Pacaembu
,São Paulo,296,3,5,6,1800000,False,Vila Prudente
Rua Doutor Octávio de Oliveira Santos,São Paulo,200,3,4,2,1070000,False,Brooklin Paulista
,São Paulo,400,4,3,4,1800000,False,Jardim Guedala
Rua Cássio Martins Vilaça,São Paulo,288,4,5,3,2890000,False,Pacaembu
Rua Deolinda de Oliveira,São Paulo,150,3,2,2,435000,False,Vila Moraes
Rua Mateus Clemente,São Paulo,180,3,4,3,450000,False,Jardim Alvorada
Rua Doutor Martins de Oliveira,São Paulo,300,4,4,2,1290000,False,Jardim Londrina
,São Paulo,750,4,7,4,6900000,False,Jardim Guedala
Rua Teviot,São Paulo,120,2,2,2,1620000,False,Vila Nova Conceição
,São Paulo,190,3,3,2,2290000,False,Vila Nova Conceição
,São Paulo,750,4,7,4,6900000,False,Jardim Guedala
Rua Teviot,São Paulo,120,2,2,2,1620000,False,Vila Nova Conceição
,São Paulo,190,3,3,2,2290000,False,Vila Nova Conceição
Rua Professor Alfredo Ashcar,São Paulo,250,3,5,4,1200000,False,Jardim Leonor
Rua Barão de Juparanã,São Paulo,230,5,5,2,990000,False,Vila Zelina
,São Paulo,391,4,5,4,2850000,False,Vila Madalena
Rua Albertina,São Paulo,440,3,5,5,1780000,False,Tremembé
Travessa Doutor Ezequiel Antunes de Oliveira,São Paulo,170,3,5,3,2400000,False,Vila Nova Conceição
Praça Doutor João Guilherme Flocke,São Paulo,380,7,5,6,3200000,False,Vila Madalena
Rua Laurindo Sbampato,São Paulo,130,3,2,2,660000,False,Vila Guilherme
Rua Santos Dumont,São Paulo,763,5,6,4,3490000,False,Jardim Petrópolis
Rua São Leônidas,São Paulo,232,3,2,3,1000000,False,Santo Amaro
Rua Iraci,São Paulo,136,3,4,3,1800000,False,Jardim Paulistano
Rua dos Franceses,São Paulo,125,3,2,2,1150000,False,Morro dos Ingleses
Rua Madalena,São Paulo,488,4,6,3,2950000,False,Vila Madalena
Rua Murajuba,São Paulo,1530,4,6,6,9890000,False,Alto de Pinheiros
Rua Doutor Roberto Moreira,São Paulo,700,3,8,6,4000000,False,Jardim Leonor
,São Paulo,135,1,2,4,1550000,False,Alto da Lapa
Rua Doutor Fausto de Almeida Prado Penteado,São Paulo,1643,4,5,10,3800000,False,Jardim Sílvia
Rua Professora Sebastiana Silva Minhoto,São Paulo,147,2,3,3,690000,False,Tatuapé
Rua Caropá,São Paulo,192,3,3,2,1600000,False,Vila Madalena
Rua Meru,São Paulo,201,3,3,4,960000,False,Parque da Vila Prudente
Rua Mateus Martins do Prado,São Paulo,158,4,4,2,820000,False,Parque Alves de Lima
Rua Gregório Paes de Almeida,São Paulo,280,3,3,4,2500000,False,Vila Madalena
Rua dos Alcatrazes,São Paulo,1300,5,8,9,10000000,False,Chácara Flora
Rua Ovídio Lopes,São Paulo,125,2,1,1,315000,False,Parque Boturussu
Rua Lourenço de Azevedo,São Paulo,240,3,2,3,1300000,False,Vila Morse
Rua Marcos Lopes,São Paulo,200,5,5,3,3880000,False,Vila Nova Conceição
,São Paulo,300,4,5,7,950000,False,Jardim Camargo Novo
,São Paulo,150,3,2,1,795000,False,Chácara Santo Antônio
Rua Pero Correia,São Paulo,350,6,4,10,1700000,False,Vila Mariana
,São Paulo,440,4,4,2,12000,True,Jardim Santo Amaro
Rua Iramaia,São Paulo,210,4,3,3,2300000,False,Jardim Europa
,São Paulo,514,4,6,6,2800000,False,Jardim dos Estados
Rua Sampaio Vidal,São Paulo,237,3,4,3,3200000,False,Jardim Paulistano
Rua Américo Brasiliense,São Paulo,350,4,6,4,2200000,False,Alto da Boa Vista
Rua Bernardino de Campos,São Paulo,320,3,5,2,1740000,False,Campo Belo
Rua Mestre João,São Paulo,250,4,2,4,800000,False,Jardim Vila Formosa
,São Paulo,130,3,3,2,390000,False,Jardim Planalto
Avenida Comendador Adibo Ares,São Paulo,686,5,6,5,3350000,False,Morumbi
,São Paulo,300,4,6,4,1500000,False,Santana
Rua Professor Nova Gomes,São Paulo,261,3,5,2,1800000,False,Vila Madalena
,São Paulo,390,4,3,4,3500000,False,Pacaembu
Rua José Ubaldo Lomônaco,São Paulo,430,5,6,4,3150000,False,Jardim da Glória
Rua Ícaro Sydow,São Paulo,726,4,6,8,3600000,False,Cidade Jardim
,São Paulo,219,3,3,2,475000,False,Jardim Patente Novo
Praça Sílvio de Almeida,São Paulo,550,4,4,9,20000,True,Pacaembu
Rua Angatuba,São Paulo,380,3,4,2,5600000,False,Pacaembu
Rua Joana Martins Castilho,São Paulo,200,2,2,3,540000,False,Vila Água Funda
,São Paulo,1700,4,7,13,3300000,False,Jardim das Camélias
Rua Miranda Guerra,São Paulo,250,4,4,3,1450000,False,Jardim Petrópolis
,São Paulo,200,2,3,4,1090000,False,Jardim Virginia Bianca
Rua Itatinga,São Paulo,350,4,6,4,3000000,False,Pacaembu
Rua Baguassu,São Paulo,288,3,3,3,1980000,False,Vila Regente Feijó
Rua Dona Germaine Burchard,São Paulo,110,3,1,2,1300000,False,Água Branca
Rua Veraldo José de Souza,São Paulo,200,3,3,2,1650,True,Jardim D'Abril
Rua Luisiania,São Paulo,249,4,5,4,2200000,False,Brooklin Paulista
,São Paulo,244,3,5,2,890000,False,Jardim Morumbi
Rua Pedro Madureira,São Paulo,270,3,3,3,1300000,False,Jardim São Paulo
Rua Bernardino Pinheiro,São Paulo,195,3,1,5,650000,False,Vila Rosaria
Rua Pedro Rodrigues Marques,São Paulo,88,2,3,2,360000,False,Jardim Ana Maria
,São Paulo,273,3,4,3,1600000,False,Jardim Viana
Rua Matias Quevedo,São Paulo,100,2,2,1,300000,False,Conjunto Residencial José Bonifácio
,São Paulo,296,4,4,4,1550000,False,Jardim Franca
Rua Pirituba,São Paulo,120,2,2,2,1000000,False,Mirandópolis
Rua Rodolfo Arena,São Paulo,54,1,1,2,305000,False,Vila Moraes
Alameda dos Anapurus,São Paulo,218,3,3,3,1745000,False,Indianópolis
Rua Leme do Prado,São Paulo,300,3,3,2,1420000,False,Santo Amaro
Rua Manuel Pereira Guimarães,São Paulo,120,5,4,2,3500,True,Granja Julieta
,São Paulo,266,4,3,3,2500000,False,Jardim Célia
Rua Doutor Benedito Matarazzo,São Paulo,160,3,3,3,550000,False,Parque Maria Helena
Rua Desembargador Vicente Penteado,São Paulo,410,4,6,3,5200000,False,Jardim América
Rua Umburanas,São Paulo,370,4,5,4,4100000,False,Alto de Pinheiros
,São Paulo,566,4,7,8,3500000,False,Morumbi
,São Paulo,98,2,1,2,369999,False,Parque Guarani
Rua Conde D'Eu,São Paulo,312,4,3,3,1700000,False,Santo Amaro
Rua das Fiandeiras,São Paulo,300,3,5,2,3900000,False,Vila Olímpia
Rua Juvenal Galeno,São Paulo,280,3,5,7,1389000,False,Jardim da Saúde
Rua Falchi Gianini,São Paulo,120,3,2,3,565000,False,Vila Prudente
Rua Erva Cidreira,São Paulo,160,3,3,2,689900,False,Jardim Vista Linda
Alameda Casa Branca,São Paulo,180,2,1,2,2100000,False,Jardim Paulista
Rua General Fonseca Teles,São Paulo,420,4,6,3,8700000,False,Jardim Paulista
Rua Iraci,São Paulo,136,3,4,3,8000,True,Jardim Paulistano
Rua Aparaó,São Paulo,320,3,4,7,1980000,False,Vila Inah
Rua Saramenha,São Paulo,300,4,4,4,1650000,False,Sumaré
,São Paulo,187,3,1,5,690000,False,Vila Brasilina
,São Paulo,135,3,1,2,589000,False,Vila Antonieta
Rua Honduras,São Paulo,500,4,7,8,29000,True,Jardim Paulista
Rua Backer,São Paulo,248,3,3,2,890000,False,Cambuci
Rua Duartina,São Paulo,345,4,3,6,2800000,False,Sumaré
Rua Estevão Baião,São Paulo,125,2,2,1,600000,False,Vila Congonhas
Rua Professor Athanassof,São Paulo,150,3,2,2,430000,False,Cidade Patriarca
Rua Desembargador do Vale,São Paulo,148,3,2,1,830000,False,Perdizes
Rua Carlos Malheiro Dias,São Paulo,108,3,3,3,598000,False,Vila Pirituba
Avenida Euclides,São Paulo,140,3,2,2,625400,False,Vila Fachini
Rua Murajuba,São Paulo,300,2,4,2,3350000,False,Alto de Pinheiros
,São Paulo,1510,5,5,20,65000000,False,Jardim Europa
,São Paulo,88,2,2,3,470000,False,Vila Ema
Rua Antônio de Gouveia Giudice,São Paulo,340,4,7,3,4250000,False,Alto de Pinheiros
Rua Antônio Carlos de Andrade,São Paulo,136,3,2,3,550000,False,Veleiros
Rua Marjorie Prado,São Paulo,400,4,6,4,1200000,False,Jardim Marajoara
,São Paulo,35,1,1,1,2800,True,Vila Madalena
,São Paulo,520,4,6,4,45000,True,Jardim Europa
Rua Pedro Teixeira,São Paulo,135,3,3,1,1100000,False,Vila Olímpia
,São Paulo,445,2,3,4,1900000,False,Jardim Morumbi
Rua Porto Martins,São Paulo,160,3,1,2,1400000,False,Brooklin Paulista
Rua Ernesto Nazaré,São Paulo,434,4,4,5,3900000,False,Alto de Pinheiros
,São Paulo,270,4,3,2,2995000,False,Vila Nova Conceição
,São Paulo,35,1,1,1,2800,True,Vila Madalena
,São Paulo,520,4,6,4,45000,True,Jardim Europa
Rua Pedro Teixeira,São Paulo,135,3,3,1,1100000,False,Vila Olímpia
,São Paulo,445,2,3,4,1900000,False,Jardim Morumbi
Rua Porto Martins,São Paulo,160,3,1,2,1400000,False,Brooklin Paulista
Rua Ernesto Nazaré,São Paulo,434,4,4,5,3900000,False,Alto de Pinheiros
,São Paulo,270,4,3,2,2995000,False,Vila Nova Conceição
,São Paulo,426,4,7,5,2700000,False,Alto de Pinheiros
,São Paulo,410,3,5,3,4200000,False,Boaçava
,São Paulo,337,4,5,4,2900000,False,Alto de Pinheiros
,São Paulo,160,3,4,2,770000,False,Vila Morse
Avenida Doutor Cardoso de Melo,São Paulo,200,2,1,2,2900000,False,Vila Olímpia
Rua Orlando Chiodi,São Paulo,150,3,2,1,420000,False,Vila Antônio dos Santos
Rua Princesa Leopoldina,São Paulo,150,3,2,4,1500000,False,Alto da Lapa
Rua Geórgia,São Paulo,130,2,5,1,1700000,False,Brooklin Paulista
Rua Januário Miraglia,São Paulo,180,3,1,4,2980000,False,Vila Nova Conceição
Rua das Fiandeiras,São Paulo,300,4,1,2,3900000,False,Vila Olímpia
Rua Januário Cardoso,São Paulo,550,2,4,2,15500000,False,Vila Nova Conceição
Rua Buarque,São Paulo,360,4,6,5,1900000,False,Vila Inah
,São Paulo,328,2,3,2,3500000,False,Itaim Bibi
Rua Dona Ana Helena de Salles Gusmão,São Paulo,363,4,6,4,5600000,False,Jardim Paulistano
Rua Vicente Pereira,São Paulo,600,6,7,6,3800000,False,Barro Branco
,São Paulo,120,3,2,2,585000,False,Conjunto Residencial Vista Verde
Rua General Euclides Figueiredo,São Paulo,550,4,7,3,13000,True,Morumbi
Rua Deodato Saraiva da Silva,São Paulo,300,3,2,1,550000,False,Parque das Paineiras
Rua Adelino Bertoli,São Paulo,274,4,3,2,600000,False,Vila Dom Pedro II
Rua Assungui,São Paulo,500,1,1,1,10000,True,Vila Gumercindo
,São Paulo,150,3,5,8,2000000,False,Jardim Franca
,São Paulo,200,4,4,2,3800,True,Alto da Lapa
,São Paulo,720,4,5,4,4700000,False,Cidade Jardim
Rua Califórnia,São Paulo,117,3,3,1,4500,True,Cidade Monções
Rua Marabá Paulista,São Paulo,115,2,2,1,400000,False,Vila Bancária Munhoz
Rua Comendador Gabriel Calfat,São Paulo,554,4,7,3,2350000,False,Jardim Leonor
Rua Emboabas,São Paulo,400,6,4,6,1950000,False,Brooklin Paulista
Rua Curuzu,São Paulo,216,3,5,3,2500000,False,Alto da Lapa
Rua Doutor Manoel Maria Tourinho,São Paulo,400,3,3,8,5995500,False,Pacaembu
,São Paulo,200,3,3,2,3280000,False,Jardim Paulistano
Avenida Indianópolis,São Paulo,420,4,3,2,12000,True,Indianópolis
,São Paulo,400,4,3,4,2111000,False,Alto de Pinheiros
Rua Gaivota,São Paulo,360,4,6,3,4490000,False,Moema
Avenida Amarilis,São Paulo,840,4,6,8,5797000,False,Cidade Jardim
,São Paulo,290,3,4,4,1950000,False,Jardim Guedala
Rua Banibás,São Paulo,203,3,4,4,2800000,False,Alto de Pinheiros
,São Paulo,764,4,4,6,3500000,False,Morumbi
Rua Afonso José de Carvalho,São Paulo,300,2,1,2,1595000,False,Vila Madalena
Avenida IV Centenário,São Paulo,675,8,6,9,9900000,False,Jardim Luzitânia
Rua Rodrigues Seixas,São Paulo,50,2,1,1,200000,False,Cidade Líder
Rua Mário Whately,São Paulo,200,3,1,3,1280000,False,Alto da Lapa
Rua Senador Vergueiro,São Paulo,380,4,4,8,11000,True,Santo Amaro
,São Paulo,250,4,4,4,1150000,False,Parque São Domingos
Rua Bernardino de Campos,São Paulo,180,3,3,2,900000,False,Campo Belo
Rua Cruzeiro,São Paulo,70,2,2,2,460000,False,Barra Funda
Rua Mauricina,São Paulo,150,2,3,3,1280000,False,Vila Romana
,São Paulo,506,4,5,6,3500000,False,Jardim Leonor
Rua Guararapes,São Paulo,130,3,1,2,1100000,False,Brooklin Paulista
Rua Cerro Corá,São Paulo,98,2,2,1,791000,False,Vila Romana
,São Paulo,430,4,6,4,10800,True,Jardim Guedala
Rua Igaratinga,São Paulo,80,2,2,2,490000,False,Vila Santa Clara
Rua Marco Aurélio,São Paulo,270,3,2,1,950000,False,Vila Romana
Rua Colorado,São Paulo,232,3,2,3,450000,False,Vila Carioca
Rua Itaperuna,São Paulo,380,4,6,3,20000,True,Pacaembu
Alameda dos Indígenas,São Paulo,312,3,3,5,1900000,False,Planalto Paulista
Rua Domingos Furtado Valadares,São Paulo,178,3,4,3,550000,False,Jardim Consórcio
Rua Joaquim Nabuco,São Paulo,200,3,1,4,1600000,False,Brooklin Paulista
,São Paulo,450,3,4,5,3100000,False,Jardim Guedala
,São Paulo,420,4,5,6,1864500,False,Alto da Lapa
Rua Constantino de Sousa,São Paulo,480,6,7,5,7200000,False,Campo Belo
,São Paulo,365,3,5,4,3300000,False,Jardim Guedala
,São Paulo,460,3,4,3,5500000,False,Jardim Luzitânia
Rua Primavera,São Paulo,665,4,4,6,5500000,False,Jardim Paulista
Rua Paulo Rafael,São Paulo,110,2,2,2,480000,False,Vila Hebe
Rua Wanderley,São Paulo,600,6,6,4,2300000,False,Perdizes
Rua Wanderley,São Paulo,600,6,6,4,2300000,False,Perdizes
Rua Álvaro Rodrigues,São Paulo,300,3,2,3,1276600,False,Vila Cordeiro
Rua Doutor João Batista de Lacerda,São Paulo,100,3,1,1,852000,False,Quarta Parada
Rua Jandiro Joaquim Pereira,São Paulo,436,4,5,4,1600000,False,Morumbi
,São Paulo,650,4,7,5,4500000,False,Jardim Guedala
Rua Morais de Barros,São Paulo,140,4,2,8,2020000,False,Campo Belo
Rua General Lecor,São Paulo,106,2,1,1,5000,True,Ipiranga
Rua Antônio Pereira Mendes,São Paulo,251,3,5,5,1450000,False,Jardim Prudência
Avenida Ceci,São Paulo,520,3,1,3,2226000,False,Planalto Paulista
Rua Turiassu,São Paulo,300,8,4,1,2000000,False,Perdizes
Rua Itaperuna,São Paulo,780,4,8,4,11990000,False,Pacaembu
Rua Boquim,São Paulo,235,3,4,6,2240000,False,Vila Ida
Rua Barão de Loreto,São Paulo,180,3,4,2,2000000,False,Vila São José
,São Paulo,323,3,5,6,1270000,False,Vila Albertina
Rua Barão de São Gabriel,São Paulo,361,4,4,4,2500000,False,Bela Aliança
Alameda Álvaro de Morais,São Paulo,208,3,1,5,1400000,False,Planalto Paulista
Rua Visconde de Indaiatuba,São Paulo,320,3,1,3,2128000,False,Alto da Lapa
Rua Judith,São Paulo,146,3,3,1,1500000,False,Vila Madalena
Rua Lomas Valentinas,São Paulo,300,4,4,4,3290000,False,Alto da Lapa
Rua Luisiania,São Paulo,180,3,4,2,1180000,False,Brooklin Paulista
,São Paulo,449,4,5,5,3500000,False,Jardim Guedala
Rua Rocinha,São Paulo,195,4,3,2,1800000,False,Bosque da Saúde
Rua Francisco de Paula Brito,São Paulo,250,3,3,4,2190000,False,Planalto Paulista
Rua Otávio Tarquínio de Souza,São Paulo,300,4,3,3,3000000,False,Campo Belo
Rua Barão do Triunfo,São Paulo,220,2,1,2,1914893,False,Brooklin Paulista
Rua Lourenço Marques,São Paulo,82,3,2,1,1200000,False,Vila Olímpia
Rua dos Macunis,São Paulo,240,3,1,5,1800000,False,Vila Madalena
Rua Francisco Gomes da Silva Prado,São Paulo,257,4,1,4,1100000,False,Bosque da Saúde
Rua Porangaba,São Paulo,200,4,1,4,1332000,False,Bosque da Saúde
Rua Potenji,São Paulo,280,3,2,2,1950000,False,Vila Mariana
Rua Murajuba,São Paulo,439,4,1,3,4200000,False,Alto de Pinheiros
Rua Califórnia,São Paulo,527,4,6,4,9396000,False,Cidade Monções
Rua Maestro Chiaffarelli,São Paulo,260,3,1,4,3900000,False,Jardim Paulista
Praça Doutor Silas Botelho,São Paulo,378,3,3,2,2000000,False,Sumaré
Rua Eunice Weaver,São Paulo,150,3,2,3,1219000,False,Jardim Anália Franco
Rua Mário,São Paulo,212,2,1,2,1200000,False,Vila Romana
,São Paulo,449,4,5,5,3500000,False,Jardim Guedala
Avenida das Magnólias,São Paulo,1574,4,5,4,28000,True,Cidade Jardim
Rua Rocinha,São Paulo,195,4,3,2,1800000,False,Bosque da Saúde
Rua Caramuru,São Paulo,200,4,1,3,1700000,False,Saúde
Rua Francisco de Paula Brito,São Paulo,250,3,3,4,2190000,False,Planalto Paulista
Rua Otávio Tarquínio de Souza,São Paulo,300,4,3,3,3000000,False,Campo Belo
Rua Barão do Triunfo,São Paulo,220,2,1,2,1914893,False,Brooklin Paulista
Rua Lourenço Marques,São Paulo,82,3,2,1,1200000,False,Vila Olímpia
Rua dos Macunis,São Paulo,240,3,1,5,1800000,False,Vila Madalena
Rua Francisco Gomes da Silva Prado,São Paulo,257,4,1,4,1100000,False,Bosque da Saúde
Rua Porangaba,São Paulo,200,4,1,4,1332000,False,Bosque da Saúde
Rua Potenji,São Paulo,280,3,2,2,1950000,False,Vila Mariana
Rua Murajuba,São Paulo,439,4,1,3,4200000,False,Alto de Pinheiros
Rua Califórnia,São Paulo,527,4,6,4,9396000,False,Cidade Monções
Rua Maestro Chiaffarelli,São Paulo,260,3,1,4,3900000,False,Jardim Paulista
Praça Doutor Silas Botelho,São Paulo,378,3,3,2,2000000,False,Sumaré
Rua Eunice Weaver,São Paulo,150,3,2,3,1219000,False,Jardim Anália Franco
Rua Mário,São Paulo,212,2,1,2,1200000,False,Vila Romana
Rua Guaraiúva,São Paulo,300,4,1,4,2000000,False,Cidade Monções
Rua Capitão Garcindo,São Paulo,280,3,3,2,2100000,False,Pacaembu
Alameda dos Apetupás,São Paulo,150,3,1,6,4200000,False,Planalto Paulista
Rua Comendador Júlio Pereira Lopes,São Paulo,380,4,3,5,1350000,False,Jardim da Glória
Rua Abegoaria,São Paulo,350,4,3,4,2250000,False,Jardim das Bandeiras
Rua Camundo,São Paulo,365,7,1,3,1915000,False,Planalto Paulista
Rua Senador César Lacerda Vergueiro,São Paulo,248,4,1,5,3500000,False,Sumarezinho
Rua dos Americanos,São Paulo,150,3,2,1,840000,False,Barra Funda
Rua Coronel Irlandino Sandoval,São Paulo,390,4,1,5,5050000,False,Jardim Paulistano
,São Paulo,153,4,2,2,690000,False,Vila Matilde
Rua Manuel Gaya,São Paulo,113,3,4,2,660000,False,Vila Mazzei
,São Paulo,250,3,3,2,700000,False,Jardim Santo Elias
Rua Brás Lourenço,São Paulo,190,4,3,2,800000,False,Vila Mariana
Rua Diana,São Paulo,122,4,1,1,1000000,False,Perdizes
Rua Conselheiro Brotero,São Paulo,170,3,2,2,745000,False,Barra Funda
Rua Major Alberto Barbosa,São Paulo,125,3,2,2,550000,False,Penha de França
Rua Imbocuí,São Paulo,167,2,2,3,1000000,False,Vila Moreira
,São Paulo,952,4,5,15,30000,True,Vila Morumbi
Rua Professor Nova Gomes,São Paulo,261,3,4,2,1691000,False,Vila Madalena
Rua Aleixo Jorge,São Paulo,150,4,1,2,1500000,False,Sumaré
Rua Heitor de Morais,São Paulo,500,4,4,10,2300000,False,Pacaembu
Rua Peixes,São Paulo,386,3,2,6,295000,False,Jardim Vila Carrão
Rua Dobrada,São Paulo,306,4,1,4,1400000,False,Casa Verde
Rua Comissário Gastão Moutinho,São Paulo,580,3,3,6,2300000,False,Morumbi
,São Paulo,207,3,3,3,1590000,False,Chácara Japonesa
Rua Banibás,São Paulo,396,4,5,4,3800000,False,Alto de Pinheiros
,São Paulo,294,4,6,5,5950000,False,Alto de Pinheiros
Rua Moacir Miguel da Silva,São Paulo,150,3,3,3,900000,False,Jardim Bonfiglioli
Rua Marechal Bitencourt,São Paulo,967,4,5,8,25000000,False,Jardim Paulista
Rua Francisco Dias Velho,São Paulo,200,3,3,2,1310000,False,Vila Cordeiro
Rua Dona Inácia Uchôa,São Paulo,154,3,2,2,850000,False,Vila Mariana
,São Paulo,85,3,3,1,371000,False,Penha de França
Rua França,São Paulo,620,4,3,6,8980000,False,Jardim Europa
,São Paulo,327,4,4,3,2900000,False,Brooklin Paulista
Rua Maestro Chiaffarelli,São Paulo,450,3,3,4,4600000,False,Jardim Paulista
,São Paulo,1060,5,3,4,30000000,False,Jardim Paulista
Rua Décio Reis,São Paulo,430,3,6,4,4800000,False,Alto de Pinheiros
Avenida Diógenes Ribeiro de Lima,São Paulo,509,5,8,6,5320000,False,Alto de Pinheiros
,São Paulo,236,3,3,1,1200000,False,Chácara Inglesa
,São Paulo,459,4,5,5,1900000,False,City América
,São Paulo,130,1,2,1,1880000,False,Pinheiros
Rua Jorge Tibiriçá,São Paulo,181,4,4,4,1990000,False,Vila Mariana
Rua Jarinu,São Paulo,121,2,1,1,695000,False,Cidade Mãe do Céu
Rua Geórgia,São Paulo,230,3,2,2,1500000,False,Brooklin Paulista
,São Paulo,383,4,3,3,3180000,False,Vila Madalena
Rua Araioses,São Paulo,160,4,4,2,1915000,False,Sumarezinho
Rua Ajuricaba,São Paulo,210,4,7,4,1890000,False,Vila Romana
Rua Belmiro Schunk Zenha,São Paulo,127,2,1,2,692000,False,Vila Cordeiro
Rua Embaixador Raul Garcia,São Paulo,111,3,1,2,1100000,False,Bosque da Saúde
Rua Realengo,São Paulo,127,3,2,2,960000,False,Vila Madalena
Rua Sebastião Meira Barros,São Paulo,138,3,2,4,430000,False,Parque Fernanda
Rua Silveira Sampaio,São Paulo,290,4,5,3,2500000,False,Fazenda Morumbi
Rua Sócrates Abrahão,São Paulo,145,3,3,2,768000,False,Parque Munhoz
Avenida Mauro Marques da Silva,São Paulo,166,3,2,6,580000,False,Vila Antônio
Rua Luís Dib Zogaib,São Paulo,825,5,4,6,7000000,False,Morumbi
Rua Silva Prado,São Paulo,365,5,3,4,3300000,False,Alto de Pinheiros
,São Paulo,510,4,5,5,4700000,False,Cidade Jardim
,São Paulo,218,3,6,2,980000,False,Ipiranga
,São Paulo,470,4,6,4,3450000,False,Jardim Guedala
Rua Maria Noschese,São Paulo,350,3,4,6,3100000,False,Jardim Novo Mundo
,São Paulo,750,4,5,6,3500000,False,Morumbi
Rua Doutor José Augusto de Queiroz,São Paulo,315,4,4,3,2850000,False,Cidade Jardim
Rua Bahia,São Paulo,460,6,5,8,5500000,False,Higienópolis
Rua Ibitinga,São Paulo,225,3,5,3,1650000,False,Vila Bertioga
,São Paulo,133,2,3,2,790000,False,Santo Amaro
Rua Januário Cardoso,São Paulo,550,2,4,2,15500000,False,Vila Nova Conceição
Rua Duarte Monis Barreto,São Paulo,600,5,7,6,4800000,False,Jardim dos Estados
,São Paulo,298,4,6,4,3200000,False,Alto de Pinheiros
,São Paulo,700,4,7,10,3000000,False,Jardim Everest
,São Paulo,400,4,3,3,5000000,False,Alto de Pinheiros
Rua Modesto Tavares de Lima,São Paulo,380,4,5,7,10000,True,Butantã
,São Paulo,250,3,3,3,3400000,False,Jardim Luzitânia
Rua Comendador Bichara Moherdauí,São Paulo,600,3,7,4,4500000,False,Jardim Leonor
Avenida Morumbi,São Paulo,480,4,5,6,2800000,False,Morumbi
Rua Nicolau Barreto,São Paulo,177,3,3,2,1500000,False,Vila Cordeiro
Rua Ícaro Sydow,São Paulo,726,4,8,5,3000000,False,Cidade Jardim
Rua General Pereira da Cunha,São Paulo,760,5,10,6,12000000,False,Retiro Morumbi
Rua Lázaro Sousa Martins,São Paulo,195,3,3,3,1300000,False,Água Branca
Rua Eliseu Visconti,São Paulo,780,4,6,3,22000,True,Paineiras do Morumbi
Rua Aecri,São Paulo,285,3,3,2,2700000,False,Vila Madalena
Rua Doutor Jesuíno de Abreu,São Paulo,285,3,5,3,1250000,False,Jardim Morumbi
Rua Manaus,São Paulo,450,3,2,4,1600000,False,Vila Bertioga
,São Paulo,115,3,3,4,370000,False,Vila Londrina
Rua José de Freitas Guimarães,São Paulo,710,4,6,5,45000,True,Pacaembu
,São Paulo,438,4,5,4,3200000,False,Jardim dos Estados
Rua Doutor João Neves Neto,São Paulo,800,4,5,8,6500000,False,Jardim Guedala
,São Paulo,441,4,7,5,3400000,False,Jardim Guedala
Rua Panamá,São Paulo,660,3,5,6,40000,True,Jardim América
Rua Jequitai,São Paulo,274,4,1,2,1350000,False,Indianópolis
Avenida das Magnólias,São Paulo,1915,4,8,25,25000000,False,Cidade Jardim
Rua Nicolau Barreto,São Paulo,177,3,3,2,1500000,False,Vila Cordeiro
Rua Ícaro Sydow,São Paulo,726,4,8,5,3000000,False,Cidade Jardim
Rua General Pereira da Cunha,São Paulo,760,5,10,6,12000000,False,Retiro Morumbi
Rua Lázaro Sousa Martins,São Paulo,195,3,3,3,1300000,False,Água Branca
Rua Eliseu Visconti,São Paulo,780,4,6,3,22000,True,Paineiras do Morumbi
Rua Aecri,São Paulo,285,3,3,2,2700000,False,Vila Madalena
Rua Doutor Jesuíno de Abreu,São Paulo,285,3,5,3,1250000,False,Jardim Morumbi
Rua Manaus,São Paulo,450,3,2,4,1600000,False,Vila Bertioga
,São Paulo,115,3,3,4,370000,False,Vila Londrina
Rua José de Freitas Guimarães,São Paulo,710,4,6,5,45000,True,Pacaembu
,São Paulo,438,4,5,4,3200000,False,Jardim dos Estados
Rua Doutor João Neves Neto,São Paulo,800,4,5,8,6500000,False,Jardim Guedala
,São Paulo,441,4,7,5,3400000,False,Jardim Guedala
Rua Panamá,São Paulo,660,3,5,6,40000,True,Jardim América
Rua Jequitai,São Paulo,274,4,1,2,1350000,False,Indianópolis
Avenida das Magnólias,São Paulo,1915,4,8,25,25000000,False,Cidade Jardim
Rua Araporé,São Paulo,626,4,6,4,4200000,False,Jardim Guedala
Rua Capote Valente,São Paulo,180,3,3,2,2200000,False,Pinheiros
,São Paulo,650,4,6,4,7000000,False,Cidade Jardim
Rua Murupi,São Paulo,700,5,7,4,6900000,False,Alto de Pinheiros
Rua Sílvio Sacramento,São Paulo,100,3,4,1,1120000,False,Pinheiros
Rua Marcelo Mistrorigo,São Paulo,450,5,6,4,6300000,False,Jardim Leonor
Rua Moncorvo Filho,São Paulo,372,4,3,4,2400000,False,Butantã
Rua Marechal Deodoro,São Paulo,500,3,3,10,6000000,False,Santo Amaro
Rua Comandante Lira,São Paulo,432,5,4,4,2500000,False,Vila Inah
Rua Apinajés,São Paulo,343,5,6,4,1190000,False,Sumaré
Rua Doutor Queirós Guimarães,São Paulo,441,3,5,5,3610000,False,Jardim Guedala
,São Paulo,440,3,6,4,4250000,False,Boaçava
Rua Aimberê,São Paulo,120,3,3,1,1180000,False,Perdizes
Rua Angatuba,São Paulo,893,4,5,6,4600000,False,Pacaembu
Rua Marques de Carvalho,São Paulo,100,3,1,4,850000,False,Cidade Mãe do Céu
Rua Gustavo Teixeira,São Paulo,300,3,3,6,2700000,False,Pacaembu
,São Paulo,110,3,3,2,550000,False,Vila Morse
Rua Barão da Passagem,São Paulo,650,4,5,6,15000,True,Bela Aliança
Rua Panamá,São Paulo,950,4,4,6,26000000,False,Jardim América
Rua Boquim,São Paulo,355,4,5,5,2990000,False,Vila Ida
Rua Barão da Passagem,São Paulo,650,4,5,6,15000,True,Bela Aliança
Rua Panamá,São Paulo,950,4,4,6,26000000,False,Jardim América
Rua Boquim,São Paulo,355,4,5,5,2990000,False,Vila Ida
Rua Corgie Assad Abdalla,São Paulo,529,4,5,6,2000000,False,Vila Sônia
Rua Joazeiro,São Paulo,700,3,4,6,3600000,False,Sumaré
Rua Escócia,São Paulo,600,4,4,4,9000000,False,Jardim Europa
Rua Alabastro,São Paulo,129,3,2,3,960000,False,Aclimação
Rua Gaspar Moreira,São Paulo,383,3,1,5,4600000,False,Butantã
,São Paulo,250,2,2,3,650000,False,Vila Santa Maria
Rua Jorge Tibiriçá,São Paulo,175,3,4,4,1650000,False,Vila Mariana
Rua Maestro Jordão Bernardino de Sene,São Paulo,323,3,2,6,2500000,False,Granja Julieta
Rua Hilário Magro Junior,São Paulo,340,3,5,3,2700000,False,Butantã
,São Paulo,684,5,9,8,4200000,False,Jardim Leonor
Rua Doutor Luís Augusto de Queirós Aranha,São Paulo,136,3,2,2,1500000,False,Vila Madalena
Rua Carangola,São Paulo,280,3,3,2,2300000,False,Jardim Guedala
Rua Abegoaria,São Paulo,686,4,4,6,5800000,False,Jardim das Bandeiras
Rua Miranda Montenegro,São Paulo,460,4,5,4,4800000,False,Pinheiros
Avenida São Valério,São Paulo,550,3,6,6,3750000,False,Jardim Guedala
,São Paulo,253,4,5,4,4100000,False,Alto de Pinheiros
Rua Antonina,São Paulo,248,3,4,3,2400000,False,Sumaré
,São Paulo,431,3,4,4,3300000,False,Jardim Guedala
Rua Anunze,São Paulo,410,3,4,3,4300000,False,Boaçava
Rua Dom Macário,São Paulo,110,2,3,2,600000,False,Saúde
Rua Nicolau Jacob Filho,São Paulo,131,3,2,2,985000,False,Perdizes
Rua Décio Reis,São Paulo,600,4,5,4,5500000,False,Alto de Pinheiros
,São Paulo,300,3,4,3,5250000,False,Jardim Luzitânia
Rua Aurélia,São Paulo,117,4,1,2,790000,False,Vila Romana
Rua José de Freitas Guimarães,São Paulo,300,4,4,4,11000,True,Pacaembu
Rua Magalhães de Araújo,São Paulo,729,5,5,8,5500000,False,Jardim Guedala
Rua Ernesto Nazaré,São Paulo,540,4,6,4,5000000,False,Alto de Pinheiros
Rua Senador Otávio Mangabeira,São Paulo,350,5,6,5,2050000,False,Jardim Morumbi
Avenida Piassanguaba,São Paulo,560,6,4,6,2600000,False,Planalto Paulista
Avenida Lineu de Paula Machado,São Paulo,500,4,4,6,3180000,False,Jardim Everest
Rua Janaúba,São Paulo,400,5,4,4,4000000,False,Jardim Panorama D'Oeste
Avenida das Magnólias,São Paulo,550,4,5,4,5400000,False,Cidade Jardim
Rua Puréus,São Paulo,960,4,8,20,4800000,False,Jardim Guedala
Rua Olegário Mariano,São Paulo,670,4,6,8,8000000,False,Jardim Guedala
Rua Dona Salwa Saigh Calfat,São Paulo,660,4,7,6,2500000,False,Vila Tramontano
,São Paulo,230,4,2,7,380000,False,Cidade São Mateus
Rua Décio Reis,São Paulo,430,4,6,4,5000000,False,Alto de Pinheiros
Rua Enrico de Martino,São Paulo,770,5,5,4,5000000,False,Jardim Leonor
Rua Pacobá,São Paulo,639,4,6,4,3500000,False,Jardim Panorama
Rua Alemanha,São Paulo,300,3,5,4,7700000,False,Jardim Europa
Rua dos Tamanás,São Paulo,400,4,4,4,2950000,False,Vila Madalena
Rua Desembargador Ferreira França,São Paulo,595,4,5,8,9000000,False,Alto de Pinheiros
Avenida Miruna,São Paulo,178,2,3,2,1890000,False,Indianópolis
,São Paulo,247,3,6,2,1500000,False,Paraíso
Rua das Açucenas,São Paulo,483,4,4,4,5400000,False,Cidade Jardim
Rua Engenheiro Sá Rocha,São Paulo,580,4,5,5,4750000,False,Vila Ida
Rua Professor Filadelfo Azevedo,São Paulo,275,3,4,7,3600000,False,Vila Nova Conceição
Rua Umburanas,São Paulo,450,4,7,2,4200000,False,Alto de Pinheiros
Alameda dos Guaiases,São Paulo,790,5,5,7,4300000,False,Indianópolis
Rua Fernão do Porto,São Paulo,180,3,3,4,1180000,False,Vila Progredior
Rua Los Ângeles,São Paulo,290,4,3,2,1300000,False,Cidade Monções
,São Paulo,210,3,4,4,954000,False,Tucuruvi
Rua Inhambú,São Paulo,260,3,5,2,1930000,False,Vila Uberabinha
Rua Doutor Manuel Carlos de Figueiredo Ferraz,São Paulo,430,4,5,3,3500000,False,Jardim Morumbi
Rua Campo Verde,São Paulo,554,4,6,4,45000,True,Jardim Europa
Rua Cardoso de Almeida,São Paulo,350,4,5,5,2580000,False,Perdizes
Rua Conde D'Eu,São Paulo,500,4,4,6,4150000,False,Santo Amaro
Rua Mário Gonçalves de Oliveira,São Paulo,650,4,5,8,15000,True,Fazenda Morumbi
Alameda Tirió,São Paulo,653,4,3,8,3390000,False,Planalto Paulista
Rua Olegário Mariano,São Paulo,542,3,5,6,3200000,False,Jardim Guedala
Rua Alaor Bronzone,São Paulo,130,3,2,2,430000,False,Jardim Casablanca
Rua dos Limantos,São Paulo,700,3,3,4,15000,True,Cidade Jardim
Rua Guararapes,São Paulo,426,3,5,7,6200000,False,Lapa
,São Paulo,1057,5,7,7,26500000,False,Cidade Jardim
Rua Endê,São Paulo,593,5,4,5,6400000,False,Vila Madalena
Rua Alves de Almeida,São Paulo,114,2,1,1,380000,False,Chácara Belenzinho
Rua dos Tamanás,São Paulo,300,3,4,4,3500000,False,Vila Madalena
Rua Guilherme Moura,São Paulo,339,5,4,4,3100000,False,Vila Madalena
Rua Doutor Acácio Nogueira,São Paulo,500,3,5,6,3700000,False,Pacaembu
Rua João Alexandre Rochadel,São Paulo,242,3,3,3,2250000,False,Brooklin Paulista
,São Paulo,349,3,4,6,3100000,False,Jardim Leonor
Rua Canadá,São Paulo,675,4,5,6,27000000,False,Jardim América
Rua Gália,São Paulo,934,4,7,4,9000000,False,Jardim Everest
Rua José Cola Grossi,São Paulo,300,4,4,4,1500000,False,Jardim Leonor
Rua Magalhães de Araújo,São Paulo,550,4,5,4,3600000,False,Jardim Guedala
Rua Joaquim Nabuco,São Paulo,647,5,2,5,3400000,False,Brooklin Paulista
Rua Plínio Salgado,São Paulo,260,4,6,2,1279000,False,Jardim Peri Peri
Avenida Comendador Adibo Ares,São Paulo,772,4,6,8,4100000,False,Morumbi
Rua Flávio Queirós Morais,São Paulo,454,3,5,5,2800000,False,Pacaembu
,São Paulo,115,2,3,2,536000,False,Vila Bertioga
Rua Urias de Figueiredo,São Paulo,697,4,5,6,4800000,False,Jardim Cordeiro
Rua Guararapes,São Paulo,170,3,5,5,1880000,False,Lapa
Avenida George Saville Dodd,São Paulo,550,4,5,8,20000,True,Jardim Guedala
Praça Renzo Pagliari,São Paulo,1000,4,4,10,45000,True,Cidade Jardim
Rua Albertina de Oliveira Godinho,São Paulo,669,5,6,5,6300000,False,Jardim Guedala
Rua Cardeal Cagliori,São Paulo,399,3,5,8,16000,True,Alto de Pinheiros
,São Paulo,380,3,3,5,6500000,False,Jardim Paulista
,São Paulo,200,3,5,3,1485000,False,Vila Cláudia
,São Paulo,397,4,3,4,3300000,False,Alto de Pinheiros
Avenida Nossa Senhora da Assunção,São Paulo,140,3,2,2,850000,False,Vila Butantã
,São Paulo,480,3,4,5,2950000,False,Butantã
Rua Aperca,São Paulo,610,3,3,5,3800000,False,Boaçava
Rua Desembargador Ferreira França,São Paulo,454,4,5,6,8000000,False,Alto de Pinheiros
Praça Coronel Bonfim de Andrade,São Paulo,780,5,6,4,5000000,False,Jardim Guedala
,São Paulo,418,4,5,3,4100000,False,Alto de Pinheiros
Rua Professor Luciano Gualberto,São Paulo,1200,6,6,7,9000000,False,Jardim Morumbi
,São Paulo,180,3,6,3,800000,False,Vila Inah
Rua Leonor Quadros,São Paulo,900,4,3,4,9000000,False,Vila Tramontano
Rua Desembargador Ulisses Dória,São Paulo,565,4,6,5,4300000,False,Jardim Sílvia
Rua Doutor João Dalmácio Azevedo,São Paulo,1100,4,5,14,14000000,False,Cidade Jardim
Rua Geórgia,São Paulo,280,2,4,3,1710000,False,Brooklin Paulista
Rua Silveira Sampaio,São Paulo,1000,5,4,4,35000,True,Fazenda Morumbi
Rua Almirante Soares Dutra,São Paulo,236,3,4,3,2900000,False,Morumbi
Rua Feliciano Maia,São Paulo,452,5,5,8,35000,True,Jardim Paulista
Rua Cardeal Cagliori,São Paulo,550,4,5,8,3350000,False,Alto de Pinheiros
Avenida George Saville Dodd,São Paulo,550,4,5,8,20000,True,Jardim Guedala
Praça Renzo Pagliari,São Paulo,1000,4,4,10,45000,True,Cidade Jardim
Rua Albertina de Oliveira Godinho,São Paulo,669,5,6,5,6300000,False,Jardim Guedala
Rua Cardeal Cagliori,São Paulo,399,3,5,8,16000,True,Alto de Pinheiros
,São Paulo,380,3,3,5,6500000,False,Jardim Paulista
,São Paulo,200,3,5,3,1485000,False,Vila Cláudia
,São Paulo,397,4,3,4,3300000,False,Alto de Pinheiros
Avenida Nossa Senhora da Assunção,São Paulo,140,3,2,2,850000,False,Vila Butantã
,São Paulo,480,3,4,5,2950000,False,Butantã
Rua Aperca,São Paulo,610,3,3,5,3800000,False,Boaçava
Rua Desembargador Ferreira França,São Paulo,454,4,5,6,8000000,False,Alto de Pinheiros
Praça Coronel Bonfim de Andrade,São Paulo,780,5,6,4,5000000,False,Jardim Guedala
,São Paulo,418,4,5,3,4100000,False,Alto de Pinheiros
Rua Professor Luciano Gualberto,São Paulo,1200,6,6,7,9000000,False,Jardim Morumbi
,São Paulo,180,3,6,3,800000,False,Vila Inah
Rua Leonor Quadros,São Paulo,900,4,3,4,9000000,False,Vila Tramontano
Rua Desembargador Ulisses Dória,São Paulo,565,4,6,5,4300000,False,Jardim Sílvia
Rua dos Tamanás,São Paulo,110,1,1,3,3950000,False,Vila Madalena
Rua Doutor João Dalmácio Azevedo,São Paulo,1100,4,5,14,14000000,False,Cidade Jardim
Rua Geórgia,São Paulo,280,2,4,3,1710000,False,Brooklin Paulista
Rua Silveira Sampaio,São Paulo,1000,5,4,4,35000,True,Fazenda Morumbi
Rua Almirante Soares Dutra,São Paulo,236,3,4,3,2900000,False,Morumbi
Rua Feliciano Maia,São Paulo,452,5,5,8,35000,True,Jardim Paulista
Rua Cardeal Cagliori,São Paulo,550,4,5,8,3350000,False,Alto de Pinheiros
,São Paulo,377,5,5,6,1850000,False,Morumbi
Rua Aurélio Arrobas Martins,São Paulo,500,4,3,3,1900000,False,Interlagos
Rua Noruega,São Paulo,540,4,4,4,25000,True,Jardim Europa
Rua Galofre,São Paulo,300,3,5,2,3600000,False,Jardim Vila Mariana
Rua Miranda Guerra,São Paulo,900,4,6,12,30000,True,Jardim Petrópolis
Rua Umburanas,São Paulo,370,4,5,4,4100000,False,Alto de Pinheiros
Avenida das Magnólias,São Paulo,482,4,6,6,2400000,False,Cidade Jardim
,São Paulo,545,4,4,5,4100000,False,Alto de Pinheiros
Rua Banibás,São Paulo,665,3,8,6,5900000,False,Alto de Pinheiros
Rua Alemanha,São Paulo,550,4,5,4,15000000,False,Jardim Europa
Rua Laboriosa,São Paulo,390,4,4,3,3200000,False,Vila Madalena
,São Paulo,587,4,7,6,3200000,False,Jardim Cordeiro
Rua Aurelia Perez Alvarez,São Paulo,780,5,4,6,4800000,False,Jardim dos Estados
Viaduto Santa Generosa,São Paulo,401,4,1,4,4250000,False,Paraíso
Rua Feliciano Maia,São Paulo,600,4,4,3,11000000,False,Jardim Paulista
Rua Sampaio Viana,São Paulo,227,6,6,6,5900000,False,Paraíso
,São Paulo,680,4,2,4,4650000,False,Jardim Guedala
Rua Tomé Portes,São Paulo,500,4,6,4,2500000,False,Brooklin Paulista
Rua Marechal,do,360,4,4,4,1800000,False,
Rua Santa Cristina,São Paulo,210,2,1,1,3700000,False,Jardim Paulistano
Rua Polônia,São Paulo,667,5,4,3,10600000,False,Jardim Europa
Rua Aperca,São Paulo,944,6,7,8,7500000,False,Boaçava
Rua Eduardo,São Paulo,359,3,5,3,2700000,False,Vila Albertina
Rua Professor Luciano Gualberto,São Paulo,600,4,3,2,3500000,False,Jardim Morumbi
Rua dos Escultores,São Paulo,200,3,3,2,3000000,False,Boaçava
Rua Campos,São Paulo,700,3,7,4,15000,True,Vila Inah
Rua Doutor Manoel Maria Tourinho,São Paulo,800,4,7,3,4500000,False,Pacaembu
Rua Açaré,São Paulo,215,3,3,3,2240000,False,Alto de Pinheiros
Rua Comendador Bichara Moherdauí,São Paulo,1000,3,4,4,5500000,False,Jardim Leonor
,São Paulo,635,5,8,8,3800000,False,Jardim Leonor
Viela Um,São Paulo,510,5,3,7,3200000,False,Jardim Peri
Rua Miralta,São Paulo,534,4,5,4,5500000,False,Alto de Pinheiros
Rua Stefan Marek Neuding,São Paulo,780,4,6,8,40000,True,Jardim Sílvia
Avenida Olavo Egídio de Souza Aranha,São Paulo,180,2,3,8,450000,False,Parque Císper
Rua General Fonseca Teles,São Paulo,430,4,7,4,7500000,False,Jardim Paulista
Rua Zequinha de Abreu,São Paulo,415,4,2,6,2500000,False,Pacaembu
Rua das Barcas,São Paulo,600,4,7,6,3300000,False,Jardim dos Estados
Rua Buarque,São Paulo,500,5,6,6,3500000,False,Vila Inah
,São Paulo,400,4,5,3,2800000,False,Jardim Leonor
Rua Carlos Pedrell,São Paulo,250,3,3,2,636000,False,Parque Ipê
Rua Doutor Abelardo Vergueiro César,São Paulo,580,6,4,5,10000,True,Vila Alexandria
Rua Demóstenes,São Paulo,253,3,3,4,1950000,False,Campo Belo
Rua Doutor Queirós Guimarães,São Paulo,680,5,6,4,35000,True,Jardim Guedala
Rua Conselheiro Zacarias,São Paulo,250,3,2,6,7000000,False,Jardim Paulista
Rua Sílvio Portugal,São Paulo,600,4,4,2,4500000,False,Pacaembu
Rua Ceará,São Paulo,420,4,7,5,20000,True,Consolação
Rua Professor Luciano Gualberto,São Paulo,600,5,5,6,5900000,False,Jardim Morumbi
Rua Pacobá,São Paulo,751,4,4,6,3500000,False,Jardim Panorama
Rua Professor Tranquilli,São Paulo,60,1,1,1,2100,True,Vila Mariana
Rua Laura Vicuna,São Paulo,404,4,5,3,3030000,False,Vila Ida
,São Paulo,431,6,5,3,3300000,False,Vila Madalena
Rua Bacopari,São Paulo,415,5,6,4,3800000,False,Boaçava
Rua Prudente Correia,São Paulo,900,4,8,12,30000000,False,Jardim Europa
Rua Grécia,São Paulo,358,3,5,3,4000000,False,Jardim Europa
Rua Grécia,São Paulo,334,3,4,3,6400000,False,Jardim Europa
Avenida Diógenes Ribeiro de Lima,São Paulo,509,5,6,5,6500000,False,Alto de Pinheiros
Rua Antônio Splendore,São Paulo,290,3,5,4,2050000,False,Interlagos
Rua Leonardo Nardez,São Paulo,240,3,2,2,3200000,False,Vila Nova Conceição
Rua Sargento Gilberto Marcondes Machado,São Paulo,1005,4,5,10,6500000,False,Paineiras do Morumbi
Rua Inocêncio Nogueira,São Paulo,600,5,6,4,3800000,False,Cidade Jardim
,São Paulo,920,5,5,10,5200000,False,Cidade Jardim
Largo Mestre de Aviz,São Paulo,360,3,4,2,6000000,False,Jardim Luzitânia
Rua Antônio de Gouveia Giudice,São Paulo,450,4,5,2,3450000,False,Alto de Pinheiros
Rua François Clovet,São Paulo,350,3,2,4,3000000,False,Vila Madalena
Rua Sílvia Celeste de Campos,São Paulo,419,3,6,2,3800000,False,Alto de Pinheiros
Rua Nebraska,São Paulo,337,3,4,4,4500000,False,Brooklin Novo
Rua Evezu,São Paulo,243,3,3,4,1900000,False,Vila Madalena
Avenida Comendador Adibo Ares,São Paulo,450,4,5,6,1800000,False,Morumbi
Rua Joaquim Nabuco,São Paulo,160,3,4,4,2350000,False,Brooklin Paulista
,São Paulo,650,3,3,5,3950000,False,Morumbi
Rua das Zínias,São Paulo,550,5,3,4,25000,True,Cidade Jardim
Rua Cardeal Arcoverde,São Paulo,130,4,2,1,5900,True,Pinheiros
Rua Alasca,São Paulo,651,5,6,8,20000000,False,Jardim América
Rua Comandante Ismael Guilherme,São Paulo,380,3,6,5,5500000,False,Jardim Luzitânia
Rua Pirandello,São Paulo,480,5,6,6,15000,True,Brooklin Paulista
Rua Doutor Flávio Américo Maurano,São Paulo,500,4,6,3,3180000,False,Fazenda Morumbi
Rua Visconde de Porto Seguro,São Paulo,570,4,4,5,20000,True,Jardim dos Estados
Avenida George Saville Dodd,São Paulo,750,6,7,4,10500000,False,Jardim Guedala
Avenida Pacaembu,São Paulo,405,4,3,4,4000000,False,Pacaembu
Rua Jaguanambi,São Paulo,580,3,4,4,20000,True,Cidade Jardim
Rua João Batista Cardoso,São Paulo,550,4,7,4,4500000,False,Vila Madalena
Rua Barajuba,São Paulo,350,4,4,4,3750000,False,Alto de Pinheiros
Rua Jacunda,São Paulo,470,4,6,4,3800000,False,Jardim Panorama
Rua Antônio de Macedo Soares,São Paulo,471,3,6,6,2800000,False,Campo Belo
Avenida Diógenes Ribeiro de Lima,São Paulo,509,5,6,5,6500000,False,Alto de Pinheiros
Rua Antônio Splendore,São Paulo,290,3,5,4,2050000,False,Interlagos
Rua Leonardo Nardez,São Paulo,240,3,2,2,3200000,False,Vila Nova Conceição
Rua Sargento Gilberto Marcondes Machado,São Paulo,1005,4,5,10,6500000,False,Paineiras do Morumbi
Rua Inocêncio Nogueira,São Paulo,600,5,6,4,3800000,False,Cidade Jardim
,São Paulo,920,5,5,10,5200000,False,Cidade Jardim
Largo Mestre de Aviz,São Paulo,360,3,4,2,6000000,False,Jardim Luzitânia
Rua Tingui,São Paulo,418,4,5,4,2850000,False,Vila Inah
Rua Antônio de Gouveia Giudice,São Paulo,450,4,5,2,3450000,False,Alto de Pinheiros
Rua François Clovet,São Paulo,350,3,2,4,3000000,False,Vila Madalena
Rua Sílvia Celeste de Campos,São Paulo,419,3,6,2,3800000,False,Alto de Pinheiros
Rua Nebraska,São Paulo,337,3,4,4,4500000,False,Brooklin Novo
Rua Evezu,São Paulo,243,3,3,4,1900000,False,Vila Madalena
Avenida Comendador Adibo Ares,São Paulo,450,4,5,6,1800000,False,Morumbi
Rua Joaquim Nabuco,São Paulo,160,3,4,4,2350000,False,Brooklin Paulista
,São Paulo,650,3,3,5,3950000,False,Morumbi
Rua das Zínias,São Paulo,550,5,3,4,25000,True,Cidade Jardim
Rua Cardeal Arcoverde,São Paulo,130,4,2,1,5900,True,Pinheiros
Rua Alasca,São Paulo,651,5,6,8,20000000,False,Jardim América
Rua Comandante Ismael Guilherme,São Paulo,380,3,6,5,5500000,False,Jardim Luzitânia
Rua Pirandello,São Paulo,480,5,6,6,15000,True,Brooklin Paulista
Rua Doutor Flávio Américo Maurano,São Paulo,500,4,6,3,3180000,False,Fazenda Morumbi
,São Paulo,563,4,5,6,2900000,False,Jardim Guedala
Rua Visconde de Porto Seguro,São Paulo,570,4,4,5,20000,True,Jardim dos Estados
Avenida George Saville Dodd,São Paulo,750,6,7,4,10500000,False,Jardim Guedala
Avenida Pacaembu,São Paulo,405,4,3,4,4000000,False,Pacaembu
Rua Jaguanambi,São Paulo,580,3,4,4,20000,True,Cidade Jardim
Rua João Batista Cardoso,São Paulo,550,4,7,4,4500000,False,Vila Madalena
Rua Barajuba,São Paulo,350,4,4,4,3750000,False,Alto de Pinheiros
Rua Jacunda,São Paulo,470,4,6,4,3800000,False,Jardim Panorama
Rua Antônio de Macedo Soares,São Paulo,471,3,6,6,2800000,False,Campo Belo
Rua Carpina,São Paulo,735,5,5,7,14000000,False,Jardim Everest
Rua Coronel Mendonça,São Paulo,140,2,3,6,700000,False,Chácara Santo Antônio
Rua Muribeca,São Paulo,420,4,3,3,4000000,False,Cidade Jardim
,São Paulo,711,4,5,3,3500000,False,Jardim Everest
,São Paulo,497,3,5,4,3000000,False,Jardim Guedala
Rua Doutor Alberto da Silveira,São Paulo,490,2,4,4,5880000,False,Cidade Jardim
Rua Escócia,São Paulo,554,4,6,4,10400000,False,Jardim Europa
Praça Tcheco,São Paulo,140,3,3,3,950000,False,Alto da Lapa
Rua Gonçalves Ferreira,São Paulo,120,2,1,2,380000,False,Parque São Rafael
Rua Desembargador Joaquim Barbosa de Almeida,São Paulo,392,4,4,3,20000,True,Alto de Pinheiros
,São Paulo,534,6,7,7,4300000,False,Fazenda Morumbi
Rua Acarituba,São Paulo,432,4,4,4,2900000,False,Santo Amaro
Rua Maracaibo,São Paulo,497,3,7,4,2490000,False,Jardim Everest
Rua Jurandá,São Paulo,280,2,3,2,2400000,False,Sumarezinho
Rua Marcondésia,São Paulo,800,4,6,5,65000,True,Chácara Monte Alegre
,São Paulo,317,3,3,5,4900000,False,Alto de Pinheiros
,São Paulo,420,5,5,4,4650000,False,Alto de Pinheiros
Rua Capivarinhas,São Paulo,379,4,6,4,3900000,False,Alto de Pinheiros
,São Paulo,507,5,9,4,3600000,False,Vila Madalena
Praça Silveira Santos,São Paulo,490,4,4,5,3150000,False,Alto de Pinheiros
Rua Campo Verde,São Paulo,880,6,7,10,15000000,False,Jardim Europa
Rua Luís Dib Zogaib,São Paulo,650,3,6,4,4000000,False,Morumbi
Rua Luís Dib Zogaib,São Paulo,740,4,6,6,5500000,False,Morumbi
Rua Campo Verde,São Paulo,590,4,4,4,7000000,False,Jardim Europa
Avenida Vicente Paiva,São Paulo,360,3,4,2,2800000,False,Vila Progredior
Rua Cuevas,São Paulo,650,4,6,6,3500000,False,Lapa
Rua Murupi,São Paulo,536,3,4,4,5100000,False,Alto de Pinheiros
Rua Bandeirante Sampaio Soares,São Paulo,850,6,11,4,10000000,False,Vila Morumbi
Rua Desembargador Carneiro Lacerda,São Paulo,351,4,6,3,4250000,False,Jardim Luzitânia
Avenida Ireré,São Paulo,271,4,4,3,1300000,False,Planalto Paulista
Rua dos Manacás,São Paulo,570,4,6,4,3200000,False,Cidade Jardim
Rua Veneza,São Paulo,420,4,4,2,3800000,False,Jardim Paulista
Rua Francisco Assis Garrido,São Paulo,170,4,2,6,730000,False,Jardim São Luís
Rua Décio Reis,São Paulo,281,4,3,4,2500000,False,Alto de Pinheiros
Rua Dona Balduína,São Paulo,196,4,5,3,3200000,False,Sumaré
Rua Doutor Manuel Carlos de Figueiredo Ferraz,São Paulo,1200,5,5,6,30000,True,Jardim Morumbi
Rua Gregório Paes de Almeida,São Paulo,700,4,5,12,7000000,False,Vila Madalena
Rua Bernardino de Campos,São Paulo,340,3,4,5,2660000,False,Campo Belo
Rua Comissário Gastão Moutinho,São Paulo,1000,4,6,6,5500000,False,Morumbi
Rua Professor Nicolau Moraes Barros,São Paulo,709,4,6,6,12500000,False,Jardim das Bandeiras
Rua Murajuba,São Paulo,439,4,5,4,4200000,False,Alto de Pinheiros
Rua Barão da Passagem,São Paulo,390,3,3,3,2890000,False,Bela Aliança
Rua Fernandes Borges,São Paulo,984,5,6,6,8000000,False,Jardim Paulista
Rua Pianú,São Paulo,560,6,6,8,3000000,False,Vila Ida
Rua Araporé,São Paulo,443,4,4,7,2300000,False,Jardim Guedala
Rua São Benedito,São Paulo,360,4,2,2,7500000,False,Santo Amaro
Rua Francisco Teles Dourado,São Paulo,293,4,4,4,1395000,False,Jardim Prudência
,São Paulo,63,2,3,2,330000,False,Cidade Patriarca
Rua Professor Miguel Maurício da Rocha,São Paulo,600,4,3,4,2400000,False,Brooklin Paulista
Rua Professor Luiz Oliani,São Paulo,1100,4,9,18,60000,True,Morumbi
Rua Macau,São Paulo,480,4,5,5,4900000,False,Jardim Luzitânia
Rua Raul Devesa,São Paulo,146,3,2,2,1150000,False,Perdizes
Rua Corumbá,São Paulo,380,4,6,4,6450000,False,Sumaré
Avenida Diógenes Ribeiro de Lima,São Paulo,439,3,5,6,3100000,False,Alto de Pinheiros
Rua Barão de Campos Gerais,São Paulo,498,4,4,7,2500000,False,Real Parque
,São Paulo,495,4,4,10,18000,True,Alto de Pinheiros
Rua Monsanto,São Paulo,400,4,5,6,2800000,False,Pinheiros
Rua Doutor Jesuíno de Abreu,São Paulo,365,4,3,7,1400000,False,Jardim Morumbi
Rua dos Escultores,São Paulo,840,4,7,5,15000000,False,Boaçava
,São Paulo,699,4,4,6,3300000,False,Morumbi
Rua Aramanaí,São Paulo,431,6,4,3,3300000,False,Vila Madalena
Avenida Moaci,São Paulo,380,3,6,4,1690000,False,Planalto Paulista
Rua Enrico de Martino,São Paulo,520,4,7,3,2250000,False,Jardim Leonor
Rua Laplace,São Paulo,320,5,7,6,3400000,False,Brooklin Paulista
Rua Helvídio Gouvêia,São Paulo,90,2,1,2,439998,False,Mandaqui
Rua Noruega,São Paulo,877,4,6,8,15500000,False,Jardim Europa
,São Paulo,358,5,7,5,3500000,False,Alto de Pinheiros
Praça Senador José Roberto Leite Penteado,São Paulo,330,4,2,4,2100000,False,Lapa
Rua Sanharó,São Paulo,900,5,6,10,5800000,False,Jardim Guedala
Rua Maestro Antão Fernandes,São Paulo,440,2,7,8,6800000,False,Jardim São Bento
Rua Breno Pinheiro,São Paulo,460,4,4,4,1280000,False,Jardim Morumbi
,São Paulo,120,2,1,2,390000,False,Jardim Santa Maria
Rua Ernesto Nazaré,São Paulo,650,3,4,3,3950000,False,Alto de Pinheiros
Rua Cordeiro Galvão,São Paulo,400,4,4,3,3300000,False,Vila Madalena
Rua Pau,Brasil,553,3,7,4,6750000,False,
Rua Caramimuã,São Paulo,700,6,6,6,6890000,False,Vila Ida
Rua Puréus,São Paulo,591,5,5,4,4500000,False,Jardim Guedala
Rua Simpatia,São Paulo,600,4,5,5,3700000,False,Jardim das Bandeiras
,São Paulo,350,4,5,5,3900000,False,Alto de Pinheiros
Rua Traipu,São Paulo,260,4,3,2,2200000,False,Pacaembu
Avenida Bagiru,São Paulo,358,4,4,4,3350000,False,Boaçava
Rua Conselheiro Zacarias,São Paulo,420,4,5,6,6800000,False,Jardim Paulista
Rua Rumaica,São Paulo,180,3,3,3,1650000,False,Vila Ipojuca
Rua Maestro Elias Lobo,São Paulo,500,6,3,5,4900000,False,Jardim Paulista
Rua Santa Judite,São Paulo,630,3,4,3,5000000,False,Jardim Guedala
Rua Gustavo Teixeira,São Paulo,420,4,3,6,3600000,False,Pacaembu
Rua Diogo Pereira,São Paulo,359,4,4,3,17000,True,Super Quadra Morumbi
,São Paulo,440,4,3,8,3990000,False,Chácara Monte Alegre
Rua Francisco Olandim,São Paulo,212,3,4,3,5500,True,São João Clímaco
,São Paulo,686,5,8,8,6000000,False,Vila Morumbi
,São Paulo,500,4,5,3,50000,True,Jardim Europa
Rua Doutor Cristiano de Sousa,São Paulo,454,3,4,6,3800000,False,Jardim Leonor
Rua Pascoal Vita,São Paulo,470,5,4,8,3500000,False,Vila Madalena
Rua Adalívia de Toledo,São Paulo,303,3,4,4,2700000,False,Paineiras do Morumbi
,São Paulo,522,5,6,12,5500000,False,Alto de Pinheiros
Rua Tefé,São Paulo,510,4,3,2,2300000,False,Sumaré
Rua Guaçu,São Paulo,470,3,3,4,4200000,False,Sumaré
Rua José Clemente,São Paulo,400,2,6,6,6400000,False,Jardim Paulista
Rua Itápolis,São Paulo,330,4,5,3,2970000,False,Pacaembu
Rua Aquiramum,São Paulo,560,4,4,4,4500000,False,Alto de Pinheiros
Rua Grumete Sandoval Santos,São Paulo,414,4,3,4,1490000,False,Morumbi
Rua Hollywood,São Paulo,200,1,1,3,14000,True,Cidade Monções
,São Paulo,850,5,5,6,70000,True,Jardim América
Rua Carangola,São Paulo,800,4,6,8,6100000,False,Jardim Guedala
,São Paulo,300,4,2,3,1200000,False,Parque Continental
Rua Comandante Ismael Guilherme,São Paulo,731,4,8,4,8000000,False,Jardim Luzitânia
,São Paulo,594,4,4,7,2820000,False,Jardim Leonor
Praça Silveira Santos,São Paulo,570,4,7,9,3290000,False,Alto de Pinheiros
Rua Gibraltar,São Paulo,120,2,1,1,579000,False,Santo Amaro
Rua Trinta e Um de Março,São Paulo,440,3,7,4,15000,True,Fazenda Morumbi
Rua Argentina,São Paulo,880,3,5,10,65000,True,Jardim América
Rua Ituiutaba,São Paulo,168,4,2,2,1290000,False,Ipiranga
Rua Cássio Martins Vilaça,São Paulo,287,4,7,4,3000000,False,Pacaembu
,São Paulo,542,4,4,6,2250000,False,Jardim Guedala
Rua Janaúba,São Paulo,369,4,4,4,4350000,False,Jardim Panorama D'Oeste
Alameda Uapixana,São Paulo,380,4,4,9,2820000,False,Indianópolis
,São Paulo,660,3,7,8,14000000,False,Jardim Europa
Rua Manuel de Góis,São Paulo,460,5,4,3,1800000,False,Jardim Guedala
Rua Groenlândia,São Paulo,700,5,3,5,7500000,False,Jardim América
Rua Comendador Bichara Moherdauí,São Paulo,635,5,8,4,3800000,False,Jardim Leonor
Rua Açaraí,São Paulo,689,6,4,8,4200000,False,Jardim Guedala
Rua Boytac,São Paulo,550,4,3,6,5300000,False,Cidade Jardim
Rua Doutor Carlos Norberto de Souza Aranha,São Paulo,760,6,4,6,8500000,False,Alto de Pinheiros
Rua Manduri,São Paulo,350,3,5,4,5800000,False,Jardim Paulistano
Rua Luiz Galhanone,São Paulo,300,4,4,3,2597000,False,Jardim Viana
Rua Joaquim Cândido de Azevedo Marques,São Paulo,495,4,6,4,2100000,False,Vila Morumbi
Rua José de Freitas Guimarães,São Paulo,400,3,4,4,2200000,False,Pacaembu
Rua Atenas,São Paulo,300,2,4,5,15000,True,Jardim Europa
Rua Luiz Galhanone,São Paulo,780,4,4,6,5000000,False,Jardim Viana
Rua Antônio de Gouveia Giudice,São Paulo,291,3,4,3,3900000,False,Alto de Pinheiros
Rua Oliveira Lima,São Paulo,189,3,3,2,3500,True,Cambuci
Rua Doutor Fausto de Almeida Prado Penteado,São Paulo,1643,4,5,10,4500000,False,Jardim Sílvia
,São Paulo,230,5,3,2,590000,False,Vila Sílvia
Rua Manduri,São Paulo,400,4,3,3,6300000,False,Jardim Paulistano
Rua Paris,São Paulo,230,1,3,3,2200000,False,Sumaré
Rua Catalão,São Paulo,300,4,7,5,2500000,False,Sumaré
,São Paulo,956,5,6,6,49500,True,Jardim Everest
,São Paulo,648,5,6,2,2300000,False,Fazenda Morumbi
Rua Timburiba,São Paulo,280,5,4,5,3000000,False,Vila Mariana
,São Paulo,523,4,5,7,3900000,False,Jardim Guedala
,São Paulo,700,4,6,6,34000,True,Santo Amaro
Rua Managua,São Paulo,1000,5,8,7,10000000,False,Jardim Everest
Rua Breves,São Paulo,319,4,4,4,2100000,False,Chácara Monte Alegre
,São Paulo,450,6,3,7,2600000,False,Jardim Morumbi
Rua Manuel de Góis,São Paulo,933,4,5,9,8500000,False,Jardim Guedala
Rua Lino Coutinho,São Paulo,181,2,3,1,480000,False,Ipiranga
Rua Dom João V,São Paulo,145,3,3,2,1175000,False,Lapa
Travessa Antônio Augusto Monteiro de Barros Neto,São Paulo,106,2,1,2,600000,False,Real Parque
Rua Coronel Irlandino Sandoval,São Paulo,131,3,3,1,1850000,False,Jardim Paulistano
Alameda Uapixana,São Paulo,380,4,4,9,2820000,False,Indianópolis
,São Paulo,660,3,7,8,14000000,False,Jardim Europa
Rua Manuel de Góis,São Paulo,460,5,4,3,1800000,False,Jardim Guedala
Rua Groenlândia,São Paulo,700,5,3,5,7500000,False,Jardim América
Rua Comandante Ismael Guilherme,São Paulo,540,4,4,4,8300000,False,Jardim Luzitânia
Rua Comendador Bichara Moherdauí,São Paulo,635,5,8,4,3800000,False,Jardim Leonor
Rua Açaraí,São Paulo,689,6,4,8,4200000,False,Jardim Guedala
Rua Boytac,São Paulo,550,4,3,6,5300000,False,Cidade Jardim
Rua Doutor Carlos Norberto de Souza Aranha,São Paulo,760,6,4,6,8500000,False,Alto de Pinheiros
Rua Manduri,São Paulo,350,3,5,4,5800000,False,Jardim Paulistano
Rua Luiz Galhanone,São Paulo,300,4,4,3,2597000,False,Jardim Viana
Rua Eduardo de Magalhães,São Paulo,115,3,3,2,510000,False,Parque Jabaquara
,São Paulo,229,3,2,1,18500,True,Vila Nova Conceição
Rua Joaquim Cândido de Azevedo Marques,São Paulo,495,4,6,4,2100000,False,Vila Morumbi
Rua José de Freitas Guimarães,São Paulo,400,3,4,4,2200000,False,Pacaembu
Rua Atenas,São Paulo,300,2,4,5,15000,True,Jardim Europa
Rua Luiz Galhanone,São Paulo,780,4,4,6,5000000,False,Jardim Viana
Rua Antônio de Gouveia Giudice,São Paulo,291,3,4,3,3900000,False,Alto de Pinheiros
Rua Oliveira Lima,São Paulo,189,3,3,2,3500,True,Cambuci
Rua Doutor Fausto de Almeida Prado Penteado,São Paulo,1643,4,5,10,4500000,False,Jardim Sílvia
,São Paulo,230,5,3,2,590000,False,Vila Sílvia
Rua Manduri,São Paulo,400,4,3,3,6300000,False,Jardim Paulistano
Rua Paris,São Paulo,230,1,3,3,2200000,False,Sumaré
Rua Catalão,São Paulo,300,4,7,5,2500000,False,Sumaré
,São Paulo,956,5,6,6,49500,True,Jardim Everest
,São Paulo,648,5,6,2,2300000,False,Fazenda Morumbi
Rua Timburiba,São Paulo,280,5,4,5,3000000,False,Vila Mariana
,São Paulo,523,4,5,7,3900000,False,Jardim Guedala
,São Paulo,700,4,6,6,34000,True,Santo Amaro
Rua Managua,São Paulo,1000,5,8,7,10000000,False,Jardim Everest
Rua Breves,São Paulo,319,4,4,4,2100000,False,Chácara Monte Alegre
,São Paulo,450,6,3,7,2600000,False,Jardim Morumbi
Rua Manuel de Góis,São Paulo,933,4,5,9,8500000,False,Jardim Guedala
Rua Lino Coutinho,São Paulo,181,2,3,1,480000,False,Ipiranga
Rua Dom João V,São Paulo,145,3,3,2,1175000,False,Lapa
Travessa Antônio Augusto Monteiro de Barros Neto,São Paulo,106,2,1,2,600000,False,Real Parque
Rua Coronel Irlandino Sandoval,São Paulo,131,3,3,1,1850000,False,Jardim Paulistano
Rua Jandiro Joaquim Pereira,São Paulo,242,3,3,4,1400000,False,Jardim Leonor
Rua Armando Penteado,São Paulo,530,3,4,6,25000,True,Higienópolis
Rua Inglaterra,São Paulo,314,3,1,3,5500000,False,Jardim Europa
Rua Caropá,São Paulo,192,3,3,2,1780000,False,Vila Madalena
Rua Doutor Tomás Alves,São Paulo,350,3,3,2,2500000,False,Vila Mariana
Rua Adamantina,São Paulo,771,4,4,6,8500000,False,Chácara Flora
Rua Sônia Ribeiro,São Paulo,600,4,5,4,4000000,False,Brooklin Paulista
Rua Montevidéu,São Paulo,231,4,5,2,3000000,False,Bela Aliança
Rua Trinta e Um de Março,São Paulo,1500,4,5,7,60000,True,Fazenda Morumbi
Rua Correia de Almeida,São Paulo,240,3,3,3,990000,False,Jabaquara
Rua Silveira Sampaio,São Paulo,650,4,6,8,3800000,False,Fazenda Morumbi
Rua Joaquim Cândido de Azevedo Marques,São Paulo,952,4,5,6,30000,True,Vila Morumbi
Rua Sanharó,São Paulo,470,4,5,4,15000,True,Jardim Guedala
,São Paulo,265,3,4,3,2200000,False,Jardim Leonor
Rua Macau,São Paulo,500,3,4,3,5400000,False,Jardim Luzitânia
Rua Tombadouro,São Paulo,632,4,5,6,8000000,False,Chácara Flora
Rua Doutor Manoel Maria Tourinho,São Paulo,380,3,4,3,2000000,False,Pacaembu
Avenida Bagiru,São Paulo,471,4,5,4,2700000,False,Boaçava
Rua Bacopari,São Paulo,386,4,5,7,4500000,False,Boaçava
,São Paulo,445,4,5,4,4200000,False,Alto de Pinheiros
Largo Mestre de Aviz,São Paulo,500,3,2,5,3850000,False,Jardim Luzitânia
Rua Afonso Bandeira de Melo,São Paulo,110,2,2,2,1200000,False,Campo Belo
Rua Olímpio Catão,São Paulo,390,4,5,5,3600000,False,Pacaembu
Rua Catanduva,São Paulo,230,3,4,5,3350000,False,Pacaembu
Rua Antônio de Andrade Rebelo,São Paulo,574,4,5,6,3800000,False,Retiro Morumbi
,São Paulo,468,4,5,3,2850000,False,Pacaembu
Rua Manuel Ribeiro da Cruz,São Paulo,375,4,6,3,3500000,False,Chácara Santo Antônio
,São Paulo,253,3,4,3,4400000,False,Vila Madalena
Rua Antônio de Gouveia Giudice,São Paulo,700,6,7,6,18000000,False,Alto de Pinheiros
,São Paulo,300,4,4,3,11000,True,Jardim Paulistano
Praça Monteiro Lobato,São Paulo,364,5,4,4,2400000,False,Butantã
Rua Bandim,São Paulo,350,11,8,10,2500000,False,Boaçava
,São Paulo,384,4,5,4,4900000,False,Alto de Pinheiros
,São Paulo,150,3,5,2,730000,False,Bosque da Saúde
Rua Carlos Rath,São Paulo,395,4,5,4,3000000,False,Alto de Pinheiros
,São Paulo,670,4,4,6,2700000,False,Jardim Guedala
Rua Pero Correia,São Paulo,320,6,4,8,1800000,False,Vila Mariana
Rua Doutor Cândido Espinheira,São Paulo,200,2,3,1,1100000,False,Perdizes
,São Paulo,140,3,2,4,1150000,False,Vila Matilde
Rua Anunze,São Paulo,420,3,5,4,3800000,False,Boaçava
Rua França,São Paulo,952,3,7,10,22000000,False,Jardim Europa
Avenida Diógenes Ribeiro de Lima,São Paulo,255,4,6,3,3700000,False,Alto de Pinheiros
Rua Murajuba,São Paulo,750,4,5,8,10000000,False,Alto de Pinheiros
Rua Mateus Mendes Pereira,São Paulo,102,3,2,2,450000,False,Jardim Nossa Senhora do Carmo
Rua Alfredo Piragibe,São Paulo,464,5,7,3,2800000,False,Vila Madalena
Rua Conde de Sousel,São Paulo,370,2,1,3,20000,True,Jardim das Bandeiras
Rua Itaquera,São Paulo,930,5,5,9,12000000,False,Pacaembu
Rua Inglaterra,São Paulo,340,3,5,2,6599000,False,Jardim Europa
,São Paulo,500,4,2,5,3500000,False,Cidade Jardim
Rua Murtinho Nobre,São Paulo,1181,8,10,20,4300000,False,Butantã
Rua Coronel Bento Noronha,São Paulo,330,3,5,2,5600000,False,Jardim Paulistano
,São Paulo,450,4,6,6,3500000,False,Jardim Leonor
Rua Irmã Carolina,São Paulo,255,3,2,7,1395000,False,Belenzinho
Rua Damião da Silva,São Paulo,290,3,4,6,1000000,False,Vila Suzana
Rua Aperca,São Paulo,944,5,6,6,8000000,False,Boaçava
Rua Carangola,São Paulo,609,4,6,6,4000000,False,Jardim Guedala
,São Paulo,62,2,5,1,245000,False,Vila Sílvia
,São Paulo,855,4,6,8,4000000,False,Cidade Jardim
Rua José Guilherme Guimarães Pedroso,São Paulo,137,3,2,6,560000,False,Vila Campo Grande
Rua do Minho,São Paulo,360,4,7,3,13000,True,Jardim Luzitânia
,São Paulo,913,4,4,6,19000000,False,Jardim Europa
,São Paulo,1000,4,7,8,18000000,False,Jardim Guedala
Rua Barajuba,São Paulo,309,4,4,6,5500000,False,Alto de Pinheiros
,São Paulo,550,4,3,6,5500000,False,Cidade Jardim
,São Paulo,605,3,6,6,2700000,False,Jardim Cordeiro
Rua Levotti Grottera,São Paulo,800,4,5,9,9200000,False,Paineiras do Morumbi
,São Paulo,480,4,5,5,25000,True,Jardim Guedala
Rua Professor Filadelfo Azevedo,São Paulo,540,3,6,4,8500000,False,Vila Nova Conceição
Rua Corgie Assad Abdalla,São Paulo,291,4,1,4,1490000,False,Vila Sônia
Rua Euclídes de Andrade,São Paulo,80,2,2,2,990000,False,Pompeia
Rua das Malvas,São Paulo,590,4,3,2,10000,True,Cidade Jardim
,São Paulo,140,3,2,4,1150000,False,Vila Matilde
Rua Anunze,São Paulo,420,3,5,4,3800000,False,Boaçava
Rua França,São Paulo,952,3,7,10,22000000,False,Jardim Europa
Avenida Diógenes Ribeiro de Lima,São Paulo,255,4,6,3,3700000,False,Alto de Pinheiros
Rua Murajuba,São Paulo,750,4,5,8,10000000,False,Alto de Pinheiros
Rua Mateus Mendes Pereira,São Paulo,102,3,2,2,450000,False,Jardim Nossa Senhora do Carmo
Rua Alfredo Piragibe,São Paulo,464,5,7,3,2800000,False,Vila Madalena
Rua Dona Balduína,São Paulo,450,4,4,5,3500000,False,Sumaré
Rua Conde de Sousel,São Paulo,370,2,1,3,20000,True,Jardim das Bandeiras
Rua Itaquera,São Paulo,930,5,5,9,12000000,False,Pacaembu
Rua Inglaterra,São Paulo,340,3,5,2,6599000,False,Jardim Europa
,São Paulo,500,4,2,5,3500000,False,Cidade Jardim
Rua Murtinho Nobre,São Paulo,1181,8,10,20,4300000,False,Butantã
Rua Coronel Bento Noronha,São Paulo,330,3,5,2,5600000,False,Jardim Paulistano
,São Paulo,450,4,6,6,3500000,False,Jardim Leonor
Rua Irmã Carolina,São Paulo,255,3,2,7,1395000,False,Belenzinho
Rua Damião da Silva,São Paulo,290,3,4,6,1000000,False,Vila Suzana
Rua Aperca,São Paulo,944,5,6,6,8000000,False,Boaçava
Rua Carangola,São Paulo,609,4,6,6,4000000,False,Jardim Guedala
,São Paulo,62,2,5,1,245000,False,Vila Sílvia
,São Paulo,855,4,6,8,4000000,False,Cidade Jardim
Rua Sepetiba,São Paulo,226,3,3,2,1810000,False,Vila Romana
Rua José Guilherme Guimarães Pedroso,São Paulo,137,3,2,6,560000,False,Vila Campo Grande
Rua do Minho,São Paulo,360,4,7,3,13000,True,Jardim Luzitânia
,São Paulo,913,4,4,6,19000000,False,Jardim Europa
,São Paulo,1000,4,7,8,18000000,False,Jardim Guedala
Rua Barajuba,São Paulo,309,4,4,6,5500000,False,Alto de Pinheiros
,São Paulo,550,4,3,6,5500000,False,Cidade Jardim
,São Paulo,605,3,6,6,2700000,False,Jardim Cordeiro
Rua Levotti Grottera,São Paulo,800,4,5,9,9200000,False,Paineiras do Morumbi
,São Paulo,480,4,5,5,25000,True,Jardim Guedala
Rua Professor Filadelfo Azevedo,São Paulo,540,3,6,4,8500000,False,Vila Nova Conceição
Rua Corgie Assad Abdalla,São Paulo,291,4,1,4,1490000,False,Vila Sônia
Rua Euclídes de Andrade,São Paulo,80,2,2,2,990000,False,Pompeia
Rua das Malvas,São Paulo,590,4,3,2,10000,True,Cidade Jardim
Rua Berlioz,São Paulo,490,4,2,6,2800000,False,Alto de Pinheiros
Avenida Piassanguaba,São Paulo,1040,6,12,10,3000000,False,Planalto Paulista
,São Paulo,243,3,3,3,1800000,False,Brooklin Paulista
Rua Atlântica,São Paulo,600,3,5,4,28000,True,Jardim América
,São Paulo,255,3,3,5,3000000,False,Jardim Morumbi
Rua Suécia,São Paulo,872,5,5,8,16900000,False,Jardim Europa
,São Paulo,600,4,6,6,5500000,False,Jardim Leonor
Avenida Manoel dos Reis Araújo,São Paulo,450,3,4,6,2450000,False,Jardim Marajoara
Rua Sanharó,São Paulo,900,5,8,10,5800000,False,Jardim Guedala
Rua Jaguanambi,São Paulo,457,5,4,3,2680000,False,Cidade Jardim
Rua Laiana,São Paulo,360,4,6,5,5000000,False,Boaçava
Rua Armando Brussolo,São Paulo,130,2,3,2,720000,False,Vila Romana
Rua Juatuba,São Paulo,413,3,5,2,2950000,False,Sumarezinho
Rua Benedito Chaves,São Paulo,400,4,5,6,5000000,False,Jardim Paulistano
Rua Coronel Artur Godoi,São Paulo,240,3,3,3,4500000,False,Vila Mariana
Rua Visconde de Maranguape,São Paulo,200,3,2,2,2500000,False,Parque Colonial
Rua Teixeira de Freitas,São Paulo,800,6,10,8,55000,True,Santo Amaro
Avenida das Magnólias,São Paulo,900,4,4,8,10000000,False,Cidade Jardim
,São Paulo,480,4,4,4,7900000,False,Jardim Paulista
,São Paulo,590,4,5,5,2700000,False,Jardim Guedala
,São Paulo,245,4,4,1,2660000,False,Vila Mariana
,São Paulo,170,3,3,1,390000,False,Jardim Celeste
Rua Ourânia,São Paulo,591,4,7,5,20000,True,Vila Madalena
Rua Dom Leopoldo I,São Paulo,330,4,2,3,1380000,False,Alto da Lapa
,São Paulo,492,3,4,6,4200000,False,Alto de Pinheiros
Rua Maestro Chiaffarelli,São Paulo,400,4,6,4,4900000,False,Jardim Paulista
,São Paulo,293,3,3,4,4500000,False,Jardim América
Rua Cayowaá,São Paulo,300,4,3,2,2700000,False,Sumaré
Rua Teresa,São Paulo,190,3,3,2,745000,False,Quarta Parada
Rua Macau,São Paulo,361,4,6,5,4900000,False,Jardim Luzitânia
Rua Macarani,São Paulo,176,2,3,1,750000,False,Bosque da Saúde
,São Paulo,380,4,4,4,3600000,False,Vila Madalena
Rua Murtinho Nobre,São Paulo,320,3,5,4,2239369,False,Butantã
Rua Albertina de Oliveira Godinho,São Paulo,880,4,5,5,12000,True,Jardim Guedala
Rua Mário de Melo,São Paulo,420,4,2,5,3000000,False,Pacaembu
,São Paulo,973,7,10,6,6200000,False,Jardim Leonor
,São Paulo,500,5,4,6,3700000,False,Jardim Everest
Rua Dom Henrique,São Paulo,400,4,6,7,6000000,False,Jardim Luzitânia
,São Paulo,312,4,2,8,2862000,False,Pinheiros
Avenida Osvaldo Aranha,São Paulo,672,4,1,8,3500000,False,Cursino
Rua Manguatá,São Paulo,200,2,3,4,1450000,False,Cidade Monções
,São Paulo,660,6,7,8,3950000,False,Cidade Jardim
Rua Maria Carolina,São Paulo,436,5,4,4,9200000,False,Jardim Paulistano
Rua Filadelfo Aranha,São Paulo,483,4,4,2,7400000,False,Vila Madalena
Rua Apinajés,São Paulo,300,6,6,3,1595000,False,Sumaré
Rua Baicuri,São Paulo,530,4,6,6,2550000,False,Boaçava
Rua Nelson Washington Pereira,São Paulo,110,2,2,1,480000,False,Vila Santa Catarina
Rua Alasca,São Paulo,652,5,6,8,20000000,False,Jardim América
Rua Timbuíba,São Paulo,400,4,5,4,3300000,False,Alto de Pinheiros
,São Paulo,281,4,3,6,745000,False,Vila Comercial
,São Paulo,431,4,4,5,4200000,False,Alto de Pinheiros
Rua Doutor Cândido Espinheira,São Paulo,198,4,3,3,1100000,False,Perdizes
Rua Itatinga,São Paulo,480,3,8,3,2800000,False,Pacaembu
Rua Doutor Queirós Guimarães,São Paulo,500,4,4,4,4300000,False,Jardim Guedala
,São Paulo,180,3,4,2,2150000,False,Vila Madalena
Rua Capitão João Rosa da Cruz,São Paulo,180,3,2,4,745000,False,Água Rasa
Rua Bela Flor,São Paulo,235,3,4,3,1450000,False,Vila Mariana
Rua Anatólia,São Paulo,412,4,6,6,6000000,False,Boaçava
,São Paulo,400,3,4,6,5300000,False,Jardim América
,São Paulo,500,3,5,7,1700000,False,Jardim Leonor
Rua Cônego Luís Gonzaga Biazi,São Paulo,382,2,6,6,990000,False,Carandiru
Rua Rodrigues de Campos Leite,São Paulo,138,3,3,2,950000,False,Vila Ipojuca
Rua Pirapó,São Paulo,572,4,5,8,2500000,False,Jardim Guedala
Rua Carlos Chagas,São Paulo,280,3,2,2,2200000,False,Aclimação
Alameda dos Piratinins,São Paulo,250,5,4,5,1190000,False,Planalto Paulista
Praça João Francisco Lisboa,São Paulo,455,4,6,4,4500000,False,Vila Madalena
Rua do Grito,São Paulo,261,2,3,2,3500,True,Ipiranga
,São Paulo,595,5,7,5,6000000,False,Jardim Guedala
Rua Heitor de Andrade,São Paulo,349,4,5,4,4260000,False,Sumarezinho
Rua Doutor Augusto de Miranda,São Paulo,240,3,2,2,1490000,False,Vila Pompéia
Rua Derval,São Paulo,200,4,2,2,950000,False,Vila Mascote
,São Paulo,750,10,8,8,3500000,False,Vila Monumento
Rua Catanumi,São Paulo,300,3,3,4,1050000,False,Interlagos
Rua das Malvas,São Paulo,750,4,7,2,6000000,False,Cidade Jardim
,São Paulo,200,4,4,3,720000,False,Vila Gea
Rua Magalhães de Araújo,São Paulo,650,4,5,4,3500000,False,Jardim Guedala
,São Paulo,760,4,6,9,4990000,False,Jardim Cordeiro
Rua Principado de Mônaco,São Paulo,288,2,3,2,2450000,False,Pacaembu
Rua Baré,São Paulo,236,3,4,4,3500000,False,Vila Romana
Rua Martinho Vaz de Barros,São Paulo,240,3,3,4,890000,False,Vila Pirajussara
Rua dos Tamanás,São Paulo,519,4,3,3,2490000,False,Vila Madalena
,São Paulo,625,4,4,6,3000000,False,Cidade Jardim
Rua Doutor José Higino,São Paulo,300,5,3,7,950000,False,Vila Oratório
Rua Orlando Murgel,São Paulo,377,3,3,4,6000,True,Parque Jabaquara
,São Paulo,350,5,4,6,2900000,False,Alto de Pinheiros
Rua Doutor João Maia,São Paulo,380,3,5,2,2660000,False,Aclimação
,São Paulo,490,4,6,5,3700000,False,Jardim Guedala
Rua Ernesto Nazaré,São Paulo,400,4,3,4,3500000,False,Alto de Pinheiros
,São Paulo,890,5,7,10,4700000,False,Jardim Guedala
Rua Antônio de Macedo Soares,São Paulo,380,3,4,5,10000,True,Campo Belo
Avenida Doutor Alberto Penteado,São Paulo,700,5,7,6,5500000,False,Jardim Sílvia
,São Paulo,450,4,4,6,2500000,False,Jardim Guedala
Rua Belini,São Paulo,684,4,7,10,8550000,False,Alto de Pinheiros
Rua Ernesto Nazaré,São Paulo,461,4,5,5,5000000,False,Alto de Pinheiros
Rua Doutor Augusto de Miranda,São Paulo,264,2,1,5,2130000,False,Vila Pompéia
,São Paulo,380,4,5,4,2800000,False,Alto de Pinheiros
,São Paulo,381,4,2,5,2900000,False,Vila Madalena
Rua Ferreira de Almeida,São Paulo,245,3,3,5,1580000,False,Jardim das Laranjeiras
,São Paulo,78,2,2,1,530000,False,Vila Lageado
Avenida das Magnólias,São Paulo,600,4,5,4,6920000,False,Cidade Jardim
Rua Grumete Sandoval Santos,São Paulo,430,4,4,3,2500000,False,Morumbi
Avenida Antônio Batuira,São Paulo,461,4,6,6,2650000,False,Alto de Pinheiros
Rua Alberto Faria,São Paulo,285,4,3,4,3500000,False,Alto de Pinheiros
,São Paulo,650,3,3,5,3995000,False,Morumbi
Rua Antônio de Gouveia Giudice,São Paulo,500,4,5,5,28000,True,Alto de Pinheiros
Rua Natingui,São Paulo,280,4,4,6,2000000,False,Vila Madalena
Rua Sampaio Vidal,São Paulo,191,2,4,2,28800,True,Jardim Paulistano
Rua Bernardino de Campos,São Paulo,320,3,4,2,1740000,False,Campo Belo
Avenida Albert Einstein,São Paulo,420,3,5,4,2700000,False,Jardim Leonor
Avenida Antônio Batuira,São Paulo,461,4,6,6,2650000,False,Alto de Pinheiros
Rua Alberto Faria,São Paulo,285,4,3,4,3500000,False,Alto de Pinheiros
,São Paulo,650,3,3,5,3995000,False,Morumbi
Rua Antônio de Gouveia Giudice,São Paulo,500,4,5,5,28000,True,Alto de Pinheiros
Rua Natingui,São Paulo,280,4,4,6,2000000,False,Vila Madalena
Rua Sampaio Vidal,São Paulo,191,2,4,2,28800,True,Jardim Paulistano
Rua Bernardino de Campos,São Paulo,320,3,4,2,1740000,False,Campo Belo
Avenida Albert Einstein,São Paulo,420,3,5,4,2700000,False,Jardim Leonor
Rua Wanderley,São Paulo,248,4,4,4,2300000,False,Perdizes
Rua Oscar Caravelas,São Paulo,260,3,4,4,1800000,False,Sumarezinho
Rua Roger Zmekhol,São Paulo,170,3,2,2,870000,False,Jardim Colombo
,São Paulo,101,3,1,3,400000,False,Vila Perus
,São Paulo,126,3,3,2,450000,False,Jardim Satélite
Rua Campo Verde,São Paulo,1150,6,10,6,15000000,False,Jardim Europa
Avenida Piassanguaba,São Paulo,463,4,6,6,3000000,False,Planalto Paulista
Rua João Álvares Soares,São Paulo,600,4,2,4,5000000,False,Campo Belo
Rua Doutor Paulo Vieira,São Paulo,193,3,3,2,960000,False,Sumaré
,São Paulo,607,5,5,3,4800000,False,Cidade Jardim
,São Paulo,170,3,2,2,2950000,False,Jardim Paulistano
Rua Dom Henrique,São Paulo,394,4,4,4,14000,True,Jardim Luzitânia
Rua Rosalina Alves,São Paulo,99,3,3,1,671000,False,Vila Isolina Mazzei
Rua Armando Brussolo,São Paulo,194,4,5,2,990000,False,Vila Romana
Rua Madalena de Morais,São Paulo,950,4,3,4,4000000,False,Jardim Leonor
Rua Itápolis,São Paulo,960,3,3,12,20000,True,Pacaembu
Rua Luiz Galhanone,São Paulo,258,4,5,3,2500000,False,Jardim Viana
Avenida Odila,São Paulo,224,3,4,3,1650000,False,Planalto Paulista
,São Paulo,600,5,8,10,8100000,False,Jardim Leonor
,São Paulo,600,5,7,3,6500000,False,Jardim Leonor
Rua Melo Morais Filho,São Paulo,545,4,4,5,8500000,False,Jardim Guedala
Rua Francisco Xavier da Rocha,São Paulo,160,3,4,4,790000,False,Parque Alves de Lima
,São Paulo,339,5,7,5,5200000,False,Alto de Pinheiros
Rua Dona Elisa Pereira de Barros,São Paulo,534,5,5,4,8400000,False,Jardim Europa
,São Paulo,536,3,6,6,5790000,False,Jardim Petrópolis
Rua dos Limantos,São Paulo,680,5,7,4,4500000,False,Cidade Jardim
,São Paulo,600,4,5,8,5500000,False,Jardim Morumbi
Rua Madre Mazarello,São Paulo,263,4,3,4,2900000,False,Vila Ida
Rua Doutor João Maia,São Paulo,380,3,5,2,2660000,False,Aclimação
,São Paulo,490,4,6,5,3700000,False,Jardim Guedala
Rua Ernesto Nazaré,São Paulo,400,4,3,4,3500000,False,Alto de Pinheiros
,São Paulo,890,5,7,10,4700000,False,Jardim Guedala
Rua Antônio de Macedo Soares,São Paulo,380,3,4,5,10000,True,Campo Belo
Avenida Doutor Alberto Penteado,São Paulo,700,5,7,6,5500000,False,Jardim Sílvia
,São Paulo,450,4,4,6,2500000,False,Jardim Guedala
Rua Belini,São Paulo,684,4,7,10,8550000,False,Alto de Pinheiros
Rua Ernesto Nazaré,São Paulo,461,4,5,5,5000000,False,Alto de Pinheiros
Rua Doutor Augusto de Miranda,São Paulo,264,2,1,5,2130000,False,Vila Pompéia
,São Paulo,380,4,5,4,2800000,False,Alto de Pinheiros
,São Paulo,381,4,2,5,2900000,False,Vila Madalena
Rua Ferreira de Almeida,São Paulo,245,3,3,5,1580000,False,Jardim das Laranjeiras
,São Paulo,78,2,2,1,530000,False,Vila Lageado
Avenida das Magnólias,São Paulo,600,4,5,4,6920000,False,Cidade Jardim
Rua Grumete Sandoval Santos,São Paulo,430,4,4,3,2500000,False,Morumbi
,São Paulo,908,4,4,6,6000000,False,Cidade Jardim
Avenida Antônio Batuira,São Paulo,461,4,6,6,2650000,False,Alto de Pinheiros
Rua Alberto Faria,São Paulo,285,4,3,4,3500000,False,Alto de Pinheiros
,São Paulo,650,3,3,5,3995000,False,Morumbi
Rua Antônio de Gouveia Giudice,São Paulo,500,4,5,5,28000,True,Alto de Pinheiros
Rua Natingui,São Paulo,280,4,4,6,2000000,False,Vila Madalena
Rua Sampaio Vidal,São Paulo,191,2,4,2,28800,True,Jardim Paulistano
Rua Bernardino de Campos,São Paulo,320,3,4,2,1740000,False,Campo Belo
Avenida Albert Einstein,São Paulo,420,3,5,4,2700000,False,Jardim Leonor
Rua Wanderley,São Paulo,248,4,4,4,2300000,False,Perdizes
Rua Oscar Caravelas,São Paulo,260,3,4,4,1800000,False,Sumarezinho
Travessa Emília Alba,São Paulo,98,2,3,1,580000,False,Água Branca
Rua Roger Zmekhol,São Paulo,170,3,2,2,870000,False,Jardim Colombo
,São Paulo,101,3,1,3,400000,False,Vila Perus
,São Paulo,126,3,3,2,450000,False,Jardim Satélite
Rua Campo Verde,São Paulo,1150,6,10,6,15000000,False,Jardim Europa
Avenida Piassanguaba,São Paulo,463,4,6,6,3000000,False,Planalto Paulista
Rua João Álvares Soares,São Paulo,600,4,2,4,5000000,False,Campo Belo
Rua Doutor Paulo Vieira,São Paulo,193,3,3,2,960000,False,Sumaré
,São Paulo,607,5,5,3,4800000,False,Cidade Jardim
Rua Gil Eanes,São Paulo,160,3,2,2,1895000,False,Campo Belo
Alameda dos Guaicanãs,São Paulo,279,3,3,9,2450000,False,Planalto Paulista
Rua Capepuxis,São Paulo,400,5,5,4,2600000,False,Alto de Pinheiros
Rua das Fiandeiras,São Paulo,300,4,5,2,3900000,False,Vila Olímpia
Rua Barão de Cotegipe,São Paulo,358,3,3,5,2950000,False,Granja Julieta
,São Paulo,670,4,6,8,8000000,False,Jardim Guedala
Rua Flor de Tília,São Paulo,103,2,2,1,775000,False,Mirandópolis
Rua Ibiapinópolis,São Paulo,186,3,2,2,3280000,False,Jardim Paulistano
,São Paulo,346,4,4,3,1999000,False,Jardim Guedala
Avenida Diógenes Ribeiro de Lima,São Paulo,463,3,1,12,1950000,False,Alto de Pinheiros
Rua Pedro Campana,São Paulo,207,4,5,4,1900000,False,Jardim Vila Mariana
Rua Inácio Pedroso,São Paulo,700,4,4,6,7200000,False,Jardim Guedala
Rua Brejo Alegre,São Paulo,250,3,3,2,1600000,False,Brooklin Paulista
Praça Doutor João Guilherme Flocke,São Paulo,380,7,6,4,3200000,False,Vila Madalena
Rua Doutor Cristiano de Sousa,São Paulo,350,4,5,3,1400000,False,Jardim Leonor
Rua Conseguina,São Paulo,742,4,5,6,3200000,False,Jardim Guedala
Rua Sampaio Vidal,São Paulo,450,4,6,4,18000,True,Jardim Paulistano
Rua Capitão Otávio Machado,São Paulo,218,4,4,3,1250000,False,Chácara Santo Antônio
,São Paulo,255,3,6,3,4000000,False,Alto de Pinheiros
Rua Núncio Petrella,São Paulo,118,3,4,2,900000,False,Cidade São Francisco
,São Paulo,450,4,6,4,5200000,False,Alto de Pinheiros
Rua Vicente Leporace,São Paulo,480,5,5,5,2700000,False,Campo Belo
Rua Bragança,São Paulo,1156,5,7,8,18720000,False,Pacaembu
Rua Colegio Pio XII,São Paulo,474,5,5,4,1690000,False,Fazenda Morumbi
Rua Cardeal Cagliori,São Paulo,418,4,5,4,4100000,False,Alto de Pinheiros
,São Paulo,357,4,5,4,3600000,False,Alto de Pinheiros
Rua Conselheiro Torres Homem,São Paulo,390,4,7,2,7500000,False,Jardim Paulista
Rua Engenheiro Sá Rocha,São Paulo,300,5,6,6,2900000,False,Vila Ida
Rua Murajuba,São Paulo,257,4,2,4,3300000,False,Alto de Pinheiros
Avenida Itaberaba,São Paulo,82,2,2,1,300000,False,Itaberaba
Avenida Alfredo Zunkeller,São Paulo,145,3,3,6,1300000,False,Parque Mandaqui
Avenida Doutor Cardoso de Melo,São Paulo,200,2,4,5,2900000,False,Vila Olímpia
,São Paulo,120,2,2,2,970000,False,Cidade Monções
Rua dos Junquilhos,São Paulo,210,2,3,2,430000,False,Vila Alpina
Avenida Morumbi,São Paulo,1200,6,8,6,8500000,False,Morumbi
,São Paulo,544,4,5,8,3500000,False,Jardim Guedala
Rua Oliveira Lima,São Paulo,117,3,4,3,711000,False,Cambuci
Rua Conselheiro Torres Homem,São Paulo,420,5,7,5,4500000,False,Jardim Paulista
Rua Vespasiano,São Paulo,170,3,5,2,1350000,False,Vila Romana
,São Paulo,500,3,6,4,3500000,False,Jardim Guedala
Rua Dona Ana Helena de Salles Gusmão,São Paulo,390,4,5,4,5600000,False,Jardim Paulistano
,São Paulo,498,3,5,4,3600000,False,Jardim Viana
,São Paulo,550,4,4,2,2800000,False,Jardim Guedala
,São Paulo,361,4,4,3,4200000,False,Jardim dos Estados
Travessa Alberto Moravia,São Paulo,120,2,2,4,350000,False,Jardim Tremembé
Rua Manuel Pereira Guimarães,São Paulo,203,3,4,2,1580000,False,Granja Julieta
Rua Aliança Liberal,São Paulo,144,3,3,2,850000,False,Bela Aliança
Rua Francisco Peixoto,São Paulo,384,2,1,2,786000,False,Vila Pirajussara
,São Paulo,110,3,4,2,550000,False,Penha de França
Rua Romano Schiesari,São Paulo,700,5,7,8,7410000,False,Perdizes
Rua Décio Reis,São Paulo,365,4,7,6,4500000,False,Alto de Pinheiros
Rua Doutor Queirós Guimarães,São Paulo,412,3,3,6,2000000,False,Jardim Guedala
,São Paulo,470,4,6,4,30000,True,Consolação
Rua Deputado Fábio Aranha,São Paulo,447,4,5,4,3999000,False,Pacaembu
,São Paulo,700,4,5,3,3960000,False,Jardim Guedala
,São Paulo,295,4,5,4,3200000,False,Alto de Pinheiros
,São Paulo,465,6,8,6,2800000,False,Vila Sônia
Rua Atlântica,São Paulo,500,5,3,8,13000000,False,Jardim América
,São Paulo,969,4,6,8,18000000,False,Jardim Guedala
Rua Mendes Pais,São Paulo,250,3,5,3,3500000,False,Vila Nova Conceição
,São Paulo,232,4,4,4,3150000,False,Alto de Pinheiros
Rua Baltazar de Morais,São Paulo,85,2,3,2,400000,False,Vila Nivi
Rua do Minho,São Paulo,300,3,5,5,13000,True,Jardim Luzitânia
,São Paulo,550,4,6,4,5950000,False,Alto de Pinheiros
Rua Miralta,São Paulo,510,4,3,5,2800000,False,Alto de Pinheiros
Rua Toriba,São Paulo,145,2,2,2,480000,False,Vila Canero
,São Paulo,420,4,5,3,3200000,False,Morumbi
Rua Gil Eanes,São Paulo,160,3,2,2,1895000,False,Campo Belo
Alameda dos Guaicanãs,São Paulo,279,3,3,9,2450000,False,Planalto Paulista
,São Paulo,383,4,4,4,3500000,False,Vila Madalena
,São Paulo,293,4,4,5,5950000,False,Alto de Pinheiros
,São Paulo,562,4,4,3,7500000,False,Jardim dos Estados
Rua Guaibim,São Paulo,300,1,4,8,2800,True,Vila Buenos Aires
,São Paulo,248,3,4,4,4255000,False,Sumaré
Rua Theodor Herzi,São Paulo,300,4,6,5,1990000,False,Perdizes
Rua Honduras,São Paulo,180,3,5,4,4350000,False,Jardim Paulista
Rua Montezuma,São Paulo,300,4,5,4,4800000,False,Jardim das Bandeiras
Rua Engenheiro Guimarães Valadão,São Paulo,425,4,6,2,3800000,False,Cidade Jardim
Praça Renzo Pagliari,São Paulo,1000,3,3,12,14900000,False,Cidade Jardim
Rua Américo Brasiliense,São Paulo,370,3,6,3,2750000,False,Chácara Santo Antônio
Rua Monte Carmelo,São Paulo,150,3,1,7,1500000,False,Mirandópolis
,São Paulo,491,5,4,8,3650000,False,Morumbi
Rua Leonardo Jones Júnior,São Paulo,120,3,3,2,848000,False,Barra Funda
,São Paulo,420,4,6,4,5200000,False,Alto de Pinheiros
Rua Banibás,São Paulo,250,3,5,4,3200000,False,Alto de Pinheiros
Viela Um,São Paulo,440,3,2,10,1800000,False,Jardim Peri
Rua Veneza,São Paulo,400,3,5,5,4000000,False,Jardim Paulista
Rua Domingos Leme,São Paulo,1000,4,6,3,14000000,False,Vila Nova Conceição
,São Paulo,352,4,5,4,3600000,False,Jardim Guedala
Rua Ubaíra,São Paulo,200,4,3,3,1980000,False,Indianópolis
Rua Melo Morais Filho,São Paulo,545,4,6,4,8500000,False,Jardim Guedala
Rua Groenlândia,São Paulo,372,3,2,10,4650000,False,Jardim América
,São Paulo,165,3,4,2,6000,True,Vila Olímpia
Rua Maria Rosa Halter Frank,São Paulo,100,3,2,1,1970000,False,Itaim Bibi
,São Paulo,937,6,9,7,7500000,False,Jardim Cordeiro
Rua Adalívia de Toledo,São Paulo,395,4,3,6,2300000,False,Paineiras do Morumbi
Rua Almirante Soares Dutra,São Paulo,558,4,7,14,4900000,False,Morumbi
Rua José Clemente,São Paulo,300,4,2,6,3000000,False,Jardim Paulista
Rua Mariana Correia,São Paulo,290,3,4,4,4500000,False,Jardim Paulistano
Rua Desembargador Vicente Penteado,São Paulo,310,4,3,2,5000000,False,Jardim América
,São Paulo,620,4,6,7,4440000,False,Brooklin Paulista
Rua Gregório Paes de Almeida,São Paulo,400,3,5,3,4400000,False,Vila Madalena
Rua Madre Teodora,São Paulo,560,4,6,4,7500000,False,Jardim Paulista
,São Paulo,460,4,3,4,27000,True,Pacaembu
Rua Araberi,São Paulo,166,3,3,2,1200000,False,Brooklin Paulista
,São Paulo,850,4,6,10,8500000,False,Paineiras do Morumbi
,São Paulo,612,4,4,3,5000000,False,Jardim Leonor
,São Paulo,400,3,4,3,8000,True,Vila Progredior
,São Paulo,421,3,6,4,6300000,False,Jardim Leonor
,São Paulo,716,4,5,6,5300000,False,Morumbi
,São Paulo,1000,6,9,10,22000000,False,Jardim Leonor
,São Paulo,555,5,10,5,6200000,False,Alto de Pinheiros
Rua Professor Alfredo Ashcar,São Paulo,300,4,4,3,1160000,False,Jardim Leonor
Rua Conselheiro Torres Homem,São Paulo,1000,4,8,8,15000000,False,Jardim Paulista
Rua Wagih Assad Abdalla,São Paulo,678,4,7,4,14000,True,Morumbi
,São Paulo,282,4,4,4,4300000,False,Alto de Pinheiros
,São Paulo,758,3,5,4,4800000,False,Chácara Monte Alegre
Avenida Professor Frederico Herman Júnior,São Paulo,256,3,4,4,4800000,False,Alto de Pinheiros
,São Paulo,670,4,5,8,3000000,False,Cidade Jardim
Rua Colonização,São Paulo,160,1,3,2,2000000,False,Vila Madalena
Rua Senador Vergueiro,São Paulo,294,4,7,3,15000,True,Santo Amaro
Rua Flávio Queirós Morais,São Paulo,369,3,5,3,2750000,False,Pacaembu
Rua Barra Mansa,São Paulo,121,2,2,2,555000,False,Jardim Franca
,São Paulo,200,1,3,2,5000000,False,Jardim Paulistano
,São Paulo,132,2,2,2,691489,False,Lapa de Baixo
Rua Santo Irineu,São Paulo,205,4,5,3,1400000,False,Bosque da Saúde
Rua Carlo Fontana,São Paulo,200,6,7,2,430000,False,Jardim Tietê
Rua Santo Eufredo,São Paulo,780,4,7,20,5400000,False,Jardim Guedala
,São Paulo,440,4,4,2,3195000,False,Jardim Paulista
Rua Iramaia,São Paulo,250,3,3,3,2500000,False,Jardim Europa
,São Paulo,685,4,7,10,4050000,False,Jardim Guedala
Rua Guaibim,São Paulo,300,1,4,8,2800,True,Vila Buenos Aires
,São Paulo,248,3,4,4,4255000,False,Sumaré
Rua Theodor Herzi,São Paulo,300,4,6,5,1990000,False,Perdizes
Rua Honduras,São Paulo,180,3,5,4,4350000,False,Jardim Paulista
Rua Montezuma,São Paulo,300,4,5,4,4800000,False,Jardim das Bandeiras
Rua Engenheiro Guimarães Valadão,São Paulo,425,4,6,2,3800000,False,Cidade Jardim
Praça Renzo Pagliari,São Paulo,1000,3,3,12,14900000,False,Cidade Jardim
Rua Américo Brasiliense,São Paulo,370,3,6,3,2750000,False,Chácara Santo Antônio
Rua Monte Carmelo,São Paulo,150,3,1,7,1500000,False,Mirandópolis
,São Paulo,491,5,4,8,3650000,False,Morumbi
Rua Leonardo Jones Júnior,São Paulo,120,3,3,2,848000,False,Barra Funda
,São Paulo,420,4,6,4,5200000,False,Alto de Pinheiros
Rua Banibás,São Paulo,250,3,5,4,3200000,False,Alto de Pinheiros
,São Paulo,600,4,6,7,2660000,False,Cidade Jardim
,São Paulo,496,3,5,6,3750000,False,Jardim Everest
Rua Peaçaba,São Paulo,165,4,5,2,650000,False,Vila Monumento
Praça Nicolau Scarpa,São Paulo,1200,4,4,25,65000000,False,Jardim América
Rua Iraci,São Paulo,375,4,3,4,3600000,False,Jardim Paulistano
Rua Albertina de Oliveira Godinho,São Paulo,900,4,5,5,15000,True,Jardim Guedala
Rua Ipacaraí,São Paulo,180,3,4,2,1380000,False,Pompeia
Rua Holanda,São Paulo,400,4,3,8,16000,True,Jardim Europa
Rua Theo Dutra,São Paulo,280,4,6,4,1650000,False,Jardim Colombo
,São Paulo,450,5,4,11,4800000,False,Cidade Jardim
Rua Laerte Assunção,São Paulo,450,4,4,4,6990000,False,Jardim Paulistano
Rua Doutor Manuel Carlos de Figueiredo Ferraz,São Paulo,480,3,3,3,2500000,False,Jardim Morumbi
Rua Barão de São Gabriel,São Paulo,600,4,5,4,9000,True,Bela Aliança
Avenida Professor Fonseca Rodrigues,São Paulo,660,4,2,14,13000000,False,Alto de Pinheiros
,São Paulo,500,3,5,6,4500000,False,Alto de Pinheiros
Rua Grécia,São Paulo,400,4,2,6,5700000,False,Jardim Europa
Rua João Batista Leme da Silva,São Paulo,150,3,2,2,1280000,False,Vila Madalena
Rua Engenheiro Janot Pacheco,São Paulo,530,4,4,6,2000000,False,Vila Progredior
,São Paulo,279,5,5,5,4500000,False,Alto de Pinheiros
,São Paulo,407,4,6,4,1800000,False,Morumbi
Rua Prudente Correia,São Paulo,364,4,3,3,12000000,False,Jardim Europa
Rua Diana,São Paulo,220,4,3,1,1000000,False,Perdizes
,São Paulo,900,6,6,10,5800000,False,Jardim Guedala
,São Paulo,280,3,3,5,3500000,False,Alto de Pinheiros
Rua Benedito Chaves,São Paulo,500,3,5,6,8200000,False,Jardim Paulistano
Travessa Roberto Douglas Machado,São Paulo,125,3,2,1,2500000,False,Jardim Paulistano
Rua Sampaio Vidal,São Paulo,237,3,3,4,3200000,False,Jardim Paulistano
Rua dos Tamanás,São Paulo,300,3,6,4,3500000,False,Vila Madalena
,São Paulo,400,3,6,10,1800000,False,Vila Araguaia
Avenida Amarilis,São Paulo,1000,4,5,8,5900000,False,Cidade Jardim
,São Paulo,467,6,6,3,3300000,False,Vila Madalena
Rua Filipe de Gusmão,São Paulo,184,3,3,2,1600000,False,Sumarezinho
,São Paulo,248,3,4,10,1150000,False,Vila Lúcia
Rua Lacedemônia,São Paulo,340,4,4,2,843000,False,Jardim Brasil
Alameda dos Auetis,São Paulo,280,4,3,5,1845000,False,Planalto Paulista
,São Paulo,275,4,4,3,2700000,False,Granja Julieta
Rua Benedito Chaves,São Paulo,500,3,5,6,8200000,False,Jardim Paulistano
Travessa Roberto Douglas Machado,São Paulo,125,3,2,1,2500000,False,Jardim Paulistano
Rua Sampaio Vidal,São Paulo,237,3,3,4,3200000,False,Jardim Paulistano
Rua dos Tamanás,São Paulo,300,3,6,4,3500000,False,Vila Madalena
,São Paulo,400,3,6,10,1800000,False,Vila Araguaia
Avenida Amarilis,São Paulo,1000,4,5,8,5900000,False,Cidade Jardim
,São Paulo,467,6,6,3,3300000,False,Vila Madalena
Rua Filipe de Gusmão,São Paulo,184,3,3,2,1600000,False,Sumarezinho
,São Paulo,248,3,4,10,1150000,False,Vila Lúcia
Rua Lacedemônia,São Paulo,340,4,4,2,843000,False,Jardim Brasil
Alameda dos Auetis,São Paulo,280,4,3,5,1845000,False,Planalto Paulista
,São Paulo,275,4,4,3,2700000,False,Granja Julieta
,São Paulo,620,4,5,4,3985000,False,Vila Madalena
Rua Caropá,São Paulo,192,3,3,2,1780000,False,Vila Madalena
Rua Álvaro Rodrigues,São Paulo,500,4,5,4,2900000,False,Vila Cordeiro
,São Paulo,600,4,5,5,3000000,False,Jardim Guedala
Rua Engenheiro Sá Rocha,São Paulo,490,5,5,10,2400000,False,Vila Ida
,São Paulo,578,4,6,6,4200000,False,Jardim Guedala
Rua José de Freitas Guimarães,São Paulo,400,3,4,5,2600000,False,Pacaembu
Rua Oliveira Dias,São Paulo,530,4,5,4,4800000,False,Jardim Paulista
,São Paulo,580,3,5,4,8000000,False,Jardim Guedala
,São Paulo,136,2,2,2,620000,False,Indianópolis
Rua Pio IV,São Paulo,1000,4,5,8,5000000,False,Jardim Vitória Régia
Rua Araruba,São Paulo,600,4,5,38,7500000,False,Praia da Lagoa
,São Paulo,320,3,3,6,1200000,False,Vila Matilde
,São Paulo,710,3,6,8,4500000,False,Alto da Lapa
Rua Sílvio Portugal,São Paulo,950,9,12,6,3200000,False,Pacaembu
Rua Eduardo Carlos Pereira,São Paulo,199,3,2,2,1060000,False,Vila Dom Pedro I
Rua Thomás Deloney,São Paulo,238,3,4,2,1600000,False,Santo Amaro
Rua Doutor Nelson da Veiga,São Paulo,260,4,5,4,900000,False,Vila Nova Mazzei
Rua Ana Vieira de Carvalho,São Paulo,274,4,5,6,25000,True,Jardim Panorama
,São Paulo,1200,3,3,14,7200000,False,Cidade Jardim
Rua Guilherme Moura,São Paulo,343,4,2,3,3086000,False,Vila Madalena
Rua Luís Botta,São Paulo,61,1,1,1,147288,False,Cidade São Mateus
Rua Panamá,São Paulo,620,4,5,6,50000,True,Jardim América
Rua Desembargador Paulo Passaláqua,São Paulo,826,7,7,30,8000000,False,Pacaembu
Rua Porto Alegre,São Paulo,370,3,4,8,1450000,False,Vila Bertioga
Praça General San Martin,São Paulo,780,4,7,10,13000000,False,Jardim América
,São Paulo,615,4,7,8,2700000,False,Jardim Guedala
Rua Rita Joana de Sousa,São Paulo,300,4,4,3,15000,True,Brooklin Novo
Rua Alberto Faria,São Paulo,373,4,1,4,3500000,False,Alto de Pinheiros
Rua Baiás,São Paulo,471,4,6,8,4500000,False,Boaçava
,São Paulo,1100,4,9,4,13000000,False,Cidade Jardim
Rua Gaurama,São Paulo,450,7,8,6,2199997,False,Jardim Franca
,São Paulo,405,3,4,4,3400000,False,Morumbi
,São Paulo,700,4,8,10,4500000,False,Jardim Leonor
,São Paulo,800,4,8,10,2900000,False,Morumbi
Rua Correia de Lacerda,São Paulo,130,3,3,2,530000,False,Jardim Vila Formosa
,São Paulo,496,4,6,3,3000000,False,Jardim Guedala
Rua Veneza,São Paulo,303,4,8,2,30000,True,Jardim Paulista
Rua Baicuri,São Paulo,640,4,5,6,2600000,False,Boaçava
Rua Graham Bell,São Paulo,440,4,3,5,1970000,False,Santo Amaro
Rua Arandu,São Paulo,110,3,3,1,1265000,False,Brooklin Paulista
Rua Umburanas,São Paulo,300,4,3,4,2800000,False,Alto de Pinheiros
Rua Alberto Faria,São Paulo,500,4,4,3,4500000,False,Alto de Pinheiros
Rua Itaperuna,São Paulo,1000,4,8,4,11990000,False,Pacaembu
Rua Cayowaá,São Paulo,88,3,3,1,990000,False,Perdizes
,São Paulo,551,4,5,6,4950000,False,Santo Amaro
,São Paulo,419,3,4,26,2800000,False,Morumbi
,São Paulo,287,3,4,4,1800000,False,Jardim Leonor
,São Paulo,364,3,4,4,1800000,False,Morumbi
Rua Sanharó,São Paulo,800,4,8,6,5890000,False,Jardim Guedala
Rua Ernesto Nazaré,São Paulo,461,4,6,6,3900000,False,Alto de Pinheiros
Rua dos Tamanás,São Paulo,800,4,3,10,3800000,False,Vila Madalena
Rua Galeno de Almeida,São Paulo,110,3,2,2,8726,True,Pinheiros
,São Paulo,435,7,8,4,4200000,False,Jardim dos Estados
,São Paulo,820,4,5,4,3200000,False,Fazenda Morumbi
Rua Teodoro Ramos,São Paulo,268,3,6,2,15000,True,Pacaembu
,São Paulo,413,4,6,4,1950000,False,Jardim Prudência
Rua Aparecida,São Paulo,105,2,3,2,650000,False,Canindé
,São Paulo,150,3,4,4,1900000,False,Santo Amaro
Rua Doutor Nelson Cayres de Britto,São Paulo,210,3,2,3,700000,False,Vila Tiradentes
Rua Venceslau Flexa,São Paulo,486,4,5,6,3800000,False,Jardim Paulistano
,São Paulo,502,3,5,3,3500000,False,Brooklin Paulista
Rua Comendador Elias Zarzur,São Paulo,240,3,4,2,1470000,False,Santo Amaro
Rua Simpatia,São Paulo,450,4,6,8,2979000,False,Jardim das Bandeiras
,São Paulo,662,4,7,6,2990000,False,Jardim Leonor
,São Paulo,430,4,7,3,2880000,False,Planalto Paulista
Rua Teixeira Pinto,São Paulo,796,4,3,6,6900000,False,Jardim Paulista
,São Paulo,300,3,5,2,3900000,False,Vila Olímpia
Rua Carlos Rath,São Paulo,280,3,4,2,2450000,False,Alto de Pinheiros
Alameda Lorena,São Paulo,110,2,2,1,1860000,False,Jardim Paulista
Rua Caetano de Campos,São Paulo,140,3,2,2,1200000,False,Vila Moreira
,São Paulo,343,3,4,15,7900000,False,Jardim América
Rua Francisco Duarte Graça,São Paulo,127,4,6,2,650000,False,Cidade Vargas
,São Paulo,350,4,4,4,1300000,False,Vila São Francisco
Rua Itapirapuã,São Paulo,230,3,3,1,11000,True,Jardim América
Rua Ourinhos,São Paulo,240,3,4,5,1262000,False,Vila Bertioga
,São Paulo,495,4,3,2,2100000,False,Vila Morumbi
Rua Calíope,São Paulo,572,4,6,7,2900000,False,Jardim Guedala
Rua Próspero Lopez,São Paulo,150,3,3,3,583000,False,Parque Ipê
,São Paulo,600,5,6,6,10000000,False,Cidade Jardim
,São Paulo,401,4,6,5,1850000,False,Brooklin Paulista
Rua São Benedito,São Paulo,307,4,3,3,2000000,False,Santo Amaro
Rua Mariano Procópio,São Paulo,200,3,3,6,2190000,False,Vila Monumento
,São Paulo,650,5,8,6,16000,True,Fazenda Morumbi
,São Paulo,320,4,4,4,3500000,False,Jardim Leonor
,São Paulo,330,5,5,2,3200000,False,Pacaembu
Rua João Diomedes Leônidas,São Paulo,124,3,2,2,485000,False,Jardim Bonfiglioli
,São Paulo,1200,5,7,7,9000000,False,Jardim Morumbi
Rua Doutor Numa Pereira do Vale,São Paulo,336,4,1,2,8000,True,Aclimação
,São Paulo,351,4,4,3,1650000,False,Lar São Paulo
Rua Paulo Franco,São Paulo,483,3,3,3,1695000,False,Vila Leopoldina
,São Paulo,800,4,4,6,3200000,False,Jardim Guedala
,São Paulo,150,3,3,3,600000,False,Lauzane Paulista
Rua Antilhas,São Paulo,600,5,3,9,42000,True,Jardim América
Rua Iraúna,São Paulo,500,3,4,3,3000000,False,Jardim Novo Mundo
Rua Maestro Chiaffarelli,São Paulo,450,3,3,7,3600000,False,Jardim Paulista
,São Paulo,615,4,7,8,2700000,False,Jardim Guedala
Rua Rita Joana de Sousa,São Paulo,300,4,4,3,15000,True,Brooklin Novo
Rua Alberto Faria,São Paulo,373,4,1,4,3500000,False,Alto de Pinheiros
Rua Baiás,São Paulo,471,4,6,8,4500000,False,Boaçava
,São Paulo,1100,4,9,4,13000000,False,Cidade Jardim
Rua Gaurama,São Paulo,450,7,8,6,2199997,False,Jardim Franca
,São Paulo,405,3,4,4,3400000,False,Morumbi
,São Paulo,700,4,8,10,4500000,False,Jardim Leonor
,São Paulo,800,4,8,10,2900000,False,Morumbi
Rua Correia de Lacerda,São Paulo,130,3,3,2,530000,False,Jardim Vila Formosa
,São Paulo,496,4,6,3,3000000,False,Jardim Guedala
Rua Veneza,São Paulo,303,4,8,2,30000,True,Jardim Paulista
Rua Baicuri,São Paulo,640,4,5,6,2600000,False,Boaçava
Rua Graham Bell,São Paulo,440,4,3,5,1970000,False,Santo Amaro
Rua Arandu,São Paulo,110,3,3,1,1265000,False,Brooklin Paulista
Rua Umburanas,São Paulo,300,4,3,4,2800000,False,Alto de Pinheiros
Rua Alberto Faria,São Paulo,500,4,4,3,4500000,False,Alto de Pinheiros
Rua Itaperuna,São Paulo,1000,4,8,4,11990000,False,Pacaembu
Rua Cayowaá,São Paulo,88,3,3,1,990000,False,Perdizes
,São Paulo,551,4,5,6,4950000,False,Santo Amaro
,São Paulo,419,3,4,26,2800000,False,Morumbi
,São Paulo,287,3,4,4,1800000,False,Jardim Leonor
,São Paulo,364,3,4,4,1800000,False,Morumbi
Rua Sanharó,São Paulo,800,4,8,6,5890000,False,Jardim Guedala
Rua Ernesto Nazaré,São Paulo,461,4,6,6,3900000,False,Alto de Pinheiros
Rua dos Tamanás,São Paulo,800,4,3,10,3800000,False,Vila Madalena
Rua Galeno de Almeida,São Paulo,110,3,2,2,8726,True,Pinheiros
,São Paulo,435,7,8,4,4200000,False,Jardim dos Estados
,São Paulo,820,4,5,4,3200000,False,Fazenda Morumbi
Rua Teodoro Ramos,São Paulo,268,3,6,2,15000,True,Pacaembu
,São Paulo,413,4,6,4,1950000,False,Jardim Prudência
Rua Aparecida,São Paulo,105,2,3,2,650000,False,Canindé
,São Paulo,150,3,4,4,1900000,False,Santo Amaro
Rua Doutor Nelson Cayres de Britto,São Paulo,210,3,2,3,700000,False,Vila Tiradentes
,São Paulo,337,3,5,4,4500000,False,Brooklin Novo
Rua Chile,São Paulo,440,3,3,4,8900000,False,Jardim América
,São Paulo,170,2,2,5,2600000,False,Perdizes
Rua Ingles de Sousa,São Paulo,120,3,2,5,1700000,False,Jardim da Glória
,São Paulo,90,2,2,1,750000,False,Cambuci
Rua Natingui,São Paulo,300,4,3,7,1800000,False,Vila Madalena
Praça Marquês de Itanhaém,São Paulo,240,4,4,6,2150000,False,Vila Madalena
,São Paulo,146,3,4,2,1285000,False,Santo Amaro
,São Paulo,750,5,7,8,4200000,False,Brooklin Paulista
,São Paulo,380,3,3,7,10000,True,Lapa
Rua Traipu,São Paulo,280,4,2,2,2200000,False,Pacaembu
Rua Alberto Faria,São Paulo,418,5,6,6,3200000,False,Alto de Pinheiros
,São Paulo,128,2,3,2,750000,False,Vila Palmeiras
,São Paulo,130,3,5,2,680000,False,Chácara Califórnia
,São Paulo,420,4,4,3,4200000,False,Vila Madalena
,São Paulo,356,4,5,4,2000000,False,Campo Belo
,São Paulo,681,5,6,8,2300000,False,Jardim Guedala
Rua Doutor Alberto Seabra,São Paulo,450,1,1,4,12000,True,Vila Madalena
Rua Capitão Prudente,São Paulo,257,3,3,2,2300000,False,Pinheiros
Rua Lourenço de Almeida,São Paulo,120,3,1,2,2300000,False,Vila Nova Conceição
Rua Ernesto Nazaré,São Paulo,500,4,6,6,4500000,False,Alto de Pinheiros
,São Paulo,450,13,7,7,13000000,False,Jardim Paulista
Rua Margarida Galvão,São Paulo,600,4,4,6,5400000,False,Paineiras do Morumbi
,São Paulo,667,5,6,3,9500000,False,Jardim Europa
Rua Professor Miguel Maurício da Rocha,São Paulo,485,4,7,4,2660000,False,Brooklin Paulista
,São Paulo,840,4,7,8,5900000,False,Cidade Jardim
,São Paulo,212,3,5,4,950000,False,Jardim Prudência
Rua Pio IV,São Paulo,600,4,6,4,4000000,False,Jardim Vitória Régia
Rua Lourenço Castanho,São Paulo,350,4,4,9,4000000,False,Vila Nova Conceição
,São Paulo,379,5,5,4,7000000,False,Jardim América
Rua Flórida,São Paulo,112,2,1,1,1282400,False,Cidade Monções
,São Paulo,500,5,3,5,2650000,False,Jardim Guedala
,São Paulo,674,4,6,4,3500000,False,Morumbi
Rua Alvorada do Sul,São Paulo,520,4,5,3,1890000,False,Jardim Guedala
,São Paulo,389,4,6,4,2500000,False,Planalto Paulista
,São Paulo,180,5,7,5,1800000,False,Lauzane Paulista
,São Paulo,285,4,5,6,1390000,False,Jardim Leonor
Rua Moreira de Vasconcelos,São Paulo,250,3,4,2,700000,False,Vila Maria Alta
Alameda Lorena,São Paulo,110,2,2,1,1860000,False,Jardim Paulista
Rua Caetano de Campos,São Paulo,140,3,2,2,1200000,False,Vila Moreira
,São Paulo,343,3,4,15,7900000,False,Jardim América
Rua Francisco Duarte Graça,São Paulo,127,4,6,2,650000,False,Cidade Vargas
,São Paulo,559,4,4,5,7750000,False,Alto de Pinheiros
,São Paulo,350,4,4,4,1300000,False,Vila São Francisco
Rua Itapirapuã,São Paulo,230,3,3,1,11000,True,Jardim América
Rua Ourinhos,São Paulo,240,3,4,5,1262000,False,Vila Bertioga
,São Paulo,495,4,3,2,2100000,False,Vila Morumbi
Rua Calíope,São Paulo,572,4,6,7,2900000,False,Jardim Guedala
Rua Próspero Lopez,São Paulo,150,3,3,3,583000,False,Parque Ipê
,São Paulo,600,5,6,6,10000000,False,Cidade Jardim
,São Paulo,401,4,6,5,1850000,False,Brooklin Paulista
Rua São Benedito,São Paulo,307,4,3,3,2000000,False,Santo Amaro
Rua Mariano Procópio,São Paulo,200,3,3,6,2190000,False,Vila Monumento
,São Paulo,650,5,8,6,16000,True,Fazenda Morumbi
,São Paulo,320,4,4,4,3500000,False,Jardim Leonor
,São Paulo,330,5,5,2,3200000,False,Pacaembu
Rua João Diomedes Leônidas,São Paulo,124,3,2,2,485000,False,Jardim Bonfiglioli
,São Paulo,1200,5,7,7,9000000,False,Jardim Morumbi
Rua Doutor Numa Pereira do Vale,São Paulo,336,4,1,2,8000,True,Aclimação
,São Paulo,351,4,4,3,1650000,False,Lar São Paulo
Rua Paulo Franco,São Paulo,483,3,3,3,1695000,False,Vila Leopoldina
,São Paulo,800,4,4,6,3200000,False,Jardim Guedala
,São Paulo,150,3,3,3,600000,False,Lauzane Paulista
,São Paulo,300,3,1,6,3300000,False,Cidade Jardim
Rua Antilhas,São Paulo,600,5,3,9,42000,True,Jardim América
Rua Iraúna,São Paulo,500,3,4,3,3000000,False,Jardim Novo Mundo
Rua Maestro Chiaffarelli,São Paulo,450,3,3,7,3600000,False,Jardim Paulista
,São Paulo,455,4,5,4,25000,True,Jardim Guedala
,São Paulo,692,4,4,4,3500000,False,Jardim Everest
Rua Américo Brasiliense,São Paulo,151,3,1,2,1000000,False,Chácara Santo Antônio
Rua Nova York,São Paulo,350,3,3,5,2500000,False,Brooklin Paulista
,São Paulo,281,4,5,5,2460000,False,Instituto de Previdência
Rua Cônego Eugênio Leite,São Paulo,285,3,2,1,2500000,False,Cerqueira César
Rua Itobi,São Paulo,247,4,5,2,1970000,False,Sumaré
,São Paulo,145,3,2,2,795000,False,Parque da Lapa
,São Paulo,669,4,6,6,3000000,False,Jardim Guedala
Rua Umburanas,São Paulo,550,4,5,4,7200000,False,Alto de Pinheiros
Rua Vapabussu,São Paulo,218,3,3,6,840000,False,Jardim Aeroporto
Rua José Vicente,São Paulo,500,4,7,9,3600000,False,Tremembé
Rua General Góis Monteiro,São Paulo,400,3,3,3,1600000,False,Vila Anglo Brasileira
Rua França,São Paulo,530,4,5,2,5350000,False,Jardim Europa
Rua Doutor Eduardo de Souza Aranha,São Paulo,166,2,1,2,2241000,False,Vila Nova Conceição
Rua Marechal Renato Paquet,São Paulo,197,4,4,4,1400000,False,Jardim Marajoara
Rua Costa Rica,São Paulo,1140,5,6,10,25000000,False,Jardim América
,São Paulo,380,5,5,5,3000000,False,Pacaembu
Rua Pérsio Pacheco e Silva,São Paulo,141,3,3,2,800000,False,Interlagos
,São Paulo,387,5,8,5,5500000,False,Alto de Pinheiros
,São Paulo,320,3,3,2,2480000,False,Vila Pompéia
,São Paulo,650,4,6,4,3600000,False,Jardim Guedala
Rua Embuaçu,São Paulo,120,3,4,2,880000,False,Vila Mariana
,São Paulo,320,3,4,3,4800000,False,Alto da Lapa
Rua dos Lírios,São Paulo,240,3,3,3,1490000,False,Mirandópolis
Rua Circular do Bosque,São Paulo,478,3,3,6,30000,True,Jardim Guedala
Rua Salvador Rolla,São Paulo,125,2,1,2,330000,False,Chácara Belenzinho
,São Paulo,700,5,8,8,6500000,False,Alto de Pinheiros
Rua Baltazar Lisboa,São Paulo,150,3,1,1,855000,False,Vila Mariana
Rua Rodrigo Vieira,São Paulo,128,3,4,4,1170000,False,Jardim Vila Mariana
Rua Puréus,São Paulo,1225,5,7,4,12000000,False,Jardim Guedala
Rua Francisco Pessoa,São Paulo,168,3,4,3,1200000,False,Vila Andrade
Rua Montezuma,São Paulo,300,4,4,4,4800000,False,Jardim das Bandeiras
,São Paulo,170,2,2,5,2600000,False,Perdizes
Rua Ingles de Sousa,São Paulo,120,3,2,5,1700000,False,Jardim da Glória
,São Paulo,90,2,2,1,750000,False,Cambuci
Rua Natingui,São Paulo,300,4,3,7,1800000,False,Vila Madalena
Praça Marquês de Itanhaém,São Paulo,240,4,4,6,2150000,False,Vila Madalena
,São Paulo,146,3,4,2,1285000,False,Santo Amaro
,São Paulo,750,5,7,8,4200000,False,Brooklin Paulista
,São Paulo,380,3,3,7,10000,True,Lapa
Rua Traipu,São Paulo,280,4,2,2,2200000,False,Pacaembu
Rua Alberto Faria,São Paulo,418,5,6,6,3200000,False,Alto de Pinheiros
Rua Argentina,São Paulo,880,4,8,8,65000,True,Jardim América
Avenida Professor Fonseca Rodrigues,São Paulo,693,4,6,6,45000,True,Alto de Pinheiros
Rua Francisco Dias Velho,São Paulo,200,1,2,2,1600000,False,Vila Cordeiro
,São Paulo,451,4,5,3,5000000,False,Cidade Jardim
Rua Porto Alegre,São Paulo,280,3,3,8,1540000,False,Vila Bertioga
Rua Ministro Jesuíno Cardoso,São Paulo,150,2,2,2,1650000,False,Vila Nova Conceição
,São Paulo,1301,5,7,10,26000000,False,Jardim Europa
,São Paulo,210,3,2,2,3400000,False,Jardim Paulista
,São Paulo,440,4,5,3,20000,True,Fazenda Morumbi
Rua Engenheiro Sá Rocha,São Paulo,400,4,5,4,2700000,False,Vila Ida
Rua Armando Pinto,São Paulo,254,3,4,2,2300000,False,Sumarezinho
Rua Bento de Abreu,São Paulo,177,3,6,4,1150000,False,Vila Romana
Rua Araçatuba,São Paulo,120,3,1,2,720000,False,Vila Ipojuca
Rua Montezuma,São Paulo,300,4,2,4,4800000,False,Jardim das Bandeiras
Rua do Horto,São Paulo,384,3,5,8,1500000,False,Horto Florestal
Rua Belchior de Azevedo,São Paulo,270,3,2,3,1400000,False,Vila Leopoldina
Rua Dom Manuel da Cruz,São Paulo,195,3,3,3,1321000,False,Vila Gomes Cardim
,São Paulo,1000,3,5,1,11600000,False,Jardim Morumbi
,São Paulo,350,3,5,4,3500000,False,Alto de Pinheiros
Alameda Gabriel Monteiro da Silva,São Paulo,477,4,5,5,25000,True,Jardim América
Rua Democracia,São Paulo,100,2,1,1,440000,False,Vila Brasilina
Rua Rodrigues Guião,São Paulo,120,3,2,1,1650000,False,Pinheiros
Rua Hans Staden,São Paulo,420,4,3,3,2500000,False,Butantã
,São Paulo,530,4,6,6,4000000,False,Alto da Lapa
,São Paulo,1200,6,11,6,9500000,False,Morumbi
Rua Iquitos,São Paulo,330,4,4,3,3000000,False,Vila Madalena
,São Paulo,800,4,7,14,12000000,False,Morumbi
Avenida Nova Cantareira,São Paulo,2160,3,4,10,4900000,False,Tucuruvi
Rua Teviot,São Paulo,360,4,3,2,6000000,False,Vila Nova Conceição
,São Paulo,1800,6,6,10,11500000,False,Morumbi
Rua Maria Leonete da Silva Nóbrega,São Paulo,87,2,2,1,880000,False,Vila Ida
Rua Consórcio,São Paulo,271,4,4,4,2800000,False,Vila Nova Conceição
,São Paulo,370,4,4,4,4100000,False,Alto de Pinheiros
,São Paulo,750,4,7,5,3500000,False,Morumbi
Avenida Ireré,São Paulo,356,3,4,4,2200000,False,Planalto Paulista
Rua Banibás,São Paulo,341,4,3,4,3000000,False,Alto de Pinheiros
Rua Capitão Teófilo Marcondes da Silva,São Paulo,150,3,2,1,865000,False,Vila Pompéia
Rua Apicum,São Paulo,90,1,1,1,350000,False,Vila Matilde
Rua Olegário Mariano,São Paulo,673,4,7,8,6500000,False,Jardim Guedala
,São Paulo,536,3,6,4,6200000,False,Jardim Guedala
,São Paulo,223,3,4,3,1600000,False,Chácara Monte Alegre
Rua Sararé,São Paulo,300,3,1,2,2200000,False,Vila Madalena
,São Paulo,300,4,4,2,5000000,False,Jardim Europa
,São Paulo,455,4,3,4,3883000,False,Vila Inah
Rua Argentina,São Paulo,860,3,6,13,65000,True,Jardim América
Rua Wanderley,São Paulo,240,3,5,2,1500000,False,Perdizes
Rua Graúna,São Paulo,140,2,2,1,1550000,False,Vila Uberabinha
,São Paulo,380,4,5,4,25000,True,Jardim América
Rua Carlos Cyrillo Júnior,São Paulo,900,5,5,3,6500000,False,Jardim Leonor
Rua João Lourenço,São Paulo,500,4,3,2,9000000,False,Vila Nova Conceição
Rua Camilo Batista,São Paulo,273,3,2,2,690000,False,Vila Amélia
Rua Antônio Alves Magan,São Paulo,245,3,5,8,2335000,False,Sumaré
,São Paulo,412,4,5,6,6000000,False,Boaçava
Alameda dos Anapurus,São Paulo,320,2,1,6,1980000,False,Indianópolis
Rua Maria Luísa de Pinho,São Paulo,520,4,4,6,8000,True,Parque da Mooca
,São Paulo,700,4,4,10,4500000,False,Cidade Jardim
Rua Cardeal Cagliori,São Paulo,600,4,3,5,6000000,False,Alto de Pinheiros
,São Paulo,95,2,4,2,800000,False,Brooklin Paulista
Rua Frederico Von Martius,São Paulo,145,3,4,3,1280000,False,Vila Monumento
,São Paulo,865,5,8,14,28000000,False,Jardim América
,São Paulo,524,5,3,5,12000000,False,Jardim Paulistano
Rua Araxiá,São Paulo,456,4,3,5,2350000,False,Jardim Guedala
Rua Campo Grande,São Paulo,500,3,4,5,4300000,False,Vila Hamburguesa
Rua Félix Pola,São Paulo,150,3,2,2,950000,False,Cambuci
,São Paulo,720,5,4,8,2950000,False,Jardim Leonor
Alameda dos Anapurus,São Paulo,400,5,6,5,4000000,False,Indianópolis
Rua Doutor David Campista,São Paulo,381,3,5,3,3890000,False,Jardim Paulista
Rua Cristóvão Pereira,São Paulo,428,5,2,3,2800000,False,Campo Belo
Rua Berlioz,São Paulo,440,5,7,6,3000000,False,Alto de Pinheiros
Rua Alves Guimarães,São Paulo,260,4,3,4,2600000,False,Pinheiros
,São Paulo,500,3,6,3,4200000,False,Jardim Leonor
,São Paulo,480,3,3,3,5500000,False,Vila Madalena
,São Paulo,91,3,2,2,849000,False,Jardim Umuarama
Rua Rosa e Silva,São Paulo,250,4,1,2,2250000,False,Santa Cecília
Rua Rio da Prata,São Paulo,158,3,3,2,1300000,False,Cidade Monções
Rua Joazeiro,São Paulo,338,3,4,4,1980000,False,Sumaré
Rua Sílvio Portugal,São Paulo,580,4,8,4,4200000,False,Pacaembu
Rua Alberto Afonso Martins,São Paulo,179,4,5,2,2290000,False,Vila Mariana
,São Paulo,270,4,6,6,4500000,False,Vila Sônia
Rua dos Continentes,São Paulo,160,3,3,4,640000,False,Vila Ré
Avenida Rebouças,São Paulo,359,3,3,6,3500000,False,Pinheiros
Rua Geórgia,São Paulo,160,3,4,4,1800000,False,Brooklin
,São Paulo,785,8,6,8,15000000,False,Pacaembu
Rua Cristiano Viana,São Paulo,155,3,4,1,1280000,False,Cerqueira César
Rua Costa Rica,São Paulo,697,4,8,6,18000000,False,Jardim América
Rua Maria Carolina,São Paulo,180,3,3,2,2680000,False,Jardim Paulistano
Rua Pirapora,São Paulo,130,2,1,1,1000000,False,Vila Mariana
,São Paulo,225,3,2,6,1000000,False,Jardim Prudência
Rua Teerã,São Paulo,146,3,2,2,798000,False,Parque da Lapa
Rua Doutor Carmino Capricchio,São Paulo,130,3,1,4,585000,False,Vila Tiradentes
Avenida Lopes de Azevedo,São Paulo,808,5,6,6,12500000,False,Jardim Guedala
Rua Argentina,São Paulo,880,4,8,8,65000,True,Jardim América
Avenida Professor Fonseca Rodrigues,São Paulo,693,4,6,6,45000,True,Alto de Pinheiros
Rua Francisco Dias Velho,São Paulo,200,1,2,2,1600000,False,Vila Cordeiro
Rua Doutor David Campista,São Paulo,360,3,5,3,3890000,False,Jardim Paulista
,São Paulo,451,4,5,3,5000000,False,Cidade Jardim
Rua Porto Alegre,São Paulo,280,3,3,8,1540000,False,Vila Bertioga
Rua Ministro Jesuíno Cardoso,São Paulo,150,2,2,2,1650000,False,Vila Nova Conceição
,São Paulo,1301,5,7,10,26000000,False,Jardim Europa
,São Paulo,210,3,2,2,3400000,False,Jardim Paulista
,São Paulo,440,4,5,3,20000,True,Fazenda Morumbi
Rua Engenheiro Sá Rocha,São Paulo,400,4,5,4,2700000,False,Vila Ida
Rua Armando Pinto,São Paulo,254,3,4,2,2300000,False,Sumarezinho
Rua Bento de Abreu,São Paulo,177,3,6,4,1150000,False,Vila Romana
Rua Araçatuba,São Paulo,120,3,1,2,720000,False,Vila Ipojuca
Rua Montezuma,São Paulo,300,4,2,4,4800000,False,Jardim das Bandeiras
Rua do Horto,São Paulo,384,3,5,8,1500000,False,Horto Florestal
Rua Belchior de Azevedo,São Paulo,270,3,2,3,1400000,False,Vila Leopoldina
Rua Dom Manuel da Cruz,São Paulo,195,3,3,3,1321000,False,Vila Gomes Cardim
,São Paulo,1000,3,5,1,11600000,False,Jardim Morumbi
,São Paulo,350,3,5,4,3500000,False,Alto de Pinheiros
Alameda Gabriel Monteiro da Silva,São Paulo,477,4,5,5,25000,True,Jardim América
,São Paulo,413,4,7,8,5000000,False,Alto de Pinheiros
,São Paulo,606,4,6,6,2250000,False,Jardim Marajoara
Rua Democracia,São Paulo,100,2,1,1,440000,False,Vila Brasilina
Rua Rodrigues Guião,São Paulo,120,3,2,1,1650000,False,Pinheiros
Rua Hans Staden,São Paulo,420,4,3,3,2500000,False,Butantã
,São Paulo,530,4,6,6,4000000,False,Alto da Lapa
,São Paulo,1200,6,11,6,9500000,False,Morumbi
Rua Iquitos,São Paulo,330,4,4,3,3000000,False,Vila Madalena
,São Paulo,800,4,7,14,12000000,False,Morumbi
Avenida Nova Cantareira,São Paulo,2160,3,4,10,4900000,False,Tucuruvi
Rua Teviot,São Paulo,360,4,3,2,6000000,False,Vila Nova Conceição
,São Paulo,1800,6,6,10,11500000,False,Morumbi
Rua Maria Leonete da Silva Nóbrega,São Paulo,87,2,2,1,880000,False,Vila Ida
Rua Consórcio,São Paulo,271,4,4,4,2800000,False,Vila Nova Conceição
,São Paulo,800,4,4,4,4100000,False,Jardim Guedala
,São Paulo,370,4,4,4,4100000,False,Alto de Pinheiros
,São Paulo,750,4,7,5,3500000,False,Morumbi
Avenida Ireré,São Paulo,356,3,4,4,2200000,False,Planalto Paulista
Rua Banibás,São Paulo,341,4,3,4,3000000,False,Alto de Pinheiros
,São Paulo,517,4,6,4,9500000,False,Jardim Paulista
,São Paulo,1400,3,7,10,11000000,False,Pacaembu
,São Paulo,800,4,4,8,45000,True,Cidade Jardim
Rua Sararé,São Paulo,280,4,4,2,1700000,False,Vila Madalena
,São Paulo,810,4,6,4,4500000,False,Jardim Guedala
Rua Prudente Correia,São Paulo,290,4,6,2,5100000,False,Jardins
,São Paulo,480,4,3,6,3500000,False,Jardim Leonor
Rua Capitão Teófilo Marcondes da Silva,São Paulo,150,3,2,1,865000,False,Vila Pompéia
Rua Apicum,São Paulo,90,1,1,1,350000,False,Vila Matilde
Rua Olegário Mariano,São Paulo,673,4,7,8,6500000,False,Jardim Guedala
,São Paulo,536,3,6,4,6200000,False,Jardim Guedala
,São Paulo,223,3,4,3,1600000,False,Chácara Monte Alegre
Rua Sararé,São Paulo,300,3,1,2,2200000,False,Vila Madalena
,São Paulo,300,4,4,2,5000000,False,Jardim Europa
,São Paulo,455,4,3,4,3883000,False,Vila Inah
Rua Argentina,São Paulo,860,3,6,13,65000,True,Jardim América
Rua Wanderley,São Paulo,240,3,5,2,1500000,False,Perdizes
Rua Graúna,São Paulo,140,2,2,1,1550000,False,Vila Uberabinha
,São Paulo,380,4,5,4,25000,True,Jardim América
Rua Carlos Cyrillo Júnior,São Paulo,900,5,5,3,6500000,False,Jardim Leonor
Rua João Lourenço,São Paulo,500,4,3,2,9000000,False,Vila Nova Conceição
Rua Camilo Batista,São Paulo,273,3,2,2,690000,False,Vila Amélia
Rua Antônio Alves Magan,São Paulo,245,3,5,8,2335000,False,Sumaré
,São Paulo,412,4,5,6,6000000,False,Boaçava
Alameda dos Anapurus,São Paulo,320,2,1,6,1980000,False,Indianópolis
Rua Maria Luísa de Pinho,São Paulo,520,4,4,6,8000,True,Parque da Mooca
,São Paulo,700,4,4,10,4500000,False,Cidade Jardim
Rua Cardeal Cagliori,São Paulo,600,4,3,5,6000000,False,Alto de Pinheiros
,São Paulo,95,2,4,2,800000,False,Brooklin Paulista
Rua Frederico Von Martius,São Paulo,145,3,4,3,1280000,False,Vila Monumento
,São Paulo,865,5,8,14,28000000,False,Jardim América
,São Paulo,524,5,3,5,12000000,False,Jardim Paulistano
Rua Araxiá,São Paulo,456,4,3,5,2350000,False,Jardim Guedala
Rua Campo Grande,São Paulo,500,3,4,5,4300000,False,Vila Hamburguesa
Rua Félix Pola,São Paulo,150,3,2,2,950000,False,Cambuci
,São Paulo,720,5,4,8,2950000,False,Jardim Leonor
Alameda dos Anapurus,São Paulo,400,5,6,5,4000000,False,Indianópolis
Rua Doutor David Campista,São Paulo,381,3,5,3,3890000,False,Jardim Paulista
Rua Cristóvão Pereira,São Paulo,428,5,2,3,2800000,False,Campo Belo
Rua Berlioz,São Paulo,440,5,7,6,3000000,False,Alto de Pinheiros
Rua Alves Guimarães,São Paulo,260,4,3,4,2600000,False,Pinheiros
,São Paulo,500,3,6,3,4200000,False,Jardim Leonor
,São Paulo,480,3,3,3,5500000,False,Vila Madalena
,São Paulo,578,5,7,3,3500000,False,Parque Colonial
,São Paulo,275,3,3,2,800000,False,Parque Continental
,São Paulo,280,3,4,4,2800000,False,Vila Progredior
,São Paulo,200,3,3,2,1380000,False,Perdizes
,São Paulo,399,3,4,6,13000,True,Alto de Pinheiros
Rua Juréia,São Paulo,190,3,2,2,690000,False,Chácara Inglesa
,São Paulo,160,3,4,3,950000,False,Jardim Ampliação
Rua Breno Ferraz do Amaral,São Paulo,235,4,4,3,1200000,False,Cursino
Rua Colegio Pio XII,São Paulo,474,5,5,4,1690000,False,Fazenda Morumbi
Rua Marechal Renato Paquet,São Paulo,400,4,6,4,1490000,False,Jardim Marajoara
,São Paulo,685,6,5,6,4200000,False,Jardim Guedala
,São Paulo,1090,4,6,15,6500000,False,Paineiras do Morumbi
Rua General Eloy Alfaro,São Paulo,276,3,4,2,1680000,False,Vila Mariana
,São Paulo,613,4,5,6,20000,True,Jardim Guedala
Rua Traipu,São Paulo,174,3,4,3,1280000,False,Pacaembu
Rua Manguatá,São Paulo,196,4,5,4,2000000,False,Cidade Monções
Rua Pacobá,São Paulo,639,4,2,4,4000000,False,Jardim Panorama
Rua Manduri,São Paulo,383,4,6,4,3650000,False,Jardim Paulistano
,São Paulo,660,5,4,4,40000,True,Morumbi
,São Paulo,858,4,6,8,6000000,False,Jardim Guedala
,São Paulo,364,5,4,8,18000,True,Vila Madalena
Rua Marcelina,São Paulo,120,2,4,1,800000,False,Vila Romana
,São Paulo,356,4,6,4,2900000,False,Boaçava
Rua Joaquim José do Amaral,São Paulo,240,3,4,3,560000,False,Jardim Alvorada
,São Paulo,564,4,4,6,5100000,False,Paineiras do Morumbi
Rua General Góis Monteiro,São Paulo,200,3,6,3,1250000,False,Vila Anglo Brasileira
Rua Ministro José G. R. Alckmin,São Paulo,139,2,3,4,1000000,False,Santo Amaro
Rua Cayowaá,São Paulo,230,3,2,2,1200000,False,Perdizes
,São Paulo,550,3,2,6,3035000,False,Vila Leopoldina
Rua Pedro Campana,São Paulo,270,3,5,4,1910000,False,Jardim Vila Mariana
Rua Artur Dias,São Paulo,126,3,5,3,1000000,False,Bosque da Saúde
Rua Capitão Caetano João Batista,São Paulo,400,5,4,2,2200000,False,Saúde
,São Paulo,700,6,7,10,23000000,False,Jardim América
Rua Olegário Mariano,São Paulo,900,7,2,12,15000000,False,Jardim Guedala
,São Paulo,482,4,6,4,4500000,False,Jardim Novo Mundo
,São Paulo,206,3,5,4,1498000,False,Santo Amaro
Avenida Santo Albano,São Paulo,295,3,4,4,640000,False,Vila Vera
,São Paulo,512,3,4,8,4300000,False,Morumbi
Rua Emboabas,São Paulo,500,4,6,5,3000000,False,Brooklin Paulista
,São Paulo,430,4,2,6,10000,True,Alto da Lapa
Rua Major Natanael,São Paulo,380,3,3,6,2000000,False,Pacaembu
Rua Pedro,São Paulo,670,4,6,6,3000000,False,Vila Albertina
,São Paulo,400,4,2,2,3650000,False,Pacaembu
,São Paulo,650,3,6,10,10000000,False,Jardim Paulistano
Rua Dom Lúcio de Sousa,São Paulo,567,3,2,5,2500000,False,Vila Gumercindo
Rua Bento Vieira,São Paulo,151,3,2,3,880000,False,Ipiranga
,São Paulo,300,3,4,4,2800000,False,Pacaembu
,São Paulo,400,3,5,6,3400000,False,Boaçava
,São Paulo,418,5,3,6,4050000,False,Pinheiros
,São Paulo,250,1,3,4,20000,True,Vila Madalena
,São Paulo,1250,4,4,6,64000,True,Jardim Europa
Viela Um,São Paulo,266,4,5,5,2500000,False,Jardim Peri
Rua João Lourenço,São Paulo,1000,1,3,10,15000000,False,Vila Nova Conceição
Rua Antônio Salema,São Paulo,180,4,6,4,850000,False,Vila Morse
,São Paulo,270,4,5,3,1975000,False,Vila Tramontano
Rua Maranduba,São Paulo,160,3,3,1,1400000,False,Aclimação
,São Paulo,400,3,3,9,6000000,False,Jardim Paulista
,São Paulo,742,5,7,6,3400000,False,Jardim Guedala
Rua Brigadeiro Armando Trompowsky,São Paulo,1700,7,7,6,12000000,False,Jardim Morumbi
,São Paulo,390,5,6,6,5500000,False,Jardim Paulista
,São Paulo,390,4,4,4,3000000,False,Jardim das Bandeiras
Viela Um,São Paulo,267,3,5,4,1910000,False,Jardim Peri
,São Paulo,289,4,6,4,6900000,False,Jardim Guedala
Rua Paraupava,São Paulo,135,3,3,2,670000,False,Belenzinho
,São Paulo,420,6,3,6,15000,True,Jardim Monte Kemel
Rua Bela Vista,São Paulo,37,5,5,2,690000,False,Santo Amaro
Rua Sanharó,São Paulo,900,5,8,10,5800000,False,Jardim Guedala
Rua Francisco Bellazzi,São Paulo,70,2,1,1,255000,False,Jardim Jaraguá
,São Paulo,145,3,2,2,2150000,False,Vila Madalena
,São Paulo,396,4,4,11,2000000,False,Morumbi
,São Paulo,392,4,5,2,3200000,False,Vila Madalena
,São Paulo,140,2,1,10,2100000,False,Vila Cordeiro
,São Paulo,600,4,5,3,4500000,False,Boaçava
,São Paulo,488,4,40,4,2600000,False,Jardim Guedala
Rua Salvador Longo,São Paulo,119,2,1,2,1100000,False,Itaim Bibi
,São Paulo,550,4,5,4,12000000,False,Jardim Paulista
Rua Doutor Roberto Mercatelli,São Paulo,87,3,2,1,639000,False,Barra Funda
,São Paulo,850,4,6,9,40000,True,Retiro Morumbi
,São Paulo,600,4,4,4,3500000,False,Butantã
,São Paulo,250,3,4,3,15000,True,Alto da Lapa
Rua José de Freitas Guimarães,São Paulo,419,4,2,6,2700000,False,Pacaembu
Rua Croata,São Paulo,200,2,3,2,1570000,False,Vila Ipojuca
,São Paulo,250,4,5,2,5350000,False,Jardim Europa
Rua Dom Duarte Leopoldo,São Paulo,88,2,2,1,595000,False,Cambuci
,São Paulo,429,4,7,3,8000000,False,Jardim Petrópolis
,São Paulo,650,5,6,6,13500000,False,Jardim Europa
,São Paulo,256,4,2,5,1800000,False,Vila Tramontano
Praça Louveira,São Paulo,250,4,2,3,1350000,False,Tatuapé
,São Paulo,400,4,3,4,2950000,False,Jardim Marajoara
,São Paulo,360,5,3,4,990000,False,Cidade Patriarca
,São Paulo,1000,4,4,10,25000,True,Vila Tramontano
Rua Feliciano Maia,São Paulo,300,3,2,3,3950000,False,Jardim Paulista
,São Paulo,200,3,5,3,1790000,False,Santo Amaro
,São Paulo,480,4,5,3,3200000,False,Morumbi
Rua Estela,São Paulo,89,3,2,2,860000,False,Vila Mariana
Avenida Tomás de Sousa,São Paulo,320,4,5,7,1000000,False,Jardim Monte Azul
,São Paulo,675,4,6,9,25000000,False,Jardim América
,São Paulo,1300,6,8,9,35000,True,Vila Tramontano
,São Paulo,450,3,4,7,3800000,False,Jardim Paulista
,São Paulo,900,5,5,3,6500000,False,Jardim Leonor
,São Paulo,466,4,6,5,7250000,False,Alto de Pinheiros
,São Paulo,350,4,4,3,3800000,False,Chácara Santo Antônio
Rua Sebastião Caleiro,São Paulo,330,4,3,4,1850000,False,Vila Madalena
,São Paulo,485,4,6,7,9900,True,Vila Inah
,São Paulo,480,4,5,4,19000000,False,Jardim América
,São Paulo,260,4,4,7,4500000,False,Jardim Paulista
,São Paulo,470,4,8,6,18000000,False,Jardim Paulista
,São Paulo,363,3,3,3,1650000,False,Lapa
Rua Petrópolis,São Paulo,400,4,6,4,3000000,False,Sumaré
,São Paulo,600,3,6,5,12000000,False,Jardim Luzitânia
,São Paulo,643,4,4,7,18000000,False,Jardim Europa
,São Paulo,180,5,3,2,600000,False,Vila Guarani
,São Paulo,1400,5,9,5,55000,True,Jardim Leonor
,São Paulo,330,3,6,3,3200000,False,Sumaré
,São Paulo,180,5,3,2,600000,False,Vila Guarani
,São Paulo,1400,5,9,5,55000,True,Jardim Leonor
,São Paulo,330,3,6,3,3200000,False,Sumaré
Largo Mestre de Aviz,São Paulo,454,4,6,4,3850000,False,Jardim Luzitânia
,São Paulo,312,3,4,5,3150000,False,Boaçava
,São Paulo,503,4,5,4,3600000,False,Cidade Jardim
Rua Constantino Fraga,São Paulo,140,2,2,3,980000,False,Vila Hamburguesa
,São Paulo,550,4,6,6,4950000,False,Granja Julieta
,São Paulo,670,4,5,6,5000000,False,Alto de Pinheiros
Avenida Armando Ferrentini,São Paulo,247,3,5,2,1590000,False,Paraíso
,São Paulo,301,4,3,4,4200000,False,Jardim América
Rua Vicente Leporace,São Paulo,480,7,8,4,2750000,False,Campo Belo
,São Paulo,394,4,4,3,2500000,False,Vila Tramontano
Praça Conde de Barcelos,São Paulo,279,5,5,4,4300000,False,Alto de Pinheiros
Rua Doutor Aldo de Assis Dias,São Paulo,125,3,2,2,730000,False,Vila Isa
,São Paulo,900,4,7,6,40000,True,Jardim Sílvia
,São Paulo,155,3,4,2,1600000,False,Vila Cruzeiro
,São Paulo,240,4,5,2,2990000,False,Sumarezinho
,São Paulo,373,3,2,4,3500000,False,Santo Amaro
Rua Conde de Ipanema,São Paulo,500,3,5,5,1450000,False,Parque Colonial
,São Paulo,614,5,6,8,9000000,False,Jardim Leonor
Rua Camacam,São Paulo,138,2,2,3,699000,False,Vila Anastácio
,São Paulo,764,3,5,4,48000,True,Alto de Pinheiros
,São Paulo,304,4,6,6,12000,True,Brooklin Paulista
,São Paulo,430,5,7,12,2000000,False,Alto da Lapa
Rua Bennet,São Paulo,531,4,3,6,3500000,False,Alto de Pinheiros
,São Paulo,520,4,7,6,8000,True,Vila Sônia
Rua Alberto Hodge,São Paulo,271,6,6,2,1650000,False,Santo Amaro
,São Paulo,501,4,5,14,12000000,False,Jardim Europa
,São Paulo,1060,5,6,4,30000000,False,Jardim Paulista
,São Paulo,420,4,4,6,3800000,False,Jardim das Bandeiras
Rua Mauricina,São Paulo,170,2,2,4,1250000,False,Vila Romana
Rua Nova York,São Paulo,380,5,3,6,2500000,False,Brooklin Paulista
Rua José Aldo Piassi,São Paulo,200,3,1,5,650000,False,São Miguel Paulista
,São Paulo,520,3,8,10,3723000,False,Alto de Pinheiros
,São Paulo,600,4,6,6,7000000,False,Vila Madalena
Rua Antônio Salema,São Paulo,180,4,6,4,850000,False,Vila Morse
,São Paulo,270,4,5,3,1975000,False,Vila Tramontano
Rua Maranduba,São Paulo,160,3,3,1,1400000,False,Aclimação
,São Paulo,400,3,3,9,6000000,False,Jardim Paulista
,São Paulo,742,5,7,6,3400000,False,Jardim Guedala
Rua Brigadeiro Armando Trompowsky,São Paulo,1700,7,7,6,12000000,False,Jardim Morumbi
,São Paulo,390,5,6,6,5500000,False,Jardim Paulista
,São Paulo,390,4,4,4,3000000,False,Jardim das Bandeiras
Viela Um,São Paulo,267,3,5,4,1910000,False,Jardim Peri
,São Paulo,289,4,6,4,6900000,False,Jardim Guedala
Rua Paraupava,São Paulo,135,3,3,2,670000,False,Belenzinho
,São Paulo,420,6,3,6,15000,True,Jardim Monte Kemel
Rua Bela Vista,São Paulo,37,5,5,2,690000,False,Santo Amaro
Rua Sanharó,São Paulo,900,5,8,10,5800000,False,Jardim Guedala
Rua Francisco Bellazzi,São Paulo,70,2,1,1,255000,False,Jardim Jaraguá
,São Paulo,145,3,2,2,2150000,False,Vila Madalena
,São Paulo,396,4,4,11,2000000,False,Morumbi
,São Paulo,392,4,5,2,3200000,False,Vila Madalena
,São Paulo,140,2,1,10,2100000,False,Vila Cordeiro
,São Paulo,600,4,5,3,4500000,False,Boaçava
,São Paulo,488,4,40,4,2600000,False,Jardim Guedala
,São Paulo,342,4,7,8,2350000,False,Butantã
Rua Salvador Longo,São Paulo,119,2,1,2,1100000,False,Itaim Bibi
,São Paulo,600,4,7,8,1800000,False,Vila Progredior
,São Paulo,550,4,5,4,12000000,False,Jardim Paulista
Rua Doutor Roberto Mercatelli,São Paulo,87,3,2,1,639000,False,Barra Funda
,São Paulo,850,4,6,9,40000,True,Retiro Morumbi
,São Paulo,730,7,7,6,2700000,False,Santo Amaro
,São Paulo,278,4,2,6,1720000,False,Alto da Lapa
,São Paulo,620,4,4,10,4900000,False,Jardim Morumbi
Rua Barão do Rio Pardo,São Paulo,296,4,3,4,1500000,False,Jardim Morumbi
,São Paulo,600,4,4,4,3500000,False,Butantã
,São Paulo,250,3,4,3,15000,True,Alto da Lapa
Rua José de Freitas Guimarães,São Paulo,419,4,2,6,2700000,False,Pacaembu
Rua Croata,São Paulo,200,2,3,2,1570000,False,Vila Ipojuca
,São Paulo,250,4,5,2,5350000,False,Jardim Europa
Rua Dom Duarte Leopoldo,São Paulo,88,2,2,1,595000,False,Cambuci
,São Paulo,429,4,7,3,8000000,False,Jardim Petrópolis
,São Paulo,650,5,6,6,13500000,False,Jardim Europa
,São Paulo,256,4,2,5,1800000,False,Vila Tramontano
Praça Louveira,São Paulo,250,4,2,3,1350000,False,Tatuapé
,São Paulo,400,4,3,4,2950000,False,Jardim Marajoara
,São Paulo,360,5,3,4,990000,False,Cidade Patriarca
,São Paulo,1000,4,4,10,25000,True,Vila Tramontano
Rua Feliciano Maia,São Paulo,300,3,2,3,3950000,False,Jardim Paulista
,São Paulo,200,3,5,3,1790000,False,Santo Amaro
,São Paulo,480,4,5,3,3200000,False,Morumbi
Rua Estela,São Paulo,89,3,2,2,860000,False,Vila Mariana
Avenida Tomás de Sousa,São Paulo,320,4,5,7,1000000,False,Jardim Monte Azul
,São Paulo,675,4,6,9,25000000,False,Jardim América
,São Paulo,1300,6,8,9,35000,True,Vila Tramontano
,São Paulo,450,3,4,7,3800000,False,Jardim Paulista
,São Paulo,900,5,5,3,6500000,False,Jardim Leonor
,São Paulo,466,4,6,5,7250000,False,Alto de Pinheiros
,São Paulo,350,4,4,3,3800000,False,Chácara Santo Antônio
,São Paulo,61,1,1,1,147288,False,Cidade São Mateus
Rua Sebastião Caleiro,São Paulo,330,4,3,4,1850000,False,Vila Madalena
,São Paulo,485,4,6,7,9900,True,Vila Inah
,São Paulo,480,4,5,4,19000000,False,Jardim América
,São Paulo,260,4,4,7,4500000,False,Jardim Paulista
,São Paulo,470,4,8,6,18000000,False,Jardim Paulista
,São Paulo,363,3,3,3,1650000,False,Lapa
Rua Petrópolis,São Paulo,400,4,6,4,3000000,False,Sumaré
,São Paulo,600,3,6,5,12000000,False,Jardim Luzitânia
,São Paulo,643,4,4,7,18000000,False,Jardim Europa
,São Paulo,180,5,3,2,600000,False,Vila Guarani
Rua Maria Clara Martins da Silveira,São Paulo,161,2,4,3,640000,False,Jurubatuba
,São Paulo,1400,5,9,5,55000,True,Jardim Leonor
,São Paulo,330,3,6,3,3200000,False,Sumaré
Largo Mestre de Aviz,São Paulo,454,4,6,4,3850000,False,Jardim Luzitânia
,São Paulo,312,3,4,5,3150000,False,Boaçava
Rua Maestro Elias Lobo,São Paulo,300,3,6,3,4900000,False,Jardim Paulista
,São Paulo,503,4,5,4,3600000,False,Cidade Jardim
Rua Constantino Fraga,São Paulo,140,2,2,3,980000,False,Vila Hamburguesa
Avenida Ireré,São Paulo,430,4,5,3,2780000,False,Planalto Paulista
,São Paulo,550,4,6,6,4950000,False,Granja Julieta
,São Paulo,670,4,5,6,5000000,False,Alto de Pinheiros
Avenida Armando Ferrentini,São Paulo,247,3,5,2,1590000,False,Paraíso
,São Paulo,301,4,3,4,4200000,False,Jardim América
Rua Vicente Leporace,São Paulo,480,7,8,4,2750000,False,Campo Belo
,São Paulo,394,4,4,3,2500000,False,Vila Tramontano
Praça Conde de Barcelos,São Paulo,279,5,5,4,4300000,False,Alto de Pinheiros
Rua Doutor Aldo de Assis Dias,São Paulo,125,3,2,2,730000,False,Vila Isa
Rua Bartira,São Paulo,200,2,2,1,1400000,False,Perdizes
,São Paulo,900,4,7,6,40000,True,Jardim Sílvia
,São Paulo,155,3,4,2,1600000,False,Vila Cruzeiro
Rua Quirino Pucca,São Paulo,80,1,1,2,480000,False,Vila Romana
,São Paulo,240,4,5,2,2990000,False,Sumarezinho
,São Paulo,373,3,2,4,3500000,False,Santo Amaro
Rua Conde de Ipanema,São Paulo,500,3,5,5,1450000,False,Parque Colonial
,São Paulo,614,5,6,8,9000000,False,Jardim Leonor
Rua Camacam,São Paulo,138,2,2,3,699000,False,Vila Anastácio
,São Paulo,764,3,5,4,48000,True,Alto de Pinheiros
,São Paulo,304,4,6,6,12000,True,Brooklin Paulista
,São Paulo,430,5,7,12,2000000,False,Alto da Lapa
Rua Bennet,São Paulo,531,4,3,6,3500000,False,Alto de Pinheiros
,São Paulo,520,4,7,6,8000,True,Vila Sônia
Rua Alberto Hodge,São Paulo,271,6,6,2,1650000,False,Santo Amaro
,São Paulo,501,4,5,14,12000000,False,Jardim Europa
,São Paulo,1060,5,6,4,30000000,False,Jardim Paulista
,São Paulo,420,4,4,6,3800000,False,Jardim das Bandeiras
Rua Mauricina,São Paulo,170,2,2,4,1250000,False,Vila Romana
Rua Nova York,São Paulo,380,5,3,6,2500000,False,Brooklin Paulista
Rua José Aldo Piassi,São Paulo,200,3,1,5,650000,False,São Miguel Paulista
,São Paulo,520,3,8,10,3723000,False,Alto de Pinheiros
,São Paulo,600,4,6,6,7000000,False,Vila Madalena
,São Paulo,388,4,4,3,8000000,False,Pacaembu
,São Paulo,450,4,5,3,4300000,False,Pacaembu
Rua Nova York,São Paulo,380,5,3,6,2500000,False,Brooklin Paulista
Rua José Aldo Piassi,São Paulo,200,3,1,5,650000,False,São Miguel Paulista
,São Paulo,520,3,8,10,3723000,False,Alto de Pinheiros
,São Paulo,600,4,6,6,7000000,False,Vila Madalena
,São Paulo,388,4,4,3,8000000,False,Pacaembu
,São Paulo,450,4,5,3,4300000,False,Pacaembu
Rua Sampaio Vidal,São Paulo,380,4,4,4,5100000,False,Jardim Paulistano
,São Paulo,220,3,3,4,1290000,False,Itaberaba
,São Paulo,483,4,4,3,3900000,False,Granja Julieta
,São Paulo,350,3,4,4,3800000,False,Cidade Jardim
Rua Tomé Portes,São Paulo,480,4,6,3,9000,True,Brooklin Paulista
Rua Camundo,São Paulo,155,3,4,3,790000,False,Planalto Paulista
Rua Wilson Dupont,São Paulo,170,3,3,1,905000,False,Santana
Rua Tapinas,São Paulo,156,4,3,2,1820000,False,Itaim Bibi
,São Paulo,385,3,5,4,9800000,False,Jardim Luzitânia
,São Paulo,283,3,5,3,3000000,False,Chácara Santo Antônio
,São Paulo,505,4,7,4,18000,True,Jardim Guedala
Rua Arapuã,São Paulo,138,3,3,2,550000,False,Vila Guarani
Rua Bolívia,São Paulo,420,4,5,6,8900000,False,Jardim América
,São Paulo,456,4,5,11,3200000,False,Pacaembu
,São Paulo,174,3,2,2,640000,False,Vila Salete
,São Paulo,1100,4,4,14,12800000,False,Cidade Jardim
Rua Simpatia,São Paulo,476,4,3,4,3640000,False,Jardim das Bandeiras
,São Paulo,960,4,6,6,4800000,False,Jardim Guedala
Rua Inácio Pedroso,São Paulo,678,4,6,6,7300000,False,Jardim Guedala
Rua Doutor Manoel Maria Tourinho,São Paulo,495,5,5,4,4000000,False,Pacaembu
Rua Apinajés,São Paulo,200,3,4,3,2660000,False,Perdizes
,São Paulo,280,4,2,2,2450000,False,Indianópolis
Rua Vieira de Almeida,São Paulo,130,3,2,5,1200000,False,Ipiranga
Rua Irmão Gonçalo,São Paulo,815,6,5,8,8000000,False,Jardim das Bandeiras
,São Paulo,320,3,3,3,3750000,False,Alto de Pinheiros
,São Paulo,420,5,4,4,4650000,False,Alto de Pinheiros
,São Paulo,200,3,3,2,1160000,False,Vila Cruzeiro
Rua Afonso José de Carvalho,São Paulo,180,3,2,4,1600000,False,Vila Madalena
Rua Muribeca,São Paulo,420,4,5,3,3000000,False,Cidade Jardim
,São Paulo,256,3,4,4,822000,False,Chora Menino
,São Paulo,229,2,3,1,420000,False,Vila Campo Grande
,São Paulo,491,4,5,8,4600000,False,Jardim Ana Maria
Rua Thereza Masironi Gonfiantini,São Paulo,147,3,3,2,500000,False,Vila Nova Alba
,São Paulo,300,4,4,4,1600000,False,Vila Nova Caledonia
Rua Maracaibo,São Paulo,600,3,7,6,4950000,False,Jardim Everest
Rua Barão do Bananal,São Paulo,106,3,2,2,920000,False,Vila Pompéia
Rua Artur de Souza Marques,São Paulo,1000,4,5,6,25000,True,Vila Tramontano
Travessa Doutor Ezequiel Antunes de Oliveira,São Paulo,170,3,4,3,2690000,False,Vila Nova Conceição
,São Paulo,330,3,3,2,5800000,False,Vila Madalena
,São Paulo,748,5,6,6,43000,True,Jardim Paulistano
,São Paulo,1171,5,7,10,16000000,False,Pacaembu
,São Paulo,380,3,4,5,2800000,False,Campo Belo
Rua Abegoaria,São Paulo,686,4,6,6,5800000,False,Pinheiros
Rua Pedro Osório Filho,São Paulo,180,3,3,2,650000,False,Vila Nova Cachoeirinha
,São Paulo,240,3,4,4,3000000,False,Jardim Trussardi
Alameda dos Guatás,São Paulo,90,2,4,2,750000,False,Saúde
,São Paulo,520,6,6,5,2500000,False,Pacaembu
Alameda dos Anapurus,São Paulo,218,3,3,3,1690000,False,Indianópolis
Rua Portugal,São Paulo,319,3,3,4,5000000,False,Jardim Europa
,São Paulo,414,4,5,5,1780000,False,Vila Tramontano
,São Paulo,709,4,5,10,9600000,False,Pacaembu
,São Paulo,301,4,3,4,6950000,False,Jardim Paulista
Rua Antônio de Gouveia Giudice,São Paulo,331,3,5,3,3500000,False,Alto de Pinheiros
Rua Comandante Garcia D'Ávila,São Paulo,393,6,6,4,1390000,False,Morumbi
,São Paulo,1126,4,6,24,6400000,False,Vila Cordeiro
Rua Dom Henrique,São Paulo,395,4,7,3,6600000,False,Jardim Luzitânia
,São Paulo,862,4,9,8,8250000,False,Jardim Guedala
Rua Luiz Amorim Costa,São Paulo,160,3,2,3,400000,False,Vila Carolina
,São Paulo,428,5,7,3,2800000,False,Campo Belo
,São Paulo,550,4,1,6,4800000,False,Cidade Jardim
Avenida Celso dos Santos,São Paulo,100,2,2,2,480000,False,Vila Constança
,São Paulo,92,2,1,2,340000,False,Vila Carbone
,São Paulo,316,3,3,6,6000000,False,Alto de Pinheiros
,São Paulo,350,4,4,4,2000000,False,Brooklin Paulista
,São Paulo,180,3,1,3,750000,False,Penha de França
Rua Turquia,São Paulo,1100,4,6,8,19000000,False,Pinheiros
,São Paulo,1000,5,8,8,30000000,False,Jardim América
Rua Gama Cerqueira,São Paulo,281,3,5,3,1490000,False,Cambuci
,São Paulo,1150,5,7,7,27000000,False,Jardim Paulista
Rua Almeida Ferraz,São Paulo,126,4,3,3,695000,False,Parque Jabaquara
Rua Pirapó,São Paulo,650,3,3,3,5500000,False,Jardim Guedala
Rua Jupuruchita,São Paulo,190,3,1,3,1049400,False,Alto da Mooca
Rua Senador Vergueiro,São Paulo,350,3,4,6,2950000,False,Santo Amaro
Rua Líbero Ripole,São Paulo,250,3,1,1,950000,False,Jardim Umuarama
Rua Orobó,São Paulo,295,4,4,4,4000000,False,Alto de Pinheiros
,São Paulo,250,3,5,3,750000,False,Vila Adalgisa
,São Paulo,270,3,4,3,2080000,False,Santo Amaro
,São Paulo,378,4,4,7,2000000,False,Mirandópolis
Rua Canumá,São Paulo,900,5,10,9,12000,True,Jardim dos Estados
,São Paulo,422,5,8,6,4500000,False,Boaçava
Rua Engenheiro Pedro Garcin,São Paulo,110,2,1,2,480000,False,Vila Antônio
Rua Mário Guastini,São Paulo,700,5,7,5,9500000,False,Pinheiros
Rua Domingos Lopes,São Paulo,145,3,3,2,900000,False,Campo Belo
Rua Ática,São Paulo,174,3,4,1,599000,False,Jardim Brasil
Rua Ajurapéia,São Paulo,210,3,1,2,1050000,False,Vila Madalena
,São Paulo,491,4,8,4,3100000,False,Jardim Leonor
Avenida Iraí,São Paulo,420,4,7,4,1800000,False,Indianópolis
Rua Nova Orleans,São Paulo,150,2,3,4,1590000,False,Brooklin Paulista
Rua Maria Teresa Assunção,São Paulo,160,3,3,2,636000,False,Vila São Geraldo
Rua Vicente Romano,São Paulo,341,4,3,4,2300000,False,Parque da Mooca
Rua Manuel Galvão,São Paulo,106,3,3,2,450000,False,Mooca
,São Paulo,815,4,6,4,25500000,False,Jardim América
,São Paulo,560,4,6,3,6800000,False,Jardim Guedala
Rua Stefan Marek Neuding,São Paulo,1643,4,8,10,4495000,False,Jardim Sílvia
Rua Alemanha,São Paulo,600,4,4,7,13500000,False,Jardim Europa
Rua Kalil Filho,São Paulo,225,3,2,2,1850000,False,Indianópolis
Rua Pau,Brasil,296,3,2,5,2750000,False,
,São Paulo,340,9,5,5,21000,True,Consolação
,São Paulo,200,4,6,4,3600000,False,Vila Cordeiro
,São Paulo,158,2,1,1,480000,False,Jardim Monte Kemel
Rua David Pimentel,São Paulo,900,4,8,9,35000,True,Fazenda Morumbi
Avenida Doutor Cardoso de Melo,São Paulo,200,2,3,2,2900000,False,Vila Olímpia
,São Paulo,240,5,7,6,2980000,False,Pacaembu
Rua Raqueta Provensano,São Paulo,140,2,1,2,1400000,False,Chácara Califórnia
,São Paulo,300,4,2,4,8500,True,Jardim Paulistano
,São Paulo,115,3,1,1,500000,False,Jardim Bonfiglioli
,São Paulo,300,4,5,4,5500000,False,Jardim Paulista
Rua Professor Murtinho,São Paulo,290,4,5,2,2900000,False,Vila Mariana
Rua Alexandre Marcondes Machado,São Paulo,371,3,4,3,2800000,False,Butantã
Rua Marquês de Cascais,São Paulo,146,3,4,3,1500000,False,Brooklin Paulista
,São Paulo,650,3,4,3,6500000,False,Jardim Guedala
,São Paulo,961,4,12,9,6500000,False,Fazenda Morumbi
,São Paulo,440,4,6,6,5750000,False,Vila Ida
,São Paulo,722,4,11,10,6200000,False,Alto de Pinheiros
Rua Topázio,São Paulo,300,4,5,4,1900000,False,Vila Mariana
,São Paulo,170,2,3,3,3300000,False,Itaim Bibi
Rua Maracaí,São Paulo,420,3,6,4,11005,True,Aclimação
Rua Doutor Augusto de Miranda,São Paulo,110,3,3,1,970000,False,Vila Pompéia
,São Paulo,380,3,1,2,1900000,False,Pacaembu
,São Paulo,374,5,4,6,3200000,False,Jardim Panorama
Rua Dom Lucas Obes,São Paulo,140,3,2,2,750000,False,Ipiranga
Rua Dezenove de Maio,São Paulo,170,3,3,2,680000,False,Vila Esperança
Rua Morishigue Akagui,São Paulo,700,4,8,5,7800000,False,Vila Progredior
Rua Miranda Guerra,São Paulo,255,3,3,5,1400000,False,Jardim Petrópolis
Rua General Sena Vasconcelos,São Paulo,521,4,7,4,3750000,False,Jardim Guedala
,São Paulo,800,4,6,8,23600000,False,Jardim Europa
,São Paulo,433,4,4,10,6000000,False,Boaçava
Rua Antônio Mariani,São Paulo,100,3,4,3,6500,True,Instituto de Previdência
,São Paulo,125,3,1,3,599000,False,Jardim Ester
,São Paulo,250,3,3,4,1200000,False,Interlagos
Rua Capital Federal,São Paulo,646,5,4,3,2640000,False,Sumaré
,São Paulo,422,4,8,6,20000,True,Jardim Guedala
,São Paulo,918,5,3,16,9000000,False,Jardim Guedala
,São Paulo,480,5,3,3,8200000,False,Jardim América
,São Paulo,850,4,6,6,5990000,False,Jardim Leonor
,São Paulo,410,2,2,4,3000000,False,Cidade Jardim
,São Paulo,935,5,6,4,12000000,False,Jardim Paulista
,São Paulo,559,4,6,4,6100000,False,Alto de Pinheiros
Rua Capital Federal,São Paulo,646,5,4,3,2640000,False,Sumaré
,São Paulo,422,4,8,6,20000,True,Jardim Guedala
,São Paulo,918,5,3,16,9000000,False,Jardim Guedala
,São Paulo,480,5,3,3,8200000,False,Jardim América
,São Paulo,850,4,6,6,5990000,False,Jardim Leonor
,São Paulo,410,2,2,4,3000000,False,Cidade Jardim
,São Paulo,935,5,6,4,12000000,False,Jardim Paulista
,São Paulo,559,4,6,4,6100000,False,Alto de Pinheiros
Rua Rodrigo Vieira,São Paulo,235,4,4,2,1700000,False,Jardim Vila Mariana
,São Paulo,450,5,5,3,1355010,False,Instituto de Previdência
,São Paulo,800,4,4,8,20000,True,Caxingui
Rua Catuicara,São Paulo,220,4,5,3,2700000,False,Jardim Novo Mundo
Rua Grécia,São Paulo,265,5,6,4,4800000,False,Jardim Europa
Rua General Fonseca Teles,São Paulo,420,3,7,3,8700000,False,Jardim Paulista
Rua Dom Tomás Costa e Lima,São Paulo,600,3,6,8,4900000,False,Vila Tramontano
Rua Adalívia de Toledo,São Paulo,500,4,4,5,2500000,False,Paineiras do Morumbi
,São Paulo,815,4,3,4,3000000,False,Paineiras do Morumbi
Rua Margarida Galvão,São Paulo,580,3,4,6,4100000,False,Paineiras do Morumbi
,São Paulo,229,2,3,1,420000,False,Vila Campo Grande
,São Paulo,491,4,5,8,4600000,False,Jardim Ana Maria
Rua Thereza Masironi Gonfiantini,São Paulo,147,3,3,2,500000,False,Vila Nova Alba
,São Paulo,300,4,4,4,1600000,False,Vila Nova Caledonia
Rua Maracaibo,São Paulo,600,3,7,6,4950000,False,Jardim Everest
Rua Barão do Bananal,São Paulo,106,3,2,2,920000,False,Vila Pompéia
Rua Artur de Souza Marques,São Paulo,1000,4,5,6,25000,True,Vila Tramontano
Travessa Doutor Ezequiel Antunes de Oliveira,São Paulo,170,3,4,3,2690000,False,Vila Nova Conceição
,São Paulo,330,3,3,2,5800000,False,Vila Madalena
,São Paulo,748,5,6,6,43000,True,Jardim Paulistano
,São Paulo,1171,5,7,10,16000000,False,Pacaembu
,São Paulo,380,3,4,5,2800000,False,Campo Belo
Rua Abegoaria,São Paulo,686,4,6,6,5800000,False,Pinheiros
Rua Pedro Osório Filho,São Paulo,180,3,3,2,650000,False,Vila Nova Cachoeirinha
,São Paulo,240,3,4,4,3000000,False,Jardim Trussardi
Alameda dos Guatás,São Paulo,90,2,4,2,750000,False,Saúde
,São Paulo,520,6,6,5,2500000,False,Pacaembu
Rua Conde de Irajá,São Paulo,369,3,1,3,1950000,False,Vila Mariana
Rua Professor João Marinho,São Paulo,165,3,4,2,1490000,False,Vila Mariana
Rua Doutor José Maria Whitaker,São Paulo,259,3,3,2,1500000,False,Vila Sônia
Rua Ulisses Cruz,São Paulo,117,2,1,1,495000,False,Tatuapé
Rua Acruás,São Paulo,158,2,1,2,1200000,False,Vila Congonhas
Avenida Professor Frederico Herman Júnior,São Paulo,347,5,5,5,3500000,False,Alto de Pinheiros
Rua Vicente Biondo,São Paulo,226,3,1,4,670000,False,Vila Ester
Rua Caetano José Batista,São Paulo,150,3,1,2,691000,False,Jardim das Acácias
Rua Xavier da Veiga,São Paulo,300,4,2,4,1596000,False,Santana
Rua Professor Oliveira Fausto,São Paulo,360,4,1,4,1600000,False,Alto da Mooca
Rua Japuanga,São Paulo,400,3,1,5,4043000,False,Vila Ida
Rua Simpatia,São Paulo,250,2,1,6,2000000,False,Jardim das Bandeiras
Rua Baturité,São Paulo,208,3,1,3,1383000,False,Aclimação
Rua Oscar Caravelas,São Paulo,324,6,2,4,1800000,False,Sumarezinho
Rua Laurindo de Brito,São Paulo,260,3,2,4,1200000,False,Lapa
Rua Timbó,São Paulo,170,3,1,2,1000000,False,Mooca
Rua Frei Juan Auli,São Paulo,150,2,3,5,455000,False,Jardim Patente
Avenida Piassanguaba,São Paulo,182,3,1,2,980000,False,Planalto Paulista
Rua Boquim,São Paulo,235,3,3,5,2500000,False,Vila Ida
Rua Gil Fernandes,São Paulo,388,3,4,4,1700000,False,Bosque da Saúde
,São Paulo,350,4,5,4,14000,True,Morumbi
Rua Gregório Paes de Almeida,São Paulo,400,4,5,6,2490000,False,Vila Madalena
,São Paulo,420,4,4,3,3000000,False,Brooklin Paulista
Rua Lourenço Castanho,São Paulo,177,3,4,3,2850000,False,Vila Nova Conceição
Rua Prestes João,São Paulo,550,2,5,5,7000000,False,Jardim Luzitânia
Rua Martins Bonilha,São Paulo,175,6,3,2,1300000,False,Alto da Mooca
Rua Manuel Navarro,São Paulo,595,5,7,5,5500000,False,Jardim Guedala
Rua Antônio de Gouveia Giudice,São Paulo,483,5,1,4,5000000,False,Alto de Pinheiros
Rua Honduras,São Paulo,500,4,6,8,7000000,False,Jardim Paulista
,São Paulo,450,3,2,4,3000000,False,Cidade Jardim
Rua Paris,São Paulo,150,3,3,2,1200000,False,Sumaré
,São Paulo,600,3,5,5,12000,True,Jardim América
,São Paulo,220,3,5,2,4950000,False,Jardim Paulista
Rua Pedro Mainente,São Paulo,173,3,2,4,750000,False,Parque dos Príncipes
,São Paulo,340,4,4,4,4500000,False,Alto de Pinheiros
,São Paulo,700,4,6,2,30000,True,Jardim Paulistano
Rua Capital Federal,São Paulo,230,4,2,1,1500000,False,Sumaré
,São Paulo,422,5,8,6,4500000,False,Boaçava
Rua Engenheiro Pedro Garcin,São Paulo,110,2,1,2,480000,False,Vila Antônio
,São Paulo,327,5,4,4,3000000,False,Boaçava
Rua Mário Guastini,São Paulo,700,5,7,5,9500000,False,Pinheiros
Rua Domingos Lopes,São Paulo,145,3,3,2,900000,False,Campo Belo
Rua Jardim Hollywood,São Paulo,250,4,4,5,1750000,False,Santana
Rua Ática,São Paulo,174,3,4,1,599000,False,Jardim Brasil
Rua Ajurapéia,São Paulo,210,3,1,2,1050000,False,Vila Madalena
,São Paulo,491,4,8,4,3100000,False,Jardim Leonor
Avenida Iraí,São Paulo,420,4,7,4,1800000,False,Indianópolis
Rua Nova Orleans,São Paulo,150,2,3,4,1590000,False,Brooklin Paulista
Rua Maria Teresa Assunção,São Paulo,160,3,3,2,636000,False,Vila São Geraldo
Rua Vicente Romano,São Paulo,341,4,3,4,2300000,False,Parque da Mooca
Rua Manuel Galvão,São Paulo,106,3,3,2,450000,False,Mooca
,São Paulo,815,4,6,4,25500000,False,Jardim América
,São Paulo,560,4,6,3,6800000,False,Jardim Guedala
Rua Stefan Marek Neuding,São Paulo,1643,4,8,10,4495000,False,Jardim Sílvia
Rua Alemanha,São Paulo,600,4,4,7,13500000,False,Jardim Europa
Rua Kalil Filho,São Paulo,225,3,2,2,1850000,False,Indianópolis
Rua Pau,Brasil,296,3,2,5,2750000,False,
,São Paulo,340,9,5,5,21000,True,Consolação
,São Paulo,200,4,6,4,3600000,False,Vila Cordeiro
,São Paulo,158,2,1,1,480000,False,Jardim Monte Kemel
Rua David Pimentel,São Paulo,900,4,8,9,35000,True,Fazenda Morumbi
Avenida Doutor Cardoso de Melo,São Paulo,200,2,3,2,2900000,False,Vila Olímpia
Rua Abagiba,São Paulo,180,2,1,2,745000,False,Saúde
,São Paulo,488,5,7,6,4250000,False,Boaçava
,São Paulo,500,4,5,5,4900000,False,Jardim dos Estados
,São Paulo,1141,5,5,10,100000,True,Jardim América
Rua Benedito Chaves,São Paulo,433,5,4,8,6500000,False,Jardim Paulistano
,São Paulo,560,4,5,4,4750000,False,Jardim Leonor
Rua Leopoldo Fróes,São Paulo,170,3,3,5,950000,False,Alto da Mooca
Rua Colatino Marques,São Paulo,548,4,6,6,6200000,False,Jardim Paulista
Rua General Euclides Figueiredo,São Paulo,455,4,5,6,1580000,False,Morumbi
Rua França,São Paulo,952,3,7,10,22000000,False,Jardim Europa
Rua Iraci,São Paulo,250,3,3,3,2100000,False,Jardim Paulistano
Rua General Euclides Figueiredo,São Paulo,455,4,5,6,1580000,False,Morumbi
Rua França,São Paulo,952,3,7,10,22000000,False,Jardim Europa
Rua Iraci,São Paulo,250,3,3,3,2100000,False,Jardim Paulistano
,São Paulo,1356,5,12,26,15000,True,Retiro Morumbi
Rua Comendador Bichara Moherdauí,São Paulo,798,5,7,8,4950000,False,Jardim Leonor
,São Paulo,380,4,5,5,5200000,False,Alto de Pinheiros
Largo Mestre de Aviz,São Paulo,454,4,6,4,3850000,False,Jardim Luzitânia
Rua Macejana,São Paulo,89,3,1,2,638500,False,Indianópolis
,São Paulo,168,3,1,4,900000,False,Vila São Silvestre
,São Paulo,2100,7,14,12,19800000,False,Retiro Morumbi
Rua Escócia,São Paulo,601,4,5,4,8500000,False,Pinheiros
,São Paulo,713,5,7,8,4000000,False,Morumbi
Rua Elias Cutait,São Paulo,280,3,3,4,9000,True,Cidade Jardim
Rua Monsanto,São Paulo,420,4,4,6,2900000,False,Pinheiros
,São Paulo,1650,6,16,42,100000,True,Vila Tramontano
Rua João Bizarro da Nave,São Paulo,178,3,1,3,450000,False,Vila Diva
,São Paulo,428,7,6,4,3300000,False,Vila Ida
,São Paulo,170,2,3,2,2300000,False,Jardim América
Rua Gustavo Teixeira,São Paulo,350,3,2,4,2700000,False,Pacaembu
,São Paulo,150,3,2,2,640000,False,Chácara Tatuapé
,São Paulo,540,4,5,6,5000000,False,Boaçava
Rua Sanharó,São Paulo,420,3,6,6,3500000,False,Jardim Guedala
Rua das Fiandeiras,São Paulo,141,2,2,1,1500000,False,Vila Olímpia
,São Paulo,490,4,6,5,3800000,False,Alto de Pinheiros
,São Paulo,725,3,8,10,25000,True,Jardim Guedala
,São Paulo,380,4,5,4,3650000,False,Vila Ida
,São Paulo,510,4,3,5,10000,True,Alto de Pinheiros
Rua Duartina,São Paulo,402,4,4,4,3800000,False,Sumaré
Rua Manoel Jacinto do Rego,São Paulo,191,3,3,2,1150000,False,Vila Romana
,São Paulo,621,4,4,15,6900000,False,Jardim Leonor
,São Paulo,462,5,6,6,5320000,False,Vila Ida
Rua Tefé,São Paulo,452,3,4,2,2300000,False,Sumaré
Rua Antônio Splendore,São Paulo,280,3,5,8,2050000,False,Interlagos
,São Paulo,878,4,6,8,15499000,False,Jardim Europa
Rua Argentina,São Paulo,880,3,5,10,20000000,False,Jardim América
Rua Vieira de Morais,São Paulo,116,3,2,1,890000,False,Campo Belo
Rua Costa Aguiar,São Paulo,219,3,1,1,1172000,False,Ipiranga
Avenida das Corujas,São Paulo,110,3,1,4,2021300,False,Sumarezinho
,São Paulo,250,4,6,4,1915000,False,Planalto Paulista
,São Paulo,300,4,7,3,20000,True,Vila Ida
Rua Ulisses Esteves Costa,São Paulo,305,3,3,2,1700000,False,Santana
Rua Humberto I,São Paulo,300,3,3,5,1800000,False,Vila Mariana
Rua Irmão Gonçalo,São Paulo,810,6,5,8,5700000,False,Jardim das Bandeiras
Rua Berlioz,São Paulo,400,4,5,4,40000,True,Alto de Pinheiros
,São Paulo,450,4,7,7,1950000,False,Jardim Morumbi
,São Paulo,586,4,4,5,1680000,False,Lar São Paulo
Rua Lauro Freire,São Paulo,120,3,1,2,638500,False,Jardim Celeste
,São Paulo,170,3,5,3,2300000,False,Vila Nova Conceição
,São Paulo,231,2,2,2,4570000,False,Jardim Paulista
,São Paulo,650,5,6,4,6000000,False,Jardim América
,São Paulo,793,6,6,7,16000,True,Morumbi
Rua Lessing,São Paulo,90,3,2,1,452000,False,Chácara Belenzinho
,São Paulo,440,5,4,5,15000,True,Jardim América
,São Paulo,465,4,5,4,3500000,False,Vila Tramontano
Rua Elias Cutait,São Paulo,280,3,1,3,3500000,False,Cidade Jardim
Rua Damiana da Cunha,São Paulo,382,3,1,5,1908000,False,Santa Teresinha
Rua Cordisburgo,São Paulo,550,4,1,6,3310000,False,Jardim Leonor
Rua Anatólia,São Paulo,650,3,5,2,8000000,False,Boaçava
Rua Demóstenes,São Paulo,253,3,2,4,1950000,False,Campo Belo
,São Paulo,500,6,5,10,20000,True,Consolação
Avenida Ireré,São Paulo,337,3,4,10,2150000,False,Planalto Paulista
Avenida Itacira,São Paulo,361,4,6,4,2300000,False,Planalto Paulista
Avenida Diógenes Ribeiro de Lima,São Paulo,190,3,3,5,10000,True,Alto de Pinheiros
Rua Nigéria,São Paulo,197,2,4,3,2565000,False,Itaim Bibi
Rua Marechal Bitencourt,São Paulo,900,5,4,12,15000000,False,Jardim Paulista
Rua dos Pássaros,São Paulo,117,3,3,3,1277000,False,Mooca
Rua Vespasiano,São Paulo,550,4,2,6,2980000,False,Vila Romana
,São Paulo,164,4,3,2,905000,False,Santo Amaro
,São Paulo,564,6,8,7,10000,True,Jardim Guedala
Rua Fernão Dias,São Paulo,220,6,2,4,1750000,False,Pinheiros
,São Paulo,250,3,3,3,22000,True,Vila Madalena
Rua Engenheiro Guimarães Valadão,São Paulo,360,4,3,2,12000,True,Cidade Jardim
Rua Doutor Octávio de Oliveira Santos,São Paulo,190,4,3,3,1350000,False,Brooklin Paulista
,São Paulo,700,5,7,16,20000,True,Jardim Leonor
Rua Jovina,São Paulo,170,4,4,3,950000,False,Vila Mascote
Rua Francisco Correia Dutra,São Paulo,94,2,2,2,429000,False,Jardim Maria Luiza
,São Paulo,383,4,5,9,15000,True,Boaçava
Rua Ytaipu,São Paulo,200,2,1,2,915000,False,Mirandópolis
,São Paulo,1000,4,6,8,10000000,False,Cidade Jardim
Rua João Lourenço,São Paulo,470,4,4,4,7500000,False,Moema
,São Paulo,358,3,5,4,3900000,False,Pacaembu
,São Paulo,933,4,7,9,8600000,False,Jardim Guedala
Rua Veneza,São Paulo,380,3,3,2,15000,True,Jardim Paulista
,São Paulo,950,5,4,10,45000,True,Pacaembu
,São Paulo,487,4,4,4,4400000,False,Granja Julieta
,São Paulo,439,4,4,5,3900000,False,Planalto Paulista
,São Paulo,250,3,3,3,2100000,False,Jardim Paulistano
,São Paulo,580,4,6,6,2900000,False,Vila Tramontano
,São Paulo,419,3,5,4,4800000,False,Boaçava
Rua General Sena Vasconcelos,São Paulo,500,4,3,5,2500000,False,Jardim Guedala
,São Paulo,400,5,2,4,8790000,False,Jardim Europa
Rua Principado de Mônaco,São Paulo,360,4,5,3,3100000,False,Pacaembu
Rua Caucaia do Alto,São Paulo,497,3,3,5,920000,False,Vila Albertina
,São Paulo,306,4,4,3,1790000,False,Instituto de Previdência
Rua Cuxiponês,São Paulo,160,3,2,3,1350000,False,Jardim Vera Cruz
Rua Alemanha,São Paulo,551,3,5,3,7700000,False,Jardim Europa
,São Paulo,450,5,6,4,3600000,False,Real Parque
,São Paulo,1080,5,9,10,25000,True,Jardim Guedala
Rua Antônio Mariani,São Paulo,326,3,5,2,1050000,False,Instituto de Previdência
Rua Grécia,São Paulo,650,5,5,4,10000000,False,Jardim Europa
,São Paulo,245,3,4,4,990000,False,Instituto de Previdência
Rua José Ferreira da Rocha Filho,São Paulo,130,3,4,2,775000,False,Jardim Monte Kemel
Rua Apeu,São Paulo,293,4,6,3,2500000,False,Vila Brasílio Machado
,São Paulo,800,4,6,11,37000,True,Alto de Pinheiros
Avenida Amarilis,São Paulo,661,4,7,8,5900000,False,Cidade Jardim
Rua Inocêncio Nogueira,São Paulo,727,6,2,7,5800000,False,Cidade Jardim
Avenida Ceci,São Paulo,350,4,4,3,2500000,False,Planalto Paulista
,São Paulo,500,5,4,5,22500,True,Butantã
Rua Aperca,São Paulo,1074,4,4,6,8000000,False,Boaçava
Rua Pirapó,São Paulo,550,4,6,8,4200000,False,Jardim Guedala
Rua dos Otonis,São Paulo,220,4,2,7,2350000,False,Vila Clementino
,São Paulo,116,3,4,2,850000,False,Brooklin Paulista
,São Paulo,337,3,3,4,5800000,False,Vila Madalena
Rua Francisco Riva,São Paulo,132,3,1,2,350000,False,Conjunto Habitacional Barreira Grande
,São Paulo,800,6,7,9,35000,True,Paineiras do Morumbi
Rua Marambá,São Paulo,200,4,4,5,1270000,False,Água Fria
Rua Ytaipu,São Paulo,270,4,3,3,1790000,False,Mirandópolis
Rua José Vicente de Azevedo,São Paulo,240,3,4,6,1900000,False,Vila Mariana
Rua Jati,São Paulo,289,3,4,2,1500000,False,Planalto Paulista
,São Paulo,300,3,4,4,4000,True,Cidade Domitila
Rua Juréia,São Paulo,125,2,1,2,851000,False,Chácara Inglesa
Rua Tomé Portes,São Paulo,480,4,4,3,1900000,False,Brooklin Paulista
Rua Abegoaria,São Paulo,686,4,8,6,4990000,False,Jardim das Bandeiras
,São Paulo,700,4,5,6,22000,True,Jardim Morumbi
Rua Ceará,São Paulo,477,4,6,4,30000,True,Consolação
,São Paulo,230,3,4,2,2700000,False,Jardim Europa
Rua Tomás Lopes Ferreira,São Paulo,240,3,3,5,900000,False,Parque São Domingos
Rua Padre Raposo,São Paulo,135,2,3,2,692000,False,Mooca
Rua dos Macunis,São Paulo,300,3,4,4,19000,True,Vila Madalena
,São Paulo,251,4,2,4,1700000,False,Sumarezinho
Rua Leandro de Carvalho,São Paulo,200,3,5,1,1030000,False,Vila Monumento
Rua Porangaba,São Paulo,172,2,3,4,930000,False,Bosque da Saúde
Rua Ministro Eduardo de Campos Maia,São Paulo,170,3,3,3,1100000,False,Jardim Bonfiglioli
,São Paulo,379,2,3,3,24000,True,Vila Madalena
,São Paulo,420,3,4,3,9200000,False,Jardim Paulista
,São Paulo,233,4,6,4,14000,True,Butantã
Rua Bento de Faria,São Paulo,500,5,8,7,2780000,False,Bosque da Saúde
Rua São Samuel,São Paulo,500,4,3,5,4000000,False,Vila Mariana
Alameda dos Guainumbis,São Paulo,600,4,4,6,10000,True,Planalto Paulista
Avenida Morumbi,São Paulo,680,3,5,6,2500000,False,Morumbi
,São Paulo,900,4,6,10,6500000,False,Jardim Guedala
,São Paulo,700,5,5,5,26000,True,Jardim Everest
,São Paulo,670,5,7,7,15000000,False,Alto de Pinheiros
Rua Tuiucuê,São Paulo,450,6,7,4,1800000,False,Jardim da Saúde
Rua Antônio Peres Mulla,São Paulo,85,3,2,1,480000,False,Vila Carrão
Rua Montevidéu,São Paulo,298,3,4,5,2490000,False,Bela Aliança
Rua Managua,São Paulo,956,5,7,6,50000,True,Jardim Everest
Rua Acarapé,São Paulo,400,3,3,2,1385000,False,Chácara Inglesa
Rua Rubi,São Paulo,395,4,2,3,2400000,False,Vila do Encontro
Rua Asfaltite,São Paulo,120,2,3,1,580000,False,Vila Formosa
Rua Guapiaçu,São Paulo,250,2,2,1,800000,False,Vila Clementino
Rua Doutor João Pinheiro,São Paulo,450,3,4,2,5700000,False,Jardim Paulista
Rua Doutor Carlos Norberto de Souza Aranha,São Paulo,379,4,6,5,4787000,False,Alto de Pinheiros
,São Paulo,335,3,3,4,2800000,False,Jardim Guedala
Rua Enrico de Martino,São Paulo,750,4,7,8,4500000,False,Jardim Leonor
,São Paulo,413,4,7,4,5300000,False,Alto de Pinheiros
Rua José de Cristo Moreira,São Paulo,525,4,6,4,2950000,False,Vila Morumbi
,São Paulo,850,4,6,6,7500000,False,Jardim Cordeiro
Rua Raul de Morais Vítor,São Paulo,150,5,6,2,498000,False,Vila Albertina
,São Paulo,875,4,7,6,5000000,False,Jardim Leonor
Rua Bacopari,São Paulo,419,3,4,4,4800000,False,Boaçava
Alameda Sorimãs,São Paulo,380,3,5,3,1700000,False,Planalto Paulista
,São Paulo,953,3,7,10,22000000,False,Jardim Europa
,São Paulo,234,3,5,5,2350000,False,Vila Ida
,São Paulo,160,3,4,4,1100000,False,Jardim Vila Mariana
Rua Ernesto Nazaré,São Paulo,480,4,5,7,3900000,False,Alto de Pinheiros
,São Paulo,180,3,2,1,3000000,False,Jardim Paulista
,São Paulo,520,3,3,4,5300000,False,Alto de Pinheiros
Rua Boa Esperança do Sul,São Paulo,406,4,4,3,2700000,False,Jardim Guedala
Rua Joaquim Nabuco,São Paulo,278,4,6,3,2500000,False,Brooklin Paulista
,São Paulo,340,5,4,4,2540000,False,Alto de Pinheiros
,São Paulo,681,2,3,6,2300000,False,Jardim Guedala
Rua Aperca,São Paulo,944,5,8,8,8000000,False,Boaçava
Rua Araporé,São Paulo,431,4,5,6,4000000,False,Jardim Guedala
,São Paulo,450,3,4,3,3850000,False,Jardim das Bandeiras
,São Paulo,463,4,6,4,3950000,False,Jardim Leonor
,São Paulo,376,4,5,4,3400000,False,Boaçava
Alameda dos Indígenas,São Paulo,300,3,4,4,1500000,False,Planalto Paulista
Rua Domingos Nogueira,São Paulo,173,2,3,4,445000,False,Jardim Dracena
,São Paulo,1000,5,7,4,8000000,False,Jardim Leonor
Rua Murajuba,São Paulo,530,4,4,8,5200000,False,Alto de Pinheiros
Avenida Antônio Joaquim de Moura Andrade,São Paulo,434,5,6,5,45000,True,Vila Nova Conceição
Rua Valdomiro Lobo da Costa,São Paulo,250,3,5,5,1100000,False,Vila das Mercês
,São Paulo,425,3,4,5,9800000,False,Jardim Paulista
Rua das Fiandeiras,São Paulo,155,2,3,2,2700000,False,Vila Olímpia
Rua Dom Sebastião do Rego,São Paulo,206,3,1,1,800000,False,Vila Gumercindo
Rua Tibiriçá,São Paulo,700,4,6,6,3900000,False,Brooklin
,São Paulo,934,5,4,14,14000000,False,Jardim Paulistano
Rua Benedetto Bonfigli,São Paulo,102,3,2,2,479000,False,Casa Verde Alta
,São Paulo,700,3,5,6,18000000,False,Jardim Europa
,São Paulo,482,4,5,5,9000000,False,Jardim Europa
Rua Maniutuba,São Paulo,123,2,1,1,1100000,False,Chácara Santo Antônio
Rua Euclides Pacheco,São Paulo,493,4,7,8,15000,True,Vila Gomes Cardim
Rua Narciso Freitas Vieira,São Paulo,110,3,1,2,328900,False,Jardim dos Cataldis
Rua Pedro Doll,São Paulo,100,2,2,1,590000,False,Santana
Rua Hermógenes Almeida Prado,São Paulo,607,4,5,5,3150000,False,Jardim Guedala
,São Paulo,768,6,3,7,5800000,False,Cidade Jardim
Rua Olegário Mariano,São Paulo,840,4,8,6,8300000,False,Jardim Guedala
,São Paulo,450,4,7,3,15000,True,Sumaré
Rua Caraúna,São Paulo,352,5,5,2,16000,True,Vila Madalena
Rua Coronel Luís Alves,São Paulo,300,3,3,2,1700000,False,Vila Mariana
,São Paulo,380,5,5,8,4990000,False,Jardim Paulista
Travessa André Gelly,São Paulo,200,3,4,2,650000,False,Vila Regente Feijó
Rua Vicente da Costa,São Paulo,140,3,3,3,850000,False,Ipiranga
,São Paulo,915,4,8,6,30000,True,Chácara Monte Alegre
Rua Anésio Pinto Rosa,São Paulo,286,6,4,4,3000000,False,Brooklin Paulista
Rua Dalton,São Paulo,237,3,4,2,1950000,False,Alto da Lapa
Rua Grajaú,São Paulo,250,3,4,2,2790000,False,Sumaré
,São Paulo,370,4,4,4,4350000,False,Jardim Panorama D'Oeste
,São Paulo,673,3,5,5,14700000,False,Jardim Paulista
,São Paulo,934,6,6,7,14000000,False,Jardim Paulistano
Rua Noruega,São Paulo,878,4,6,8,15500000,False,Jardim Europa
,São Paulo,115,2,2,1,1700000,False,Vila Nova Conceição
,São Paulo,455,4,5,11,12000,True,Pacaembu
Rua Raul Adalberto de Campos,São Paulo,350,3,4,2,10000,True,Vila Madalena
Rua Justiniano Serpa,São Paulo,156,3,3,4,960000,False,Lar São Paulo
Rua Sofia,São Paulo,500,4,6,4,15000000,False,Jardim Europa
Rua Cônego Eugênio Leite,São Paulo,354,3,4,5,5300000,False,Pinheiros
,São Paulo,725,3,5,7,22000000,False,Jardim Europa
Rua Mesquita,São Paulo,250,3,5,7,1800000,False,Vila Deodoro
,São Paulo,240,4,4,6,1000000,False,Vila Suzana
Rua Quirino Pucca,São Paulo,80,1,1,2,480000,False,Vila Romana
Rua Doutor José de Moura Resende,São Paulo,277,3,3,5,1800000,False,Caxingui
Rua Valdir Niemeyer,São Paulo,230,2,5,2,2900000,False,Sumaré
Rua Joaquim Nabuco,São Paulo,600,3,5,12,3000000,False,Brooklin
Alameda Franca,São Paulo,137,9,2,1,2600000,False,Jardim Paulista
,São Paulo,450,4,3,1,5850000,False,Santa Cecília
Avenida Professor Ciro de Barros Resende,São Paulo,280,4,5,4,3750000,False,Planalto Paulista
Rua Brumado,São Paulo,280,2,4,8,650000,False,Jardim Maracanã
,São Paulo,890,4,7,7,4600000,False,Pacaembu
,São Paulo,435,4,6,6,4500000,False,Boaçava
Rua Conselheiro Zacarias,São Paulo,580,4,4,3,9000000,False,Jardim Paulista
,São Paulo,166,4,5,2,5400000,False,Jardim Europa
Rua Rosário do Sul,São Paulo,274,3,4,6,1050000,False,Jardim Maringá
,São Paulo,350,3,5,7,5500000,False,Boaçava
Rua Doutor Rafael Caramuru Lanzelloti,São Paulo,200,2,1,1,850000,False,Aclimação
Viela Um,São Paulo,320,3,2,4,1700000,False,Jardim Peri
,São Paulo,547,3,4,3,2500000,False,Jardim Guedala
,São Paulo,280,4,3,2,1750000,False,Perdizes
,São Paulo,160,3,4,3,2900000,False,Vila Olímpia
,São Paulo,1530,5,5,30,90000,True,Cidade Jardim
Rua Iraci,São Paulo,240,5,3,2,2580000,False,Jardim Paulistano
Rua Passo da Pátria,São Paulo,156,3,3,2,1000000,False,Bela Aliança
Rua Raul Devesa,São Paulo,113,2,2,2,890000,False,Perdizes
,São Paulo,456,4,7,4,4500000,False,Vila Ida
Avenida Jandira,São Paulo,320,4,4,6,2500000,False,Indianópolis
,São Paulo,589,3,4,6,5500000,False,Cidade Jardim
,São Paulo,100,3,2,3,480000,False,Parque Residencial Oratorio
,São Paulo,670,5,9,10,4600000,False,Lapa
Rua Maria Rosa Halter Frank,São Paulo,100,3,2,1,1970000,False,Itaim Bibi
,São Paulo,600,4,2,8,8000000,False,Jardim Europa
Rua Cuba,São Paulo,301,4,5,4,4200000,False,Jardim América
Rua Doutor José de Moura Resende,São Paulo,277,3,3,5,1800000,False,Caxingui
Rua Valdir Niemeyer,São Paulo,230,2,5,2,2900000,False,Sumaré
Rua Joaquim Nabuco,São Paulo,600,3,5,12,3000000,False,Brooklin
Alameda Franca,São Paulo,137,9,2,1,2600000,False,Jardim Paulista
,São Paulo,450,4,3,1,5850000,False,Santa Cecília
Avenida Professor Ciro de Barros Resende,São Paulo,280,4,5,4,3750000,False,Planalto Paulista
Rua Brumado,São Paulo,280,2,4,8,650000,False,Jardim Maracanã
,São Paulo,890,4,7,7,4600000,False,Pacaembu
,São Paulo,435,4,6,6,4500000,False,Boaçava
Rua Conselheiro Zacarias,São Paulo,580,4,4,3,9000000,False,Jardim Paulista
,São Paulo,166,4,5,2,5400000,False,Jardim Europa
Rua Rosário do Sul,São Paulo,274,3,4,6,1050000,False,Jardim Maringá
,São Paulo,350,3,5,7,5500000,False,Boaçava
Rua Doutor Rafael Caramuru Lanzelloti,São Paulo,200,2,1,1,850000,False,Aclimação
Viela Um,São Paulo,320,3,2,4,1700000,False,Jardim Peri
,São Paulo,547,3,4,3,2500000,False,Jardim Guedala
,São Paulo,280,4,3,2,1750000,False,Perdizes
,São Paulo,160,3,4,3,2900000,False,Vila Olímpia
,São Paulo,1530,5,5,30,90000,True,Cidade Jardim
Rua Iraci,São Paulo,240,5,3,2,2580000,False,Jardim Paulistano
Rua Passo da Pátria,São Paulo,156,3,3,2,1000000,False,Bela Aliança
Rua Raul Devesa,São Paulo,113,2,2,2,890000,False,Perdizes
,São Paulo,456,4,7,4,4500000,False,Vila Ida
Avenida Jandira,São Paulo,320,4,4,6,2500000,False,Indianópolis
,São Paulo,589,3,4,6,5500000,False,Cidade Jardim
,São Paulo,100,3,2,3,480000,False,Parque Residencial Oratorio
,São Paulo,670,5,9,10,4600000,False,Lapa
Rua Maria Rosa Halter Frank,São Paulo,100,3,2,1,1970000,False,Itaim Bibi
,São Paulo,600,4,2,8,8000000,False,Jardim Europa
Rua Cuba,São Paulo,301,4,5,4,4200000,False,Jardim América
Rua Alto do Bonfim,São Paulo,128,3,2,3,730000,False,Conjunto Residencial Jardim Canaã
,São Paulo,717,5,4,6,4400000,False,Jardim Guedala
,São Paulo,900,4,4,5,5000000,False,Pacaembu
,São Paulo,400,3,5,3,3100000,False,Planalto Paulista
Rua Pereira Leite,São Paulo,250,3,2,4,1600000,False,Sumarezinho
,São Paulo,300,4,4,4,5500000,False,Jardim América
,São Paulo,395,4,3,5,6000000,False,Sumaré
,São Paulo,160,3,2,1,421000,False,Vila Ema
Rua Francisco Bayardo,São Paulo,80,3,3,1,1150000,False,Perdizes
,São Paulo,270,5,5,3,22000,True,Granja Julieta
,São Paulo,430,3,4,1,3900000,False,Perdizes
,São Paulo,530,4,5,6,3800000,False,Boaçava
,São Paulo,390,3,4,5,5500000,False,Vila Nova Conceição
,São Paulo,90,3,2,1,490000,False,Tucuruvi
,São Paulo,370,3,1,5,8500,True,Parque da Mooca
Rua do Ceuta,São Paulo,560,4,5,4,9040000,False,Jardim Luzitânia
Rua Escobar Ortiz,São Paulo,190,3,3,2,9000,True,Vila Nova Conceição
Rua Professor Miguel Calmon,São Paulo,384,4,5,2,1100000,False,Jardim Morumbi
,São Paulo,120,3,2,2,590000,False,Jardim Santa Cruz
Rua Pais de Andrade,São Paulo,390,3,3,3,1400000,False,Aclimação
Rua Puréus,São Paulo,600,4,7,5,2500000,False,Jardim Guedala
Rua General Sena Vasconcelos,São Paulo,570,5,5,2,3210000,False,Jardim Guedala
Rua das Camélias,São Paulo,330,4,3,6,1900000,False,Mirandópolis
Avenida Giovanni Gronchi,São Paulo,388,3,4,6,1500000,False,Morumbi
,São Paulo,300,4,3,3,2120000,False,Perdizes
Rua Porangaba,São Paulo,160,3,1,3,1200000,False,Bosque da Saúde
Rua General Euclides Figueiredo,São Paulo,250,4,5,5,1600000,False,Morumbi
,São Paulo,989,5,5,5,12000000,False,Jardim Paulistano
Alameda Ministro Rocha Azevedo,São Paulo,120,2,2,1,1600000,False,Jardim Paulista
Rua Araporé,São Paulo,700,4,6,4,12000000,False,Jardim Guedala
Rua Feliciano Maia,São Paulo,560,5,5,6,40000,True,Jardim Paulista
,São Paulo,450,4,4,6,22000,True,Higienópolis
Rua Doutor João Neves Neto,São Paulo,379,3,5,3,2300000,False,Jardim Guedala
Rua Nova York,São Paulo,230,3,5,3,2200000,False,Brooklin Paulista
,São Paulo,723,3,3,4,16500000,False,Jardim Paulista
Rua Filipe de Gusmão,São Paulo,120,3,3,1,905000,False,Sumarezinho
Rua Vupabussu,São Paulo,144,3,4,2,15000,True,Pinheiros
Rua José do Patrocínio,São Paulo,150,3,2,2,930000,False,Aclimação
Rua Stefan Marek Neuding,São Paulo,622,4,6,6,5000000,False,Jardim Sílvia
,São Paulo,389,3,5,5,1690000,False,Jardim Leonor
Rua Costa Rica,São Paulo,1140,5,7,15,100000,True,Jardim América
Rua General Fonseca Teles,São Paulo,560,3,5,3,30000,True,Jardim Paulista
Avenida Sílvio Sciumbata,São Paulo,793,4,4,5,2680000,False,Interlagos
,São Paulo,350,4,3,4,3500000,False,Alto de Pinheiros
Rua Irineu Marinho,São Paulo,720,5,6,6,4800000,False,Santo Amaro
,São Paulo,1054,4,5,5,40000,True,Boaçava
,São Paulo,400,3,3,3,5500000,False,Jardim Paulistano
Rua Campo Grande,São Paulo,450,3,4,5,3600000,False,Vila Hamburguesa
,São Paulo,700,4,7,8,5000000,False,Retiro Morumbi
Rua França,São Paulo,340,4,2,5,5000000,False,Jardim Europa
Rua Alberto Faria,São Paulo,315,4,5,5,5400000,False,Alto de Pinheiros
Rua Jamil Safady,São Paulo,196,4,2,2,1500000,False,Vila Romana
Avenida Padre Pereira de Andrade,São Paulo,280,3,3,5,2950000,False,Boaçava
Rua Hermógenes Almeida Prado,São Paulo,800,4,8,4,3950000,False,Jardim Guedala
Rua Jaguanambi,São Paulo,589,4,7,6,4300000,False,Cidade Jardim
Rua Demóstenes,São Paulo,286,3,5,4,1950000,False,Campo Belo
,São Paulo,1327,3,8,34,120000,True,Morumbi
Rua Senador João Lira,São Paulo,300,4,4,3,2500000,False,Pacaembu
Rua República de El Salvador,São Paulo,388,3,2,4,1900000,False,Praia da Lagoa
Rua Almirante de Inhaúma,São Paulo,251,3,5,3,1700000,False,Alto da Lapa
,São Paulo,350,4,6,4,4074000,False,Jardim Leonor
Avenida Morumbi,São Paulo,1100,5,6,8,1950000,False,Morumbi
Rua Abagiba,São Paulo,170,3,2,3,680000,False,Vila da Saúde
Rua Carmo do Rio Claro,São Paulo,110,2,3,1,650000,False,Cambuci
Rua Senador João Lira,São Paulo,300,4,4,3,2500000,False,Pacaembu
,São Paulo,190,2,3,3,590000,False,Jardim Triana
,São Paulo,700,4,3,4,19000,True,Jardim Leonor
Rua Valença,São Paulo,213,4,6,3,2600000,False,Sumaré
Rua Luisiânia,São Paulo,249,4,4,3,2400000,False,Brooklin
Rua Grécia,São Paulo,518,5,4,3,7500000,False,Jardim Europa
,São Paulo,729,5,5,8,20000,True,Jardim Guedala
Rua Faria Lobato,São Paulo,148,3,3,4,690000,False,Vila Santa Clara
Rua Antônio de Gouveia Giudice,São Paulo,660,3,6,5,7000000,False,Alto de Pinheiros
Rua Itapitangui,São Paulo,160,3,3,3,4500000,False,Pacaembu
Rua Doutor João Maia,São Paulo,147,3,4,3,1600000,False,Aclimação
,São Paulo,484,4,5,4,9500000,False,Jardim Paulista
Rua Comandante Ismael Guilherme,São Paulo,775,4,4,6,11000000,False,Jardim Luzitânia
Praça Horácio Sabino,São Paulo,260,4,3,3,2700000,False,Pinheiros
,São Paulo,1022,4,14,8,85000,True,Pinheiros
Rua César Pena Ramos,São Paulo,165,5,3,1,3000,True,Vila Santa Maria
Rua Leônidas Freire,São Paulo,280,6,5,3,750000,False,Vila Liviero
,São Paulo,736,4,8,14,20000,True,Vila Morumbi
Rua Doutor Manoel Maria Tourinho,São Paulo,422,4,4,1,2500000,False,Pacaembu
Rua Maria Carolina,São Paulo,600,3,5,4,9500000,False,Jardim Paulistano
,São Paulo,197,3,5,3,1570000,False,Indianópolis
Rua Jabebira,São Paulo,750,5,9,4,8000000,False,Jardim Everest
,São Paulo,860,3,4,12,60000,True,Jardim América
Rua Olegário Mariano,São Paulo,750,5,7,8,4400000,False,Jardim Guedala
Rua Gaspar Lourenço,São Paulo,332,3,2,1,1300000,False,Vila Mariana
,São Paulo,750,4,8,5,20000,True,Jardim Leonor
Rua Acutiranha,São Paulo,420,4,3,4,14000,True,Jardim Panorama
Rua Urbanizadora,São Paulo,273,3,5,4,5000000,False,Sumaré
,São Paulo,114,3,3,3,500000,False,Vila Santos
Rua Joaquim Cândido de Azevedo Marques,São Paulo,900,3,6,10,18000000,False,Vila Morumbi
Rua Pereira Caldas,São Paulo,250,3,4,3,950000,False,Jardim da Glória
,São Paulo,450,4,4,3,4000000,False,Cidade Jardim
Rua Sampaio Vidal,São Paulo,184,3,3,2,2200000,False,Jardim Paulistano
Rua das Promessas,São Paulo,113,3,2,3,405000,False,Vila Medeiros
Rua Petrópolis,São Paulo,460,3,5,6,4950000,False,Sumaré
Rua Santa Silveira,São Paulo,133,2,3,2,460000,False,Jardim Penha
Avenida Bosque da Saúde,São Paulo,250,3,3,1,650000,False,Saúde
,São Paulo,650,4,6,5,2390000,False,Vila Progredior
,São Paulo,600,3,5,3,3950000,False,Alto de Pinheiros
,São Paulo,600,5,7,4,3800000,False,Cidade Jardim
,São Paulo,258,3,5,5,3500000,False,Jardim Luzitânia
,São Paulo,400,3,4,3,3450000,False,Alto de Pinheiros
,São Paulo,600,5,4,4,3500000,False,Pacaembu
Rua Cardeal Cagliori,São Paulo,400,4,5,7,3150000,False,Alto de Pinheiros
Rua Embuaçu,São Paulo,160,3,4,2,1300000,False,Vila Mariana
Rua Januário Miraglia,São Paulo,145,3,2,2,2500000,False,Vila Nova Conceição
Rua da Dança Cigana,São Paulo,100,3,1,1,445000,False,Jardim Vaz de Lima
Rua Tordesilhas,São Paulo,221,3,4,2,1300000,False,Lapa
,São Paulo,426,4,2,8,2300000,False,Pacaembu
Rua Maracaibo,São Paulo,433,4,6,4,3600000,False,Jardim Everest
,São Paulo,332,4,4,4,3750000,False,Alto de Pinheiros
Rua Professor Luciano Gualberto,São Paulo,1000,5,7,4,45000,True,Jardim Morumbi
,São Paulo,530,4,3,6,18000,True,Jardim Guedala
Rua Sanharó,São Paulo,590,5,5,5,2250000,False,Jardim Guedala
Rua José de Freitas Guimarães,São Paulo,419,4,3,4,2660000,False,Pacaembu
Rua Enrico de Martino,São Paulo,650,4,7,10,30000,True,Jardim Leonor
,São Paulo,700,4,4,6,4300000,False,Fazenda Morumbi
Rua Sílvia Celeste de Campos,São Paulo,435,4,3,2,3900000,False,Alto de Pinheiros
Rua Valença,São Paulo,314,5,5,4,2980000,False,Sumaré
Rua Grumete Sandoval Santos,São Paulo,600,3,4,4,20000,True,Morumbi
Rua Professor Otávio Ferrari,São Paulo,751,5,5,6,3750000,False,Jardim Guedala
Rua Espanha,São Paulo,1400,4,8,6,35000000,False,Jardim Europa
,São Paulo,700,6,4,4,4300000,False,Fazenda Morumbi
,São Paulo,350,3,3,23,15000,True,Sumaré
Rua Panaçu,São Paulo,144,3,5,2,1100000,False,Vila Monumento
Rua Mônaco,São Paulo,230,3,2,6,1300000,False,Jardim Textil
,São Paulo,650,4,4,11,26600000,False,Jardim América
Rua Macaé,São Paulo,550,4,5,4,3500000,False,Sumaré
Rua Alberto Faria,São Paulo,350,3,3,3,3150000,False,Alto de Pinheiros
Rua Arizona,São Paulo,150,3,1,2,1779990,False,Cidade Monções
Praça Santos Coimbra,São Paulo,560,3,4,8,3500000,False,Morumbi
Rua Iraúna,São Paulo,150,2,2,4,1400000,False,Indianópolis
Rua Soares de Barros,São Paulo,150,3,2,2,2300000,False,Itaim Bibi
Rua Zacarias de Gois,São Paulo,190,3,2,8,2000000,False,Parque Colonial
Rua Sampaio Vidal,São Paulo,244,3,4,2,28000,True,Jardim Paulistano
Rua Comendador Elias Jafet,São Paulo,493,4,4,6,2900000,False,Jardim Leonor
,São Paulo,450,3,5,3,5400000,False,Jardim Luzitânia
Rua Tefé,São Paulo,330,4,4,4,3700000,False,Sumaré
Rua Roteiro,São Paulo,660,4,8,5,6900000,False,Vila Inah
Rua Sílvio Portugal,São Paulo,870,7,1,6,3200000,False,Pacaembu
Rua Carataca,São Paulo,110,2,3,1,590000,False,Vila Gustavo
Rua Domingos Augusto Setti,São Paulo,210,4,5,4,2100000,False,Jardim Vila Mariana
Rua Itapacurai,São Paulo,107,3,2,2,820000,False,Paraíso do Morumbi
Rua Turquia,São Paulo,840,3,4,6,13900000,False,Pinheiros
Rua Teodoro Ramos,São Paulo,250,3,3,4,2800000,False,Pacaembu
,São Paulo,325,3,4,4,2700000,False,Pacaembu
Rua Bernardino Machado,São Paulo,450,4,5,4,3450000,False,Granja Julieta
Rua José Clemente,São Paulo,730,4,6,3,8000000,False,Jardim Paulista
Rua Mário Guastini,São Paulo,470,5,5,3,2500000,False,Pinheiros
,São Paulo,710,4,4,5,7800000,False,Alto de Pinheiros
,São Paulo,290,4,6,6,9000,True,Cidade Monções
,São Paulo,670,4,5,6,8700000,False,Alto de Pinheiros
Rua Alberto Faria,São Paulo,300,3,4,3,3350000,False,Alto de Pinheiros
,São Paulo,800,5,7,6,9580000,False,Jardim Paulista
Rua Júlio Verne,São Paulo,288,4,6,2,1890000,False,Jardim Hípico
Rua Deputado Bady Bassit,São Paulo,340,4,5,6,3800000,False,Caxingui
,São Paulo,366,4,2,4,5200000,False,Jardim América
Avenida Itacira,São Paulo,1000,5,7,14,6000000,False,Planalto Paulista
Rua Pero Correia,São Paulo,144,3,3,7,850000,False,Vila Mariana
Rua Brigadeiro Gama Barcelos,São Paulo,145,2,4,2,540000,False,Parque Jabaquara
,São Paulo,532,4,6,7,2100000,False,Jardim Marajoara
Rua Ubatuba,São Paulo,420,4,5,5,5500000,False,Pacaembu
Rua Tucuna,São Paulo,270,3,4,2,1580000,False,Perdizes
Rua Lacedemônia,São Paulo,167,3,5,2,840000,False,Jardim Brasil
Rua Lomas Valentinas,São Paulo,1128,4,6,6,9000000,False,Alto da Lapa
Rua Dom Silvério Pimenta,São Paulo,80,2,1,2,420000,False,Vila Gumercindo
Rua Manduri,São Paulo,400,6,5,4,7000000,False,Jardim Paulistano
Rua Groenlândia,São Paulo,210,3,2,3,3000000,False,Jardim América
Rua Francisco Farel,São Paulo,310,3,3,3,3160000,False,Jardim das Bandeiras
Rua Dona Balduína,São Paulo,410,3,6,3,3100000,False,Sumaré
,São Paulo,365,3,5,2,2990000,False,Butantã
Rua Enrico de Martino,São Paulo,470,4,5,6,1600000,False,Jardim Leonor
,São Paulo,140,3,3,2,890000,False,Caxingui
Rua Maestro Elias Lobo,São Paulo,210,3,3,2,3400000,False,Jardim Paulista
,São Paulo,400,4,5,5,5000000,False,Moema
Rua Antonina,São Paulo,400,4,3,6,6000000,False,Sumaré
Rua Tibiriçá,São Paulo,491,3,3,6,5200000,False,Brooklin Paulista
Rua Trinta e Um de Março,São Paulo,1400,4,10,7,35000,True,Fazenda Morumbi
Rua Isaura Abad Giacomelli,São Paulo,200,5,4,4,1280000,False,Vila Firmiano Pinto
Avenida das Magnólias,São Paulo,900,4,7,10,10000000,False,Cidade Jardim
,São Paulo,500,4,4,8,13000000,False,Jardim América
Rua José Cardoso Coutinho,São Paulo,220,3,3,3,920000,False,Jardim Ipanema
,São Paulo,710,4,4,5,7800000,False,Alto de Pinheiros
,São Paulo,290,4,6,6,9000,True,Cidade Monções
,São Paulo,670,4,5,6,8700000,False,Alto de Pinheiros
Rua Alberto Faria,São Paulo,300,3,4,3,3350000,False,Alto de Pinheiros
,São Paulo,800,5,7,6,9580000,False,Jardim Paulista
Rua Júlio Verne,São Paulo,288,4,6,2,1890000,False,Jardim Hípico
Rua Deputado Bady Bassit,São Paulo,340,4,5,6,3800000,False,Caxingui
,São Paulo,366,4,2,4,5200000,False,Jardim América
Avenida Itacira,São Paulo,1000,5,7,14,6000000,False,Planalto Paulista
Rua Pero Correia,São Paulo,144,3,3,7,850000,False,Vila Mariana
Rua Brigadeiro Gama Barcelos,São Paulo,145,2,4,2,540000,False,Parque Jabaquara
,São Paulo,532,4,6,7,2100000,False,Jardim Marajoara
Rua Ubatuba,São Paulo,420,4,5,5,5500000,False,Pacaembu
Rua Tucuna,São Paulo,270,3,4,2,1580000,False,Perdizes
Rua Lacedemônia,São Paulo,167,3,5,2,840000,False,Jardim Brasil
Rua Lomas Valentinas,São Paulo,1128,4,6,6,9000000,False,Alto da Lapa
Rua Dom Silvério Pimenta,São Paulo,80,2,1,2,420000,False,Vila Gumercindo
Rua Manduri,São Paulo,400,6,5,4,7000000,False,Jardim Paulistano
Rua Groenlândia,São Paulo,210,3,2,3,3000000,False,Jardim América
Rua Francisco Farel,São Paulo,310,3,3,3,3160000,False,Jardim das Bandeiras
Rua Dona Balduína,São Paulo,410,3,6,3,3100000,False,Sumaré
,São Paulo,365,3,5,2,2990000,False,Butantã
Rua Enrico de Martino,São Paulo,470,4,5,6,1600000,False,Jardim Leonor
,São Paulo,140,3,3,2,890000,False,Caxingui
Rua Maestro Elias Lobo,São Paulo,210,3,3,2,3400000,False,Jardim Paulista
,São Paulo,400,4,5,5,5000000,False,Moema
Rua Antonina,São Paulo,400,4,3,6,6000000,False,Sumaré
Rua Tibiriçá,São Paulo,491,3,3,6,5200000,False,Brooklin Paulista
Rua Trinta e Um de Março,São Paulo,1400,4,10,7,35000,True,Fazenda Morumbi
Rua Isaura Abad Giacomelli,São Paulo,200,5,4,4,1280000,False,Vila Firmiano Pinto
Avenida das Magnólias,São Paulo,900,4,7,10,10000000,False,Cidade Jardim
,São Paulo,500,4,4,8,13000000,False,Jardim América
Rua José Cardoso Coutinho,São Paulo,220,3,3,3,920000,False,Jardim Ipanema
,São Paulo,517,4,5,8,15000,True,Cidade Jardim
Rua Leiria,São Paulo,330,4,5,4,7900000,False,Jardim Luzitânia
,São Paulo,385,5,3,8,3000000,False,Jardim Paulistano
,São Paulo,450,3,6,3,4300000,False,Consolação
,São Paulo,300,4,3,3,2120000,False,Perdizes
Rua Porangaba,São Paulo,160,3,1,3,1200000,False,Bosque da Saúde
Rua General Euclides Figueiredo,São Paulo,250,4,5,5,1600000,False,Morumbi
,São Paulo,989,5,5,5,12000000,False,Jardim Paulistano
Alameda Ministro Rocha Azevedo,São Paulo,120,2,2,1,1600000,False,Jardim Paulista
Rua Araporé,São Paulo,700,4,6,4,12000000,False,Jardim Guedala
Rua Feliciano Maia,São Paulo,560,5,5,6,40000,True,Jardim Paulista
,São Paulo,450,4,4,6,22000,True,Higienópolis
Rua Doutor João Neves Neto,São Paulo,379,3,5,3,2300000,False,Jardim Guedala
Rua Nova York,São Paulo,230,3,5,3,2200000,False,Brooklin Paulista
,São Paulo,723,3,3,4,16500000,False,Jardim Paulista
Rua Filipe de Gusmão,São Paulo,120,3,3,1,905000,False,Sumarezinho
Rua Vupabussu,São Paulo,144,3,4,2,15000,True,Pinheiros
Rua José do Patrocínio,São Paulo,150,3,2,2,930000,False,Aclimação
Rua Stefan Marek Neuding,São Paulo,622,4,6,6,5000000,False,Jardim Sílvia
,São Paulo,389,3,5,5,1690000,False,Jardim Leonor
Rua Costa Rica,São Paulo,1140,5,7,15,100000,True,Jardim América
Rua General Fonseca Teles,São Paulo,560,3,5,3,30000,True,Jardim Paulista
Largo Nossa Senhora da Conceição,São Paulo,180,3,1,2,1080000,False,Cambuci
Rua Professor Miguel Maurício da Rocha,São Paulo,700,4,6,6,4200000,False,Brooklin
Rua Bacopari,São Paulo,256,3,4,3,3250000,False,Boaçava
,São Paulo,600,5,6,5,5800000,False,Jardim Morumbi
Rua General Bagnuolo,São Paulo,246,3,3,2,650000,False,Quinta da Paineira
,São Paulo,543,4,5,4,9500000,False,Alto de Pinheiros
Rua Laura Vicuna,São Paulo,900,3,5,8,20000,True,Vila Ida
,São Paulo,1022,4,14,8,85000,True,Pinheiros
Rua César Pena Ramos,São Paulo,165,5,3,1,3000,True,Vila Santa Maria
Rua Leônidas Freire,São Paulo,280,6,5,3,750000,False,Vila Liviero
,São Paulo,736,4,8,14,20000,True,Vila Morumbi
Rua Doutor Manoel Maria Tourinho,São Paulo,422,4,4,1,2500000,False,Pacaembu
Avenida Moaci,São Paulo,200,4,5,1,1650000,False,Planalto Paulista
Rua Maria Carolina,São Paulo,600,3,5,4,9500000,False,Jardim Paulistano
,São Paulo,197,3,5,3,1570000,False,Indianópolis
Rua Jabebira,São Paulo,750,5,9,4,8000000,False,Jardim Everest
,São Paulo,860,3,4,12,60000,True,Jardim América
Avenida Doutor Cardoso de Melo,São Paulo,200,2,3,2,2900000,False,Vila Olímpia
,São Paulo,1200,4,4,7,25600000,False,Jardim América
Praça Cecília Perigo Saldiva,São Paulo,420,3,3,3,6800000,False,Alto de Pinheiros
Rua Leão XIII,São Paulo,267,3,5,4,1350000,False,Jardim São Bento
Rua Doutor João Neves Neto,São Paulo,380,3,5,3,2400000,False,Jardim Guedala
Rua Bragança,São Paulo,400,4,1,5,3500000,False,Pacaembu
Rua Doutor Félix,São Paulo,250,3,4,1,1400000,False,Aclimação
Avenida das Magnólias,São Paulo,1200,4,5,8,30000,True,Cidade Jardim
,São Paulo,1300,5,7,6,5900000,False,Jardim Guedala
"Rua Simão Machado, Apto",São Paulo,90,2,2,2,460000,False,Tucuruvi
Rua Alcacer,Kehir,233,3,2,2,860000,False,
Rua Urbanizadora,São Paulo,250,3,3,4,2900000,False,Sumaré
Rua Santos Dumont,São Paulo,567,4,3,4,3490000,False,Jardim Petrópolis
,São Paulo,120,2,2,4,800000,False,Jardim Santo Amaro
,São Paulo,83,2,3,1,480000,False,Vila Cordeiro
Rua Bailique,São Paulo,170,3,3,3,1200000,False,Jardim Textil
Rua das Begônias,São Paulo,456,5,4,7,2200000,False,Cidade Jardim
Rua Padre Madureira,São Paulo,1400,5,8,6,12000000,False,Jardim Guedala
,São Paulo,165,3,3,1,560000,False,Parque Continental
Rua Itatiba,São Paulo,513,4,7,12,5500000,False,Pacaembu
Rua Taguató,São Paulo,180,5,4,3,450000,False,Vila Fernandes
Rua Engenheiro Janot Pacheco,São Paulo,342,4,6,7,2990000,False,Vila Progredior
Rua João Batista Leme da Silva,São Paulo,174,4,4,2,1219000,False,Vila Madalena
,São Paulo,180,2,3,2,600000,False,Cidade Centenário
Avenida das Magnólias,São Paulo,308,5,5,4,2500000,False,Cidade Jardim
Alameda dos Camaiurás,São Paulo,820,6,3,6,2990000,False,Planalto Paulista
,São Paulo,589,4,5,6,4000000,False,Cidade Jardim
Rua Professor Luciano Gualberto,São Paulo,605,4,8,10,5000000,False,Jardim Morumbi
Rua Bispo Eugênio Demazemod,São Paulo,160,3,3,2,790000,False,Vila Alpina
Avenida Eliseu de Almeida,São Paulo,95,3,2,5,4000,True,Instituto de Previdência
Rua Maurício de Castilho,São Paulo,300,3,5,3,2600000,False,Vila Monumento
Avenida Lopes de Azevedo,São Paulo,1820,5,8,10,12000000,False,Jardim Guedala
Rua Afonso Ferreira,São Paulo,550,4,7,4,12000000,False,Jardim Paulista
Rua Alberto Faria,São Paulo,383,5,7,5,5290000,False,Alto de Pinheiros
Rua Professor Carlos Zagotis,São Paulo,200,3,3,2,950000,False,Tatuapé
Rua Doutor Abílio Martins de Castro,São Paulo,710,3,3,4,2500000,False,Jardim Marajoara
,São Paulo,220,4,4,3,1095000,False,Jaguaré
,São Paulo,400,4,5,4,8000,True,Interlagos
Rua Machado de Assis,São Paulo,285,3,5,4,2150000,False,Vila Mariana
Avenida Professor Fonseca Rodrigues,São Paulo,500,4,5,4,6863720,False,Alto de Pinheiros
,São Paulo,850,4,8,8,35000,True,Retiro Morumbi
,São Paulo,360,4,6,4,5800000,False,Alto de Pinheiros
Rua Iraúna,São Paulo,300,3,3,3,1990000,False,Jardim Novo Mundo
,São Paulo,600,5,4,3,35000,True,Jardim Paulista
Rua Afonso Bandeira de Melo,São Paulo,210,3,1,2,1100000,False,Campo Belo
,São Paulo,160,3,5,3,2900000,False,Vila Olímpia
,São Paulo,730,4,6,10,7800000,False,Alto de Pinheiros
Rua Almirante Soares Dutra,São Paulo,408,3,5,4,3400000,False,Morumbi
Rua Moisés Anaute,São Paulo,220,3,5,4,1030000,False,Jardim Odete
,São Paulo,630,4,9,7,14000000,False,Jardim Paulistano
Rua Açaraí,São Paulo,497,3,4,4,3000000,False,Jardim Guedala
,São Paulo,400,5,5,4,1950000,False,Jardim Miriam
Rua Grécia,São Paulo,203,3,1,2,3100000,False,Jardim Europa
Rua Bandeirante Sampaio Soares,São Paulo,703,4,8,6,30000,True,Vila Morumbi
,São Paulo,471,4,4,4,17000,True,Boaçava
,São Paulo,1000,3,7,7,20000,True,Jardim Leonor
Rua Padre Madureira,São Paulo,551,4,8,8,5000000,False,Jardim Guedala
,São Paulo,93,3,1,1,531000,False,Vila Oratório
Rua da Independência,São Paulo,170,3,2,1,500000,False,Cambuci
Rua General Sena Vasconcelos,São Paulo,352,4,4,3,3600000,False,Jardim Guedala
,São Paulo,1490,5,11,40,25000,True,Pacaembu
Rua Ministro Ferreira Alves,São Paulo,147,3,2,1,760000,False,Perdizes
,São Paulo,446,4,4,5,2100000,False,City América
,São Paulo,181,3,1,2,700000,False,Vila Albertina
Rua Alberto Hodge,São Paulo,880,4,5,3,3500000,False,Santo Amaro
Rua do Minho,São Paulo,436,4,4,3,5500000,False,Jardim Luzitânia
,São Paulo,473,4,5,5,3600000,False,Vila Madalena
Rua Jaguanambi,São Paulo,475,5,6,5,25000,True,Cidade Jardim
Rua Castro Delgado,São Paulo,357,4,5,4,6400000,False,Alto de Pinheiros
Avenida IV Centenário,São Paulo,500,4,3,3,7900000,False,Jardim Luzitânia
,São Paulo,161,3,3,3,1200000,False,Vila Mariana
Rua Cordisburgo,São Paulo,800,4,6,6,3700000,False,Jardim Leonor
Rua Alberto Faria,São Paulo,350,3,3,3,3150000,False,Alto de Pinheiros
Rua Arizona,São Paulo,150,3,1,2,1779990,False,Cidade Monções
Praça Santos Coimbra,São Paulo,560,3,4,8,3500000,False,Morumbi
Rua Iraúna,São Paulo,150,2,2,4,1400000,False,Indianópolis
Rua Soares de Barros,São Paulo,150,3,2,2,2300000,False,Itaim Bibi
Rua Zacarias de Gois,São Paulo,190,3,2,8,2000000,False,Parque Colonial
Rua Sampaio Vidal,São Paulo,244,3,4,2,28000,True,Jardim Paulistano
Rua Comendador Elias Jafet,São Paulo,493,4,4,6,2900000,False,Jardim Leonor
,São Paulo,450,3,5,3,5400000,False,Jardim Luzitânia
Rua Tefé,São Paulo,330,4,4,4,3700000,False,Sumaré
Rua Roteiro,São Paulo,660,4,8,5,6900000,False,Vila Inah
Rua Sílvio Portugal,São Paulo,870,7,1,6,3200000,False,Pacaembu
Rua Carataca,São Paulo,110,2,3,1,590000,False,Vila Gustavo
Rua Domingos Augusto Setti,São Paulo,210,4,5,4,2100000,False,Jardim Vila Mariana
Rua Doutor Rubens de Azevedo Marques,São Paulo,350,5,5,4,2200000,False,Chácara Monte Alegre
Rua Itapacurai,São Paulo,107,3,2,2,820000,False,Paraíso do Morumbi
Rua Turquia,São Paulo,840,3,4,6,13900000,False,Pinheiros
Rua Teodoro Ramos,São Paulo,250,3,3,4,2800000,False,Pacaembu
,São Paulo,325,3,4,4,2700000,False,Pacaembu
Rua Bergamota,São Paulo,190,2,2,3,1200000,False,Alto da Lapa
Rua Antonina,São Paulo,366,3,4,3,3850000,False,Sumaré
Rua General Góis Monteiro,São Paulo,173,4,2,2,1100000,False,Vila Anglo Brasileira
,São Paulo,332,5,4,3,35000,True,Sumaré
Rua São Bráulio,São Paulo,600,4,6,4,3500000,False,Jardim Guedala
,São Paulo,481,4,6,4,3500000,False,Jardim Panorama
Travessa Barreiras,São Paulo,235,3,3,2,530000,False,Vila Santo Estéfano
Avenida das Magnólias,São Paulo,307,4,5,6,2300000,False,Cidade Jardim
Rua Simpatia,São Paulo,339,4,4,4,4340000,False,Jardim das Bandeiras
,São Paulo,350,4,2,4,8000000,False,Jardim Europa
,São Paulo,560,5,3,4,3100000,False,Alto de Pinheiros
Rua Kohei Yokoyana,São Paulo,139,5,5,5,1200000,False,Jardim Peri Peri
Rua General Mena Barreto,São Paulo,570,4,7,5,11000000,False,Jardim Paulista
Rua Tomás Teixeira,São Paulo,80,2,1,2,430000,False,Vila Constança
,São Paulo,230,5,3,4,4600000,False,Higienópolis
Rua Panapoi,São Paulo,130,2,1,6,1450000,False,Campo Belo
Rua Heitor de Morais,São Paulo,500,4,5,5,5000000,False,Pacaembu
,São Paulo,300,3,5,3,1599000,False,Mirandópolis
Rua Aurelia Perez Alvarez,São Paulo,370,3,5,4,3672500,False,Jardim dos Estados
Rua Oagy Kalile,São Paulo,700,4,9,4,2780000,False,Jardim Vitória Régia
Rua Suécia,São Paulo,872,4,5,7,18000000,False,Jardim Europa
Rua Dom Henrique,São Paulo,953,4,8,7,25000000,False,Jardim Luzitânia
Rua Capote Valente,São Paulo,180,3,3,2,2200000,False,Pinheiros
Rua Padre José Griecco,São Paulo,870,4,9,6,6000000,False,Cidade Jardim
,São Paulo,600,4,6,3,7500000,False,Jardim Paulista
,São Paulo,520,5,6,6,10000,True,Alto de Pinheiros
Rua Madalena de Morais,São Paulo,800,5,8,6,8000000,False,Jardim Leonor
,São Paulo,392,4,4,3,20000,True,Alto de Pinheiros
Rua Almirante Soares Dutra,São Paulo,700,3,5,4,3300000,False,Morumbi
Rua Conde D'Eu,São Paulo,756,5,6,5,3800000,False,Santo Amaro
Rua General Chagas Santos,São Paulo,250,2,2,1,1020000,False,Vila da Saúde
Rua Professor Gabriel Ortiz,São Paulo,600,4,6,6,3500000,False,Jardim Guedala
Rua Primavera,São Paulo,332,4,7,6,5500000,False,Jardim Paulista
Rua Marco Aurélio,São Paulo,200,3,4,2,940000,False,Vila Romana
Rua Professor Henrique Neves Lefevre,São Paulo,450,4,5,10,2800000,False,Jardim Petrópolis
Rua Doutor José de Moura Resende,São Paulo,270,4,4,3,1280000,False,Caxingui
Rua Quiçaba,São Paulo,150,4,3,2,2500000,False,Vila Nova Conceição
Rua Rocinha,São Paulo,195,3,4,2,1800000,False,Bosque da Saúde
Rua Iraci,São Paulo,375,4,4,3,3600000,False,Jardim Paulistano
,São Paulo,308,4,4,4,9500,True,Vila Madalena
Rua Taques Alvim,São Paulo,540,4,6,4,4000000,False,Cidade Jardim
Rua Téles Peixoto,São Paulo,161,2,2,2,946000,False,Tucuruvi
,São Paulo,400,3,6,3,6600000,False,Jardim Europa
,São Paulo,310,4,4,2,5000000,False,Jardim América
Rua Baicuri,São Paulo,600,4,5,3,4500000,False,Boaçava
Rua Alvorada do Sul,São Paulo,496,4,4,3,14000,True,Jardim Guedala
,São Paulo,350,4,5,8,3200000,False,Lapa
Avenida Amarilis,São Paulo,450,4,4,4,3700000,False,Cidade Jardim
,São Paulo,700,4,6,6,4950000,False,Morumbi
Rua Áurea,São Paulo,196,3,3,2,3000000,False,Vila Mariana
Rua Itápolis,São Paulo,196,3,2,4,1800000,False,Pacaembu
Rua Itajaçu,São Paulo,274,3,5,3,1950000,False,Pacaembu
Rua Alberto Faria,São Paulo,372,4,5,6,2500000,False,Alto de Pinheiros
Rua Alberto Willo,São Paulo,450,5,4,3,2130000,False,Planalto Paulista
Rua Principado de Mônaco,São Paulo,1100,6,10,12,10000000,False,Pacaembu
Rua Santo Estácio,São Paulo,120,3,2,2,850000,False,Cidade Vargas
Rua Afonso Ferreira,São Paulo,487,3,3,4,4200000,False,Jardim Paulista
Rua José Ferreira Guimarães,São Paulo,320,4,6,4,2700000,False,Vila Progredior
Rua Cássio Martins Vilaça,São Paulo,278,4,7,4,2890000,False,Pacaembu
Rua Dom Henrique,São Paulo,360,3,3,2,4500000,False,Jardim Luzitânia
Rua Groenlândia,São Paulo,372,3,3,10,4650000,False,Jardim América
,São Paulo,447,4,6,4,3500000,False,Cidade Jardim
Rua Miguel Teles Júnior,São Paulo,250,3,4,1,775000,False,Cambuci
,São Paulo,241,3,3,4,4500000,False,Vila Clementino
Rua Emboabas,São Paulo,450,4,4,6,2700000,False,Brooklin Paulista
Rua Alves Guimarães,São Paulo,338,4,2,4,3500000,False,Pinheiros
,São Paulo,350,4,3,3,3800000,False,Jardim Novo Mundo
Rua Lotário Lutz,São Paulo,920,6,10,12,10000000,False,Chácara Monte Alegre
,São Paulo,140,2,2,1,1915000,False,Pinheiros
,São Paulo,900,4,9,10,8000000,False,Jardim Paulista
Rua Taques Alvim,São Paulo,420,4,5,4,3800000,False,Cidade Jardim
Avenida Lopes de Azevedo,São Paulo,448,4,5,3,3000000,False,Jardim Guedala
,São Paulo,419,3,7,4,4800000,False,Boaçava
Rua Alberto Faria,São Paulo,470,4,2,6,5700000,False,Alto de Pinheiros
,São Paulo,261,3,1,2,3300000,False,Jardim Paulista
Rua Henri Dunant,São Paulo,140,3,3,2,1250000,False,Santo Amaro
Rua Professor Otávio Ferrari,São Paulo,751,5,8,6,3500000,False,Jardim Guedala
Rua Luisiania,São Paulo,210,3,4,3,2130000,False,Brooklin Paulista
Praça Padre Mário Fontana,São Paulo,350,3,5,3,3500000,False,Parque da Mooca
,São Paulo,495,4,6,10,18000,True,Alto de Pinheiros
,São Paulo,723,3,3,5,45000,True,Vila Nova Conceição
,São Paulo,140,4,5,3,10000,True,Sumarezinho
Rua Vergueiro,São Paulo,131,1,1,1,640000,False,Vila Firmiano Pinto
,São Paulo,492,4,6,4,4300000,False,Vila Madalena
Rua Banibás,São Paulo,442,5,3,5,4990000,False,Alto de Pinheiros
Rua Campo Grande,São Paulo,350,3,5,4,3190000,False,Vila Hamburguesa
Rua Guadelupe,São Paulo,752,4,6,6,14000000,False,Jardim América
Rua Doutor Barros Cruz,São Paulo,180,3,2,5,4032000,False,Vila Mariana
Rua Antônio Ambuba,São Paulo,124,3,2,2,690000,False,Parque Munhoz
Rua Itajaçu,São Paulo,274,3,5,3,1950000,False,Pacaembu
Rua Alberto Faria,São Paulo,372,4,5,6,2500000,False,Alto de Pinheiros
Rua Comendador Elias Zarzur,São Paulo,324,4,5,3,3500000,False,Santo Amaro
,São Paulo,704,4,2,7,2500000,False,Boaçava
Rua Petrópolis,São Paulo,450,4,5,4,2970000,False,Sumaré
Rua Luís Dib Zogaib,São Paulo,1050,3,6,9,7800000,False,Morumbi
,São Paulo,266,3,3,3,2000000,False,Vila Ipojuca
,São Paulo,126,1,1,2,2500000,False,Jardim Europa
Rua Caixanas,São Paulo,918,5,7,10,9000000,False,Jardim Guedala
,São Paulo,233,3,3,2,4950000,False,Jardim América
Rua Duartina,São Paulo,402,3,1,4,3800000,False,Sumaré
,São Paulo,638,3,5,5,12000,True,Fazenda Morumbi
,São Paulo,688,4,5,6,4500000,False,Vila Progredior
Rua Comandante Garcia D'Ávila,São Paulo,404,4,5,4,1600000,False,Morumbi
,São Paulo,569,4,5,4,40000,True,Jardim Europa
,São Paulo,650,3,5,6,13900000,False,Jardim Europa
Rua Camargo Aranha,São Paulo,475,5,3,4,4000000,False,Pacaembu
,São Paulo,656,3,4,5,5300000,False,Pinheiros
Avenida Brasil,São Paulo,1653,7,5,4,70000,True,Jardim América
Rua Emílio Mallet,São Paulo,170,2,2,3,1200000,False,Vila Gomes Cardim
Rua Nicarágua,São Paulo,450,2,3,6,17000000,False,Jardim América
Rua Miranda Guerra,São Paulo,548,4,5,6,30000,True,Jardim Petrópolis
Rua Vicente Góes e Aranha,São Paulo,368,3,5,4,2500000,False,Vila Tramontano
Praça Santos Coimbra,São Paulo,450,4,5,6,2150000,False,Morumbi
Rua Pau,Brasil,422,4,4,6,4500000,False,
Rua Quintana,São Paulo,220,3,2,2,1880000,False,Cidade Monções
Rua Itaperuna,São Paulo,1000,4,3,4,8990000,False,Pacaembu
,São Paulo,44,1,1,1,345000,False,Barra Funda
Rua Capepuxis,São Paulo,356,4,7,5,3850000,False,Alto de Pinheiros
Rua João Moura,São Paulo,290,4,3,4,2230000,False,Pinheiros
Rua Palmares,São Paulo,647,4,6,4,25000,True,Brooklin Paulista
Rua Bernardino de Campos,São Paulo,180,3,2,2,899990,False,Campo Belo
Rua Brentano,São Paulo,140,4,3,2,1470000,False,Vila Hamburguesa
Rua Irlanda,São Paulo,482,4,5,5,9050000,False,Jardim Europa
Rua Doutor Tomás Alves,São Paulo,400,3,3,2,14000,True,Vila Mariana
,São Paulo,600,4,4,4,12720000,False,Jardim Paulistano
Rua Itajaçu,São Paulo,274,3,5,3,1950000,False,Pacaembu
Rua Alberto Faria,São Paulo,372,4,5,6,2500000,False,Alto de Pinheiros
Rua Comendador Elias Zarzur,São Paulo,324,4,5,3,3500000,False,Santo Amaro
,São Paulo,704,4,2,7,2500000,False,Boaçava
Rua Petrópolis,São Paulo,450,4,5,4,2970000,False,Sumaré
Rua Luís Dib Zogaib,São Paulo,1050,3,6,9,7800000,False,Morumbi
,São Paulo,266,3,3,3,2000000,False,Vila Ipojuca
,São Paulo,126,1,1,2,2500000,False,Jardim Europa
Rua Caixanas,São Paulo,918,5,7,10,9000000,False,Jardim Guedala
,São Paulo,233,3,3,2,4950000,False,Jardim América
Rua Duartina,São Paulo,402,3,1,4,3800000,False,Sumaré
,São Paulo,638,3,5,5,12000,True,Fazenda Morumbi
,São Paulo,688,4,5,6,4500000,False,Vila Progredior
Rua Comandante Garcia D'Ávila,São Paulo,404,4,5,4,1600000,False,Morumbi
,São Paulo,569,4,5,4,40000,True,Jardim Europa
,São Paulo,650,3,5,6,13900000,False,Jardim Europa
Rua Camargo Aranha,São Paulo,475,5,3,4,4000000,False,Pacaembu
,São Paulo,656,3,4,5,5300000,False,Pinheiros
Avenida Brasil,São Paulo,1653,7,5,4,70000,True,Jardim América
Rua Emílio Mallet,São Paulo,170,2,2,3,1200000,False,Vila Gomes Cardim
Rua Nicarágua,São Paulo,450,2,3,6,17000000,False,Jardim América
Rua Miranda Guerra,São Paulo,548,4,5,6,30000,True,Jardim Petrópolis
Rua Vicente Góes e Aranha,São Paulo,368,3,5,4,2500000,False,Vila Tramontano
Praça Santos Coimbra,São Paulo,450,4,5,6,2150000,False,Morumbi
Rua Pau,Brasil,422,4,4,6,4500000,False,
Rua Quintana,São Paulo,220,3,2,2,1880000,False,Cidade Monções
Rua Itaperuna,São Paulo,1000,4,3,4,8990000,False,Pacaembu
,São Paulo,44,1,1,1,345000,False,Barra Funda
Rua Capepuxis,São Paulo,356,4,7,5,3850000,False,Alto de Pinheiros
Rua João Moura,São Paulo,290,4,3,4,2230000,False,Pinheiros
Rua Palmares,São Paulo,647,4,6,4,25000,True,Brooklin Paulista
Rua Bernardino de Campos,São Paulo,180,3,2,2,899990,False,Campo Belo
Rua Brentano,São Paulo,140,4,3,2,1470000,False,Vila Hamburguesa
Rua Irlanda,São Paulo,482,4,5,5,9050000,False,Jardim Europa
Rua Doutor Tomás Alves,São Paulo,400,3,3,2,14000,True,Vila Mariana
,São Paulo,600,4,4,4,12720000,False,Jardim Paulistano
Rua Murajuba,São Paulo,390,4,3,3,3200000,False,Alto de Pinheiros
Avenida Jônia,São Paulo,223,3,3,4,950000,False,Jardim Brasil
,São Paulo,750,4,7,4,8400000,False,Jardim das Bandeiras
Rua Desembargador Joaquim Barbosa de Almeida,São Paulo,350,5,4,3,2700000,False,Alto de Pinheiros
Avenida Doutor Alberto Penteado,São Paulo,1500,5,5,10,10000000,False,Jardim Sílvia
Rua Artur Dias,São Paulo,160,2,2,2,1100000,False,Bosque da Saúde
Rua São Bernardo,São Paulo,159,3,2,2,1200000,False,Cidade Mãe do Céu
Rua Manduri,São Paulo,400,3,4,6,7200000,False,Jardim Paulistano
,São Paulo,780,5,5,4,7500000,False,Jardim Leonor
,São Paulo,425,4,4,2,3800000,False,Cidade Jardim
Rua General Fonseca Teles,São Paulo,1150,5,8,8,27000000,False,Jardim Paulista
Rua Brito Peixoto,São Paulo,269,3,3,4,1950000,False,Vila Cordeiro
Rua Júlio Ribeiro Neto,São Paulo,323,3,5,4,1850000,False,Jardim Leonor
Rua Amarais,São Paulo,300,6,5,3,1000000,False,Vila Carrão
,São Paulo,300,4,4,2,4250000,False,Jardim Paulistano
Rua Francisco Pessoa,São Paulo,106,3,4,2,695000,False,Vila Andrade
Rua Heitor Peixoto,São Paulo,181,2,3,1,650000,False,Cambuci
,São Paulo,379,3,5,5,4300000,False,Jardim Paulista
,São Paulo,581,4,3,10,25000000,False,Jardim Europa
Rua Cláudio Henrique de Paula,São Paulo,125,3,3,2,455000,False,Vila Rica
Rua Baré,São Paulo,350,4,6,4,3500000,False,Vila Romana
,São Paulo,700,4,7,6,5000000,False,Jardim Petropolis
Rua Adalívia de Toledo,São Paulo,650,4,4,7,5500000,False,Paineiras do Morumbi
Avenida Bosque da Saúde,São Paulo,262,5,4,10,12000,True,Saúde
Rua Barajuba,São Paulo,450,4,7,4,5500000,False,Alto de Pinheiros
,São Paulo,936,4,6,6,26000000,False,Jardim América
,São Paulo,488,5,5,8,3500000,False,Alto de Pinheiros
,São Paulo,341,3,5,4,3500000,False,Alto de Pinheiros
,São Paulo,568,4,4,4,15500,True,Jardim Vitória Régia
Rua Giovanni Carnovali,São Paulo,120,3,2,2,580000,False,Vila Caraguatá
,São Paulo,647,5,2,5,5420,True,Brooklin Paulista
Rua Doutor Oscar de Almeida,São Paulo,1280,5,8,4,3500000,False,Fazenda Morumbi
Avenida Doutor Cardoso de Melo,São Paulo,200,2,3,2,2900000,False,Vila Olímpia
,São Paulo,1200,4,4,7,25600000,False,Jardim América
Praça Cecília Perigo Saldiva,São Paulo,420,3,3,3,6800000,False,Alto de Pinheiros
Rua Leão XIII,São Paulo,267,3,5,4,1350000,False,Jardim São Bento
Rua Iraúna,São Paulo,335,4,5,3,1950000,False,Indianópolis
,São Paulo,504,3,3,4,18000000,False,Jardim Europa
,São Paulo,450,4,2,7,2600000,False,Jardim Morumbi
,São Paulo,490,5,8,10,3000000,False,Vila Ida
Travessa República do Suriname,São Paulo,300,4,5,2,4250000,False,Jardim Paulistano
,São Paulo,75,2,1,1,265000,False,Vila Jacuí
Rua Votuporanga,São Paulo,455,5,4,4,2500000,False,Sumaré
Rua Itavera,São Paulo,613,4,5,5,5500000,False,Jardim Guedala
Rua Maestro Elias Lobo,São Paulo,500,4,5,4,10000000,False,Jardim Paulista
Rua Conceição de Monte Alegre,São Paulo,165,3,4,2,1300000,False,Brooklin Paulista
,São Paulo,500,4,8,6,20000,True,Jardim Everest
,São Paulo,450,3,4,7,3400000,False,Jardim Guedala
Rua Maestro Chiaffarelli,São Paulo,191,3,2,1,2600000,False,Jardim Paulista
Rua Croata,São Paulo,141,2,2,1,1190000,False,Vila Ipojuca
,São Paulo,350,3,4,5,2000000,False,Jardim Leonor
Rua Raul Pompéia,São Paulo,160,3,5,2,1245000,False,Vila Pompéia
,São Paulo,680,5,5,4,4500000,False,Cidade Jardim
,São Paulo,442,3,8,4,2600000,False,Jardim Leonor
Rua Padre Marchetti,São Paulo,145,2,3,2,550000,False,Ipiranga
,São Paulo,554,4,4,4,45000,True,Jardim Europa
Rua Caio Graco,São Paulo,130,4,2,3,1350000,False,Vila Romana
,São Paulo,210,3,2,4,5250000,False,Vila Nova Conceição
,São Paulo,300,6,5,2,850000,False,Vila Califórnia
Rua Bahia,São Paulo,350,4,5,3,3350000,False,Higienópolis
,São Paulo,700,4,4,5,9500000,False,Jardim Europa
,São Paulo,413,6,6,7,2490000,False,Jardim Leonor
Avenida Antônio Batuira,São Paulo,332,4,5,12,2389000,False,Alto de Pinheiros
Rua Morgado de Mateus,São Paulo,258,4,3,2,2250000,False,Vila Mariana
Rua Marquês Maricá,São Paulo,166,3,3,2,563000,False,Sacomã
,São Paulo,435,4,4,6,4500000,False,Boaçava
,São Paulo,100,2,2,2,330000,False,Vila Mafra
Rua Palestra Itália,São Paulo,200,3,3,1,1000000,False,Perdizes
Avenida Morumbi,São Paulo,280,4,3,3,3150000,False,Morumbi
Rua Lomas Valentinas,São Paulo,380,3,4,4,2850000,False,Alto da Lapa
Rua Mesquita,São Paulo,283,6,3,1,1250000,False,Vila Deodoro
Rua Pongada,São Paulo,389,4,6,4,2000000,False,Jardim Panorama
Rua Machado de Assis,São Paulo,285,3,5,4,2150000,False,Vila Mariana
Avenida Professor Fonseca Rodrigues,São Paulo,500,4,5,4,6863720,False,Alto de Pinheiros
,São Paulo,850,4,8,8,35000,True,Retiro Morumbi
,São Paulo,360,4,6,4,5800000,False,Alto de Pinheiros
Rua Iraúna,São Paulo,300,3,3,3,1990000,False,Jardim Novo Mundo
,São Paulo,600,5,4,3,35000,True,Jardim Paulista
Rua Afonso Bandeira de Melo,São Paulo,210,3,1,2,1100000,False,Campo Belo
,São Paulo,160,3,5,3,2900000,False,Vila Olímpia
,São Paulo,730,4,6,10,7800000,False,Alto de Pinheiros
Rua Almirante Soares Dutra,São Paulo,408,3,5,4,3400000,False,Morumbi
Rua Moisés Anaute,São Paulo,220,3,5,4,1030000,False,Jardim Odete
,São Paulo,630,4,9,7,14000000,False,Jardim Paulistano
Rua Açaraí,São Paulo,497,3,4,4,3000000,False,Jardim Guedala
,São Paulo,400,5,5,4,1950000,False,Jardim Miriam
Rua Grécia,São Paulo,203,3,1,2,3100000,False,Jardim Europa
Rua Bandeirante Sampaio Soares,São Paulo,703,4,8,6,30000,True,Vila Morumbi
,São Paulo,471,4,4,4,17000,True,Boaçava
,São Paulo,1000,3,7,7,20000,True,Jardim Leonor
Rua Padre Madureira,São Paulo,551,4,8,8,5000000,False,Jardim Guedala
,São Paulo,93,3,1,1,531000,False,Vila Oratório
Rua da Independência,São Paulo,170,3,2,1,500000,False,Cambuci
Rua General Sena Vasconcelos,São Paulo,352,4,4,3,3600000,False,Jardim Guedala
Rua Romão Gomes,São Paulo,470,4,6,3,2930000,False,Butantã
,São Paulo,1490,5,11,40,25000,True,Pacaembu
Rua Ministro Ferreira Alves,São Paulo,147,3,2,1,760000,False,Perdizes
,São Paulo,446,4,4,5,2100000,False,City América
,São Paulo,181,3,1,2,700000,False,Vila Albertina
Rua Alberto Hodge,São Paulo,880,4,5,3,3500000,False,Santo Amaro
Rua do Minho,São Paulo,436,4,4,3,5500000,False,Jardim Luzitânia
,São Paulo,458,4,6,6,2400000,False,Cidade Jardim
,São Paulo,473,4,5,5,3600000,False,Vila Madalena
Rua Jaguanambi,São Paulo,475,5,6,5,25000,True,Cidade Jardim
Rua Castro Delgado,São Paulo,357,4,5,4,6400000,False,Alto de Pinheiros
Avenida IV Centenário,São Paulo,500,4,3,3,7900000,False,Jardim Luzitânia
,São Paulo,161,3,3,3,1200000,False,Vila Mariana
Rua Cordisburgo,São Paulo,800,4,6,6,3700000,False,Jardim Leonor
Rua Júlio Ribeiro Neto,São Paulo,410,3,4,5,1850000,False,Jardim Leonor
,São Paulo,400,3,4,3,3500000,False,Alto de Pinheiros
Rua Dona Eponina Afonseca,São Paulo,400,4,4,4,2500000,False,Granja Julieta
Rua Engenheiro Prudente,São Paulo,150,3,4,2,1000000,False,Vila Monumento
,São Paulo,1643,4,6,10,3800000,False,Jardim Sílvia
Rua Honduras,São Paulo,876,4,8,6,17500000,False,Jardim Paulista
Rua Professor Miguel Maurício da Rocha,São Paulo,480,5,7,4,2700000,False,Brooklin Paulista
Rua Barão do Bananal,São Paulo,142,3,3,4,1400000,False,Vila Pompéia
,São Paulo,722,4,5,8,6200000,False,Alto de Pinheiros
,São Paulo,350,4,3,4,2600000,False,Alto de Pinheiros
,São Paulo,559,4,4,5,25000,True,Higienópolis
Rua Olegário Mariano,São Paulo,837,4,4,10,10000000,False,Jardim Guedala
Rua Kansas,São Paulo,300,3,6,3,2350000,False,Brooklin Paulista
Rua Elisio Fonseca,São Paulo,120,3,3,3,320000,False,Vila Carrao
Rua Magalhães Gandavo,São Paulo,85,2,2,2,545000,False,Parque Vitória
Rua Piranji,São Paulo,128,3,2,2,690000,False,Vila Invernada
,São Paulo,470,4,7,6,8000000,False,Alto de Pinheiros
,São Paulo,850,4,8,10,8500000,False,Paineiras do Morumbi
Rua Doutor Fausto de Almeida Prado Penteado,São Paulo,1643,4,4,5,3800000,False,Jardim Sílvia
,São Paulo,700,4,4,8,4300000,False,Jardim Guedala
Rua Capitão Prudente,São Paulo,200,3,2,2,2450000,False,Pinheiros
,São Paulo,990,5,5,7,20000,True,Jardim Guedala
,São Paulo,550,4,5,4,15000,True,Cidade Jardim
,São Paulo,300,4,5,2,3900000,False,Vila Olímpia
,São Paulo,390,4,4,4,5500000,False,Jardim Paulista
Rua Marquês de Herval,São Paulo,90,2,2,1,532000,False,Vila da Saúde
Avenida Aratãs,São Paulo,210,3,4,8,1490000,False,Indianópolis
Rua Flávio Queirós Morais,São Paulo,369,4,5,3,2800000,False,Pacaembu
Rua da Paz,São Paulo,315,4,6,4,2350000,False,Alto da Boa Vista
Avenida Antônio Joaquim de Moura Andrade,São Paulo,267,3,2,5,18000,True,Vila Nova Conceição
Avenida Lineu de Paula Machado,São Paulo,500,5,6,5,3500000,False,Jardim Everest
Rua General Mena Barreto,São Paulo,550,4,5,8,8500000,False,Jardim Paulista
Rua Henrique Martins,São Paulo,551,4,4,3,15000000,False,Jardim Paulista
Rua Maria Leonete da Silva Nóbrega,São Paulo,271,4,3,4,1950000,False,Vila Ida
Rua Iraúna,São Paulo,450,4,5,6,4850000,False,Indianópolis
Rua Anadia,São Paulo,220,2,3,1,790000,False,Aclimação
Rua Paulo César,São Paulo,230,4,4,5,1330000,False,Vila Mazzei
Rua Maranjaí,São Paulo,310,3,2,3,690000,False,Vila Monumento
Rua Joazeiro,São Paulo,640,3,8,6,3900000,False,Sumaré
Rua Paulo Orozimbo,São Paulo,200,3,2,3,1800000,False,Cambuci
,São Paulo,750,4,8,4,15000000,False,Jardim Paulistano
Rua Tebas,São Paulo,400,3,5,3,1490000,False,Jardim Brasil
Avenida Ireré,São Paulo,600,4,6,4,6000000,False,Planalto Paulista
Rua Cláudio Rossi,São Paulo,135,2,2,3,950000,False,Jardim da Glória
Rua Nicolau Zarvos,São Paulo,199,4,4,4,1350000,False,Parque Jabaquara
,São Paulo,900,5,5,5,5500000,False,Fazenda Morumbi
Rua Doutor Veiga Filho,São Paulo,466,8,5,7,2590000,False,Santa Cecília
,São Paulo,400,4,3,3,4900000,False,Alto de Pinheiros
Rua Doutor Ambrógio Bonomi,São Paulo,236,2,3,2,1100000,False,Vila Leopoldina
,São Paulo,670,4,7,3,16000,True,Jardim Guedala
Rua Doutor Valentino Sola,São Paulo,243,3,4,3,1800000,False,Jardim da Glória
,São Paulo,535,3,6,8,5900000,False,Alto de Pinheiros
,São Paulo,640,3,6,6,19000,True,Retiro Morumbi
,São Paulo,700,1,6,3,4000000,False,Vila Sônia
Rua Gregório Paes de Almeida,São Paulo,310,4,3,5,14000,True,Vila Madalena
Rua José Ubaldo Lomônaco,São Paulo,175,3,4,3,1190000,False,Jardim da Glória
Rua Dona Martinha,São Paulo,100,3,2,2,848000,False,Santa Teresinha
Rua Enrico de Martino,São Paulo,700,4,5,10,4000000,False,Jardim Leonor
Rua Doutor Carlos Norberto de Souza Aranha,São Paulo,384,4,6,2,4949000,False,Vila Madalena
,São Paulo,551,4,8,12,5000000,False,Jardim Guedala
Rua José Taufik Soubhia,São Paulo,110,3,4,2,1450000,False,Vila Mariana
Rua Carpina,São Paulo,937,5,6,10,2500000,False,Jardim Everest
,São Paulo,420,3,1,4,3500000,False,Jardim Guedala
Rua dos Miranhas,São Paulo,280,3,4,4,4350000,False,Vila Madalena
,São Paulo,258,4,6,3,2100000,False,Jardim Viana
Rua Doutor Sérgio Fleury,São Paulo,120,2,2,1,600000,False,Vila Leopoldina
,São Paulo,409,4,4,4,13500000,False,Jardim Europa
Rua Tomé Portes,São Paulo,490,4,3,5,1850000,False,Brooklin Paulista
,São Paulo,374,4,6,5,25000,True,Vila Madalena
Rua Comendador Bichara Moherdauí,São Paulo,592,3,5,4,23000,True,Jardim Leonor
,São Paulo,890,4,1,4,25000,True,Jardim Guedala
Rua General Góis Monteiro,São Paulo,204,3,2,2,1300000,False,Vila Anglo Brasileira
Avenida Fulfaro,São Paulo,120,2,1,1,399000,False,Vila Clara
Rua Alberto Faria,São Paulo,400,4,4,3,4900000,False,Alto de Pinheiros
Rua Heitor Peixoto,São Paulo,120,2,3,2,1050000,False,Cambuci
Rua Cardoso de Melo Júnior,São Paulo,460,4,7,4,5500000,False,Alto de Pinheiros
,São Paulo,595,5,8,6,6000000,False,Jardim Guedala
,São Paulo,800,4,2,3,10600000,False,Jardim Europa
Avenida Nova Cantareira,São Paulo,450,4,4,6,3100000,False,Tucuruvi
,São Paulo,929,4,4,4,2700000,False,Jardim Prudência
Rua Boytac,São Paulo,550,5,5,6,4000000,False,Cidade Jardim
,São Paulo,261,3,3,6,38000,True,Jardim Europa
Rua Laura Vicuna,São Paulo,350,4,3,5,2950000,False,Vila Ida
Avenida Morumbi,São Paulo,1200,6,6,6,8000000,False,Morumbi
,São Paulo,130,3,3,2,690000,False,Vila Anhangüera
Rua Lourenço de Almeida Prado,São Paulo,1337,6,10,10,10000000,False,Vila Tramontano
Rua Álvaro Guião,São Paulo,125,3,2,6,695000,False,Vila dos Remédios
,São Paulo,700,3,5,4,3100000,False,Boaçava
,São Paulo,542,4,6,6,4200000,False,Jardim Guedala
,São Paulo,431,3,5,5,3000000,False,Pacaembu
Rua Geórgia,São Paulo,210,2,3,1,1670000,False,Brooklin Paulista
Rua Dom Miguel Costa,São Paulo,140,3,1,3,870000,False,Vila Gumercindo
,São Paulo,250,4,5,2,2300000,False,Jardim Paulistano
,São Paulo,650,4,4,5,3200000,False,Jardim Guedala
,São Paulo,1062,4,5,6,7000000,False,Cidade Jardim
,São Paulo,440,4,6,4,1950000,False,Sumaré
Rua Pianú,São Paulo,451,5,7,7,3500000,False,Vila Ida
Rua Angatuba,São Paulo,318,3,7,4,5550000,False,Pacaembu
Rua Antônio de Andrade Rebelo,São Paulo,1000,4,6,8,15000000,False,Retiro Morumbi
Rua Beatriz,São Paulo,299,3,5,4,2950000,False,Vila Madalena
,São Paulo,844,4,8,5,13900000,False,Jardim Paulista
Rua Visconde de Porto Seguro,São Paulo,1253,5,7,8,18000,True,Jardim dos Estados
Rua Comprida,São Paulo,120,3,2,2,530000,False,Vila Mazzei
Rua Antônio de Macedo Soares,São Paulo,100,2,1,1,430000,False,Campo Belo
Rua Carlos Rath,São Paulo,400,4,3,4,3450000,False,Alto de Pinheiros
,São Paulo,600,4,7,8,19800,True,Sumaré
Rua Doutor José Maria Whitaker,São Paulo,628,4,6,8,4500000,False,Vila Sônia
,São Paulo,220,4,4,6,2800000,False,Alto de Pinheiros
,São Paulo,220,4,4,6,2800000,False,Alto de Pinheiros
Rua Carataca,São Paulo,120,2,3,1,570000,False,Vila Gustavo
,São Paulo,542,4,4,6,4200000,False,Jardim Guedala
Rua Araripina,São Paulo,448,3,5,4,4500000,False,Jardim Guedala
,São Paulo,612,4,3,4,12000000,False,Jardim Luzitânia
,São Paulo,196,4,3,2,750000,False,Jardim Consórcio
Avenida Doutor Arnaldo,São Paulo,270,3,3,4,1950000,False,Sumaré
Rua Haroldo Paranhos,São Paulo,150,3,2,2,650000,False,Parque Jabaquara
,São Paulo,550,4,4,4,5500000,False,Jardim Guedala
Rua Marquês de Herval,São Paulo,90,2,2,1,535000,False,Vila da Saúde
,São Paulo,200,3,3,6,800000,False,Vila Alpina
Rua Boa Sorte,São Paulo,148,2,2,2,980000,False,Vila Gomes Cardim
,São Paulo,420,4,3,10,8900000,False,Jardim América
Rua Aecri,São Paulo,312,3,4,2,3200000,False,Vila Madalena
,São Paulo,400,4,3,2,5700000,False,Jardim Europa
Rua Itapacurai,São Paulo,240,3,3,8,850000,False,Paraíso do Morumbi
,São Paulo,300,3,4,3,1100000,False,Jardim Leonor
Rua Livreiro Saraiva,São Paulo,372,3,6,5,2600000,False,Pacaembu
,São Paulo,432,4,6,6,20500,True,Vila Inah
Rua Professor Frontino Guimarães,São Paulo,213,3,3,2,1690000,False,Vila Mariana
Rua Conselheiro Zacarias,São Paulo,562,4,4,12,8000000,False,Jardim Paulista
Rua Ferreira do Alentejo,São Paulo,142,3,3,2,2380000,False,Jardim Caravelas
,São Paulo,600,3,3,4,16000,True,Morumbi
,São Paulo,400,3,3,5,5500000,False,Alto de Pinheiros
Rua Pau,Brasil,606,4,7,4,7410000,False,
,São Paulo,137,3,3,2,600000,False,Campo Belo
,São Paulo,152,3,4,2,1650000,False,Campo Belo
,São Paulo,850,4,6,10,13500000,False,Jardim Paulista
Rua Marcos Fernandes,São Paulo,110,3,2,5,914000,False,Jardim da Saúde
Rua Assungui,São Paulo,487,3,2,3,1500000,False,Vila Gumercindo
,São Paulo,350,3,3,4,2450000,False,Jardim Leonor
Avenida George Saville Dodd,São Paulo,550,4,2,6,4400000,False,Jardim Guedala
Rua das Jabuticabeiras,São Paulo,460,3,3,4,4500000,False,Cidade Jardim
Rua Doutor Avelino Chaves,São Paulo,180,3,3,1,710000,False,Vila Hamburguesa
,São Paulo,570,4,4,5,12000000,False,Jardim Paulista
Rua Gradau,São Paulo,92,3,2,2,600000,False,Vila Bela
,São Paulo,773,4,4,10,45825000,False,Jardim América
,São Paulo,658,5,7,8,7500000,False,Boaçava
,São Paulo,566,3,2,5,12500000,False,Jardim Luzitânia
Rua Antônio de Andrade Rebelo,São Paulo,800,4,6,10,30000,True,Retiro Morumbi
Rua dos Caetés,São Paulo,200,3,3,3,1630000,False,Perdizes
,São Paulo,360,4,6,6,2200000,False,Vila Inah
Rua Scuvero,São Paulo,156,3,2,3,700000,False,Cambuci
Rua Argentina,São Paulo,350,4,3,5,50000,True,Jardim América
Rua Ubaíra,São Paulo,200,3,4,4,1990000,False,Indianópolis
Rua Maestro Elias Lobo,São Paulo,1060,5,5,4,30000000,False,Jardim Paulista
Rua Ailson Simões,São Paulo,76,3,2,2,430000,False,Cupecê
Rua Cayowaá,São Paulo,131,3,2,4,2800000,False,Sumaré
,São Paulo,600,4,3,4,17000000,False,Retiro Morumbi
Rua Nabih Assad Abdalla,São Paulo,540,4,3,2,3850000,False,Vila Morumbi
Rua Manuel Alonso Medina,São Paulo,185,3,3,2,1000000,False,Jardim Umuarama
,São Paulo,550,4,3,8,8600000,False,Jardim Paulista
,São Paulo,80,3,2,1,550000,False,Jardim Rizzo
Rua D'Ouro,São Paulo,367,4,5,6,7000000,False,Jardim Luzitânia
Rua Napagoé,São Paulo,360,3,3,3,1590000,False,Vila Califórnia
Avenida Bagiru,São Paulo,407,4,6,2,3950000,False,Boaçava
Avenida Rebouças,São Paulo,360,4,3,10,22000,True,Pinheiros
,São Paulo,140,2,2,2,640000,False,Jardim Santa Maria
Rua Doutor Queirós Guimarães,São Paulo,330,3,4,4,1850000,False,Jardim Guedala
Rua Iraúna,São Paulo,335,4,5,3,1950000,False,Indianópolis
,São Paulo,504,3,3,4,18000000,False,Jardim Europa
,São Paulo,450,4,2,7,2600000,False,Jardim Morumbi
,São Paulo,490,5,8,10,3000000,False,Vila Ida
Travessa República do Suriname,São Paulo,300,4,5,2,4250000,False,Jardim Paulistano
,São Paulo,75,2,1,1,265000,False,Vila Jacuí
Rua Votuporanga,São Paulo,455,5,4,4,2500000,False,Sumaré
Rua Itavera,São Paulo,613,4,5,5,5500000,False,Jardim Guedala
Rua Maestro Elias Lobo,São Paulo,500,4,5,4,10000000,False,Jardim Paulista
Rua João Álvares Soares,São Paulo,166,3,2,2,850000,False,Campo Belo
,São Paulo,344,3,3,3,4700000,False,Vila Madalena
Rua Conceição de Monte Alegre,São Paulo,165,3,4,2,1300000,False,Brooklin Paulista
,São Paulo,500,4,8,6,20000,True,Jardim Everest
,São Paulo,450,3,4,7,3400000,False,Jardim Guedala
Rua Maestro Chiaffarelli,São Paulo,191,3,2,1,2600000,False,Jardim Paulista
Rua Croata,São Paulo,141,2,2,1,1190000,False,Vila Ipojuca
,São Paulo,350,3,4,5,2000000,False,Jardim Leonor
Rua Raul Pompéia,São Paulo,160,3,5,2,1245000,False,Vila Pompéia
,São Paulo,250,4,3,2,5350000,False,Jardim Europa
,São Paulo,680,5,5,4,4500000,False,Cidade Jardim
,São Paulo,442,3,8,4,2600000,False,Jardim Leonor
Rua Padre Marchetti,São Paulo,145,2,3,2,550000,False,Ipiranga
,São Paulo,554,4,4,4,45000,True,Jardim Europa
Rua Caio Graco,São Paulo,130,4,2,3,1350000,False,Vila Romana
,São Paulo,210,3,2,4,5250000,False,Vila Nova Conceição
,São Paulo,300,6,5,2,850000,False,Vila Califórnia
Rua Bahia,São Paulo,350,4,5,3,3350000,False,Higienópolis
,São Paulo,700,4,4,5,9500000,False,Jardim Europa
,São Paulo,413,6,6,7,2490000,False,Jardim Leonor
Avenida Antônio Batuira,São Paulo,332,4,5,12,2389000,False,Alto de Pinheiros
Rua Morgado de Mateus,São Paulo,258,4,3,2,2250000,False,Vila Mariana
Rua Marquês Maricá,São Paulo,166,3,3,2,563000,False,Sacomã
,São Paulo,435,4,4,6,4500000,False,Boaçava
,São Paulo,100,2,2,2,330000,False,Vila Mafra
,São Paulo,380,3,5,4,3300000,False,Jardim Guedala
Rua Palestra Itália,São Paulo,200,3,3,1,1000000,False,Perdizes
Avenida Morumbi,São Paulo,280,4,3,3,3150000,False,Morumbi
Rua Lomas Valentinas,São Paulo,380,3,4,4,2850000,False,Alto da Lapa
Rua Mesquita,São Paulo,283,6,3,1,1250000,False,Vila Deodoro
Rua Comissário Gastão Moutinho,São Paulo,550,4,5,4,16000,True,Morumbi
Rua Pongada,São Paulo,389,4,6,4,2000000,False,Jardim Panorama
,São Paulo,797,1,5,10,15000000,False,Vila Nova Conceição
,São Paulo,1000,5,8,8,13000000,False,Jardim Sílvia
Avenida Doutor Cardoso de Melo,São Paulo,200,3,3,2,2900000,False,Vila Olímpia
Rua Gabriel de Brito,São Paulo,399,3,5,2,3200000,False,Cerqueira César
,São Paulo,400,4,2,6,4500000,False,Alto de Pinheiros
,São Paulo,361,4,3,6,2200000,False,Jardim Leonor
Rua Rubi,São Paulo,300,4,5,7,2480000,False,Aclimação
Rua Agostinho Lattari,São Paulo,170,3,2,3,1050000,False,Parque da Mooca
Rua Conceição de Monte Alegre,São Paulo,165,3,4,2,1300000,False,Brooklin Paulista
,São Paulo,500,4,8,6,20000,True,Jardim Everest
,São Paulo,450,3,4,7,3400000,False,Jardim Guedala
Rua Maestro Chiaffarelli,São Paulo,191,3,2,1,2600000,False,Jardim Paulista
Rua Croata,São Paulo,141,2,2,1,1190000,False,Vila Ipojuca
,São Paulo,350,3,4,5,2000000,False,Jardim Leonor
Rua Raul Pompéia,São Paulo,160,3,5,2,1245000,False,Vila Pompéia
,São Paulo,250,4,3,2,5350000,False,Jardim Europa
,São Paulo,211,3,4,7,4850000,False,Alto de Pinheiros
,São Paulo,680,5,5,4,4500000,False,Cidade Jardim
,São Paulo,442,3,8,4,2600000,False,Jardim Leonor
Rua Padre Marchetti,São Paulo,145,2,3,2,550000,False,Ipiranga
,São Paulo,554,4,4,4,45000,True,Jardim Europa
Rua Caio Graco,São Paulo,130,4,2,3,1350000,False,Vila Romana
,São Paulo,210,3,2,4,5250000,False,Vila Nova Conceição
,São Paulo,300,6,5,2,850000,False,Vila Califórnia
Rua Bahia,São Paulo,350,4,5,3,3350000,False,Higienópolis
,São Paulo,700,4,4,5,9500000,False,Jardim Europa
,São Paulo,413,6,6,7,2490000,False,Jardim Leonor
Avenida Antônio Batuira,São Paulo,332,4,5,12,2389000,False,Alto de Pinheiros
Rua Morgado de Mateus,São Paulo,258,4,3,2,2250000,False,Vila Mariana
Rua Marquês Maricá,São Paulo,166,3,3,2,563000,False,Sacomã
,São Paulo,435,4,4,6,4500000,False,Boaçava
,São Paulo,100,2,2,2,330000,False,Vila Mafra
,São Paulo,380,3,5,4,3300000,False,Jardim Guedala
Rua Palestra Itália,São Paulo,200,3,3,1,1000000,False,Perdizes
Avenida Morumbi,São Paulo,280,4,3,3,3150000,False,Morumbi
Rua Lomas Valentinas,São Paulo,380,3,4,4,2850000,False,Alto da Lapa
Rua Mesquita,São Paulo,283,6,3,1,1250000,False,Vila Deodoro
Rua Comissário Gastão Moutinho,São Paulo,550,4,5,4,16000,True,Morumbi
Rua Pongada,São Paulo,389,4,6,4,2000000,False,Jardim Panorama
,São Paulo,797,1,5,10,15000000,False,Vila Nova Conceição
,São Paulo,1000,5,8,8,13000000,False,Jardim Sílvia
Avenida Doutor Cardoso de Melo,São Paulo,200,3,3,2,2900000,False,Vila Olímpia
Rua Gabriel de Brito,São Paulo,399,3,5,2,3200000,False,Cerqueira César
,São Paulo,400,4,2,6,4500000,False,Alto de Pinheiros
,São Paulo,75,2,1,1,265000,False,Vila Jacuí
Rua Votuporanga,São Paulo,455,5,4,4,2500000,False,Sumaré
Rua Itavera,São Paulo,613,4,5,5,5500000,False,Jardim Guedala
Rua Maestro Elias Lobo,São Paulo,500,4,5,4,10000000,False,Jardim Paulista
Rua João Álvares Soares,São Paulo,166,3,2,2,850000,False,Campo Belo
,São Paulo,344,3,3,3,4700000,False,Vila Madalena
Rua Conceição de Monte Alegre,São Paulo,165,3,4,2,1300000,False,Brooklin Paulista
,São Paulo,500,4,8,6,20000,True,Jardim Everest
,São Paulo,450,3,4,7,3400000,False,Jardim Guedala
Rua Maestro Chiaffarelli,São Paulo,191,3,2,1,2600000,False,Jardim Paulista
Rua Croata,São Paulo,141,2,2,1,1190000,False,Vila Ipojuca
,São Paulo,350,3,4,5,2000000,False,Jardim Leonor
Rua Raul Pompéia,São Paulo,160,3,5,2,1245000,False,Vila Pompéia
,São Paulo,250,4,3,2,5350000,False,Jardim Europa
,São Paulo,211,3,4,7,4850000,False,Alto de Pinheiros
,São Paulo,680,5,5,4,4500000,False,Cidade Jardim
,São Paulo,755,2,4,7,14900000,False,Jardim América
,São Paulo,442,3,8,4,2600000,False,Jardim Leonor
Rua Padre Marchetti,São Paulo,145,2,3,2,550000,False,Ipiranga
,São Paulo,554,4,4,4,45000,True,Jardim Europa
Rua Caio Graco,São Paulo,130,4,2,3,1350000,False,Vila Romana
,São Paulo,210,3,2,4,5250000,False,Vila Nova Conceição
,São Paulo,300,6,5,2,850000,False,Vila Califórnia
Rua Bahia,São Paulo,350,4,5,3,3350000,False,Higienópolis
,São Paulo,700,4,4,5,9500000,False,Jardim Europa
,São Paulo,413,6,6,7,2490000,False,Jardim Leonor
Avenida Antônio Batuira,São Paulo,332,4,5,12,2389000,False,Alto de Pinheiros
Rua Morgado de Mateus,São Paulo,258,4,3,2,2250000,False,Vila Mariana
Rua Marquês Maricá,São Paulo,166,3,3,2,563000,False,Sacomã
,São Paulo,435,4,4,6,4500000,False,Boaçava
,São Paulo,100,2,2,2,330000,False,Vila Mafra
,São Paulo,380,3,5,4,3300000,False,Jardim Guedala
Rua Palestra Itália,São Paulo,200,3,3,1,1000000,False,Perdizes
Avenida Morumbi,São Paulo,280,4,3,3,3150000,False,Morumbi
Rua Lomas Valentinas,São Paulo,380,3,4,4,2850000,False,Alto da Lapa
Rua Mesquita,São Paulo,283,6,3,1,1250000,False,Vila Deodoro
,São Paulo,500,4,6,3,3900000,False,Jardim Petrópolis
Alameda dos Nhambiquaras,São Paulo,80,2,2,2,600000,False,Indianópolis
Rua Emílio Pedutti,São Paulo,546,4,6,4,3500000,False,Morumbi
Avenida Ministro Álvaro de Souza Lima,São Paulo,120,4,4,2,730000,False,Jardim Marajoara
,São Paulo,488,4,6,3,2950000,False,Vila Madalena
,São Paulo,620,4,7,7,60000,True,Jardim Europa
,São Paulo,388,3,3,8,4990000,False,Vila Tramontano
Rua Gama Cerqueira,São Paulo,221,4,2,5,1400000,False,Cambuci
Rua Professor Atílio Innocenti,São Paulo,110,2,2,1,1500000,False,Vila Nova Conceição
Alameda dos Arapanés,São Paulo,320,3,1,4,3500000,False,Moema
Rua Venceslau Flexa,São Paulo,486,4,2,6,3500000,False,Jardim Paulistano
,São Paulo,145,3,4,2,2150000,False,Vila Madalena
Rua Doutor David Campista,São Paulo,650,4,6,5,7000000,False,Jardim Paulista
Rua Ícaro Sydow,São Paulo,726,4,6,6,3000000,False,Morumbi
Rua Januário Cardoso,São Paulo,490,2,4,2,15500000,False,Vila Nova Conceição
,São Paulo,692,4,5,3,12000000,False,Vila Nova Conceição
Rua Paulo César,São Paulo,230,4,4,5,1330000,False,Vila Mazzei
Rua Maranjaí,São Paulo,310,3,2,3,690000,False,Vila Monumento
Rua Joazeiro,São Paulo,640,3,8,6,3900000,False,Sumaré
Rua Paulo Orozimbo,São Paulo,200,3,2,3,1800000,False,Cambuci
,São Paulo,750,4,8,4,15000000,False,Jardim Paulistano
Rua Tebas,São Paulo,400,3,5,3,1490000,False,Jardim Brasil
Avenida Ireré,São Paulo,600,4,6,4,6000000,False,Planalto Paulista
Rua Cláudio Rossi,São Paulo,135,2,2,3,950000,False,Jardim da Glória
Rua Nicolau Zarvos,São Paulo,199,4,4,4,1350000,False,Parque Jabaquara
,São Paulo,900,5,5,5,5500000,False,Fazenda Morumbi
Rua Doutor Veiga Filho,São Paulo,466,8,5,7,2590000,False,Santa Cecília
,São Paulo,400,4,3,3,4900000,False,Alto de Pinheiros
Rua Doutor Ambrógio Bonomi,São Paulo,236,2,3,2,1100000,False,Vila Leopoldina
,São Paulo,670,4,7,3,16000,True,Jardim Guedala
Rua Doutor Valentino Sola,São Paulo,243,3,4,3,1800000,False,Jardim da Glória
,São Paulo,535,3,6,8,5900000,False,Alto de Pinheiros
,São Paulo,640,3,6,6,19000,True,Retiro Morumbi
,São Paulo,700,1,6,3,4000000,False,Vila Sônia
Rua Gregório Paes de Almeida,São Paulo,310,4,3,5,14000,True,Vila Madalena
Rua José Ubaldo Lomônaco,São Paulo,175,3,4,3,1190000,False,Jardim da Glória
Rua Mário Gonçalves de Oliveira,São Paulo,600,4,4,4,2600000,False,Fazenda Morumbi
Rua Ribeiro Lisboa,São Paulo,762,4,6,10,4500000,False,Fazenda Morumbi
Rua Morro Verde,São Paulo,800,4,7,13,12000000,False,Pacaembu
Rua Doutor Mário Cardim,São Paulo,400,4,4,1,1300000,False,Vila Mariana
Rua Rolf Laube,São Paulo,170,4,4,2,900000,False,Cambuci
Rua Doutor Queirós Guimarães,São Paulo,402,4,6,5,12000,True,Jardim Guedala
,São Paulo,840,6,10,7,8900000,False,Vila Tramontano
Rua Alexandre Marcondes Machado,São Paulo,371,3,4,3,2800000,False,Butantã
Rua Gurupá,São Paulo,200,3,3,2,1400000,False,Vila Anglo Brasileira
Rua Erculânia,São Paulo,190,4,3,1,750000,False,Vila Monumento
Rua Pirandello,São Paulo,500,4,6,5,3000000,False,Brooklin Paulista
Rua Sanharó,São Paulo,420,3,6,6,3500000,False,Jardim Guedala
Avenida Piassanguaba,São Paulo,300,3,5,4,1500000,False,Planalto Paulista
Rua Domingos Barreto,São Paulo,500,4,5,6,20000,True,Jardim Everest
Avenida Professor Fonseca Rodrigues,São Paulo,473,4,6,4,7243185,False,Alto de Pinheiros
Rua Antero Mendes Leite,São Paulo,234,3,1,2,1580000,False,Aclimação
Praça Santos Coimbra,São Paulo,550,4,4,6,3600000,False,Morumbi
,São Paulo,100,2,1,2,350000,False,Vila Império
,São Paulo,450,5,6,4,6400000,False,Vila Ida
Rua Professor Brasil Machado de Campos,São Paulo,230,5,4,3,999999,False,Jardim da Glória
Alameda dos Araés,São Paulo,200,4,3,6,1300000,False,Planalto Paulista
Rua Antônio Tavares,São Paulo,210,4,4,3,1300000,False,Cambuci
Rua Cláudio Rossi,São Paulo,240,2,3,2,745000,False,Jardim da Glória
Rua Nigéria,São Paulo,240,2,4,2,2300000,False,Itaim Bibi
Rua Andronico,São Paulo,280,3,2,3,850000,False,Vila Mariana
Rua Alberto Faria,São Paulo,352,5,5,3,3400000,False,Alto de Pinheiros
Rua Pais de Andrade,São Paulo,180,3,1,3,1200000,False,Aclimação
Rua Demóstenes,São Paulo,90,2,2,2,850000,False,Campo Belo
Travessa Bruno Andreoni,São Paulo,74,2,2,2,2000,True,Jardim São Paulo
Avenida Jaçanã,São Paulo,280,5,3,2,426000,False,Vila Nelson
Rua Pai Gomes Charinho,São Paulo,250,3,2,4,300000,False,Parque Santa Cecília
,São Paulo,120,2,1,1,636000,False,Vila São Silvestre
Rua Genova,São Paulo,300,5,6,4,1350000,False,Jardim Leonor Mendes de Barros
Rua das Barcas,São Paulo,514,4,5,4,2800000,False,Jardim dos Estados
,São Paulo,450,4,5,3,2800000,False,Vila Madalena
Rua Domingos de Rogatis,São Paulo,200,3,4,2,1500000,False,Jardim da Saúde
Rua Muniz de Sousa,São Paulo,265,3,3,1,2000000,False,Aclimação
Rua Doutor João Maia,São Paulo,388,3,1,2,2500000,False,Aclimação
Rua Gaspar Fernandes,São Paulo,224,4,3,4,1500000,False,Vila Monumento
Rua do Manifesto,São Paulo,297,5,4,2,950000,False,Ipiranga
Rua Alberto Faria,São Paulo,350,4,5,4,3000000,False,Alto de Pinheiros
,São Paulo,336,5,6,4,1500000,False,Vila Morumbi
,São Paulo,350,3,4,2,4200000,False,Jardim Europa
Rua Arandu,São Paulo,140,3,4,2,1810000,False,Brooklin Paulista
,São Paulo,132,3,3,3,1100000,False,Chácara Santo Antônio
Avenida Odila,São Paulo,309,3,3,4,2300000,False,Planalto Paulista
Rua Professor Camilo Bergenson,São Paulo,223,3,5,2,1300000,False,Vila Deodoro
Rua Olival Costa,São Paulo,330,4,4,3,1300000,False,Vila Dom Pedro I
Rua Francisco Farel,São Paulo,420,4,5,5,3800000,False,Jardim das Bandeiras
,São Paulo,800,3,5,7,18000000,False,Jardim Europa
Rua Pires de Oliveira,São Paulo,256,4,2,2,2100000,False,Chácara Santo Antônio
,São Paulo,740,4,3,6,2700000,False,Jardim Panorama
,São Paulo,500,3,5,3,3500000,False,Brooklin Paulista
Rua Polônia,São Paulo,486,3,4,2,3200000,False,Jardim Europa
Rua Charles Astor,São Paulo,190,3,2,3,1800000,False,Jardim Aurélia
Alameda dos Indígenas,São Paulo,314,3,4,2,1450000,False,Planalto Paulista
,São Paulo,420,4,2,14,5600000,False,Fazenda Morumbi
Rua Ingles de Sousa,São Paulo,210,3,1,2,1150000,False,Jardim da Glória
Rua João José dos Santos,São Paulo,230,3,1,6,950000,False,Jardim Olympia
Rua Paulo Bregaro,São Paulo,220,3,3,3,1370000,False,Vila Monumento
,São Paulo,152,4,4,2,950000,False,Vila Suzana
,São Paulo,825,4,5,6,9000000,False,Morumbi
Rua Caravelas,São Paulo,234,3,2,1,1850000,False,Vila Mariana
Rua Comandante Ismael Guilherme,São Paulo,600,4,8,6,12000000,False,Jardim Luzitânia
Rua Jacira,São Paulo,293,4,2,8,2100000,False,Indianópolis
Rua Graham Bell,São Paulo,440,4,3,5,1980000,False,Santo Amaro
,São Paulo,450,3,4,4,9500000,False,Jardim Paulistano
Praça Renzo Pagliari,São Paulo,1007,4,6,10,10500000,False,Cidade Jardim
,São Paulo,800,3,5,8,23600000,False,Jardim Europa
,São Paulo,453,3,2,4,2000000,False,Vila Ida
Rua Leandro de Carvalho,São Paulo,173,4,5,1,1400000,False,Vila Monumento
Rua Professor Paulo Tavares,São Paulo,185,3,5,3,1100000,False,Vila Hamburguesa
,São Paulo,175,3,1,2,485000,False,Vila Inglesa
Rua Melo Morais Filho,São Paulo,545,4,5,10,8500000,False,Jardim Guedala
Rua Harmonia,São Paulo,395,3,4,2,2500000,False,Sumarezinho
Rua Primeiro de Janeiro,São Paulo,480,3,7,4,3600000,False,Vila Clementino
Rua Rino Levi,São Paulo,333,4,4,4,2200000,False,Jardim da Glória
Rua Paris,São Paulo,141,3,1,2,1585000,False,Sumaré
Rua Pereira da Nóbrega,São Paulo,320,4,5,3,2900000,False,Vila Monumento
,São Paulo,600,4,7,5,4300000,False,Alto de Pinheiros
Avenida Ireré,São Paulo,356,4,2,4,2500000,False,Planalto Paulista
Rua Félix Lattuada,São Paulo,270,4,3,5,795000,False,Vila Oratório
Rua Joaquim Piza,São Paulo,247,3,4,4,1150000,False,Cambuci
,São Paulo,369,4,5,5,18000,True,Jardim Europa
Rua Backer,São Paulo,150,3,5,2,1600000,False,Cambuci
Rua Doutor Jesuíno de Abreu,São Paulo,326,4,3,6,1400000,False,Jardim Morumbi
Rua das Heras,São Paulo,86,2,3,1,470000,False,Vila Lúcia
,São Paulo,480,4,7,8,5000000,False,Alto de Pinheiros
,São Paulo,365,4,4,6,3100000,False,Pacaembu
Rua Amélia Correa Fontes Guimarães,São Paulo,258,3,4,3,1400000,False,Vila Progredior
Rua Gama Cerqueira,São Paulo,118,1,2,1,850000,False,Cambuci
Rua dos Nenúfares,São Paulo,1070,4,5,10,15000000,False,Cidade Jardim
Rua Augusto de Toledo,São Paulo,150,3,3,1,950000,False,Cambuci
Rua Cotoxó,São Paulo,300,4,4,3,1500000,False,Perdizes
,São Paulo,143,2,1,2,350000,False,Vila Antonieta
Rua Marselhesa,São Paulo,145,4,6,1,2880000,False,Vila Mariana
Rua Baturité,São Paulo,230,3,3,4,1350000,False,Aclimação
Rua Dom Duarte Leopoldo,São Paulo,199,4,5,4,1490000,False,Cambuci
Rua Januário Miraglia,São Paulo,220,3,4,3,4500000,False,Vila Nova Conceição
Rua Basílio da Cunha,São Paulo,190,3,2,3,1280000,False,Vila Deodoro
Rua Oliveira Melo,São Paulo,309,3,4,6,1300000,False,Vila São José
,São Paulo,450,4,5,4,2300000,False,Morumbi
Rua Engenheiro Lauro Penteado,São Paulo,160,3,4,3,2500000,False,Vila Monumento
,São Paulo,171,3,2,2,810000,False,Chácara Santo Antônio
,São Paulo,917,4,6,8,16000000,False,Jardim Paulista
Rua Kalil Nader Habr,São Paulo,170,4,3,3,720000,False,Vila Santo Estéfano
Rua Pero Correia,São Paulo,295,4,4,3,5900,True,Vila Mariana
Rua Muriaé,São Paulo,170,2,2,4,1000000,False,Vila Dom Pedro I
,São Paulo,75,2,1,1,265000,False,Vila Jacuí
Rua Votuporanga,São Paulo,455,5,4,4,2500000,False,Sumaré
Rua Itavera,São Paulo,613,4,5,5,5500000,False,Jardim Guedala
Rua Maestro Elias Lobo,São Paulo,500,4,5,4,10000000,False,Jardim Paulista
Rua João Álvares Soares,São Paulo,166,3,2,2,850000,False,Campo Belo
,São Paulo,344,3,3,3,4700000,False,Vila Madalena
Rua Conceição de Monte Alegre,São Paulo,165,3,4,2,1300000,False,Brooklin Paulista
,São Paulo,500,4,8,6,20000,True,Jardim Everest
,São Paulo,450,3,4,7,3400000,False,Jardim Guedala
Rua Maestro Chiaffarelli,São Paulo,191,3,2,1,2600000,False,Jardim Paulista
Rua Croata,São Paulo,141,2,2,1,1190000,False,Vila Ipojuca
,São Paulo,350,3,4,5,2000000,False,Jardim Leonor
Rua Raul Pompéia,São Paulo,160,3,5,2,1245000,False,Vila Pompéia
,São Paulo,250,4,3,2,5350000,False,Jardim Europa
,São Paulo,211,3,4,7,4850000,False,Alto de Pinheiros
,São Paulo,680,5,5,4,4500000,False,Cidade Jardim
,São Paulo,755,2,4,7,14900000,False,Jardim América
,São Paulo,442,3,8,4,2600000,False,Jardim Leonor
Rua Padre Marchetti,São Paulo,145,2,3,2,550000,False,Ipiranga
,São Paulo,554,4,4,4,45000,True,Jardim Europa
Rua Caio Graco,São Paulo,130,4,2,3,1350000,False,Vila Romana
,São Paulo,210,3,2,4,5250000,False,Vila Nova Conceição
,São Paulo,300,6,5,2,850000,False,Vila Califórnia
Rua Bahia,São Paulo,350,4,5,3,3350000,False,Higienópolis
,São Paulo,700,4,4,5,9500000,False,Jardim Europa
,São Paulo,413,6,6,7,2490000,False,Jardim Leonor
Avenida Antônio Batuira,São Paulo,332,4,5,12,2389000,False,Alto de Pinheiros
Rua Morgado de Mateus,São Paulo,258,4,3,2,2250000,False,Vila Mariana
Rua Marquês Maricá,São Paulo,166,3,3,2,563000,False,Sacomã
,São Paulo,435,4,4,6,4500000,False,Boaçava
,São Paulo,100,2,2,2,330000,False,Vila Mafra
,São Paulo,380,3,5,4,3300000,False,Jardim Guedala
Rua Palestra Itália,São Paulo,200,3,3,1,1000000,False,Perdizes
Avenida Morumbi,São Paulo,280,4,3,3,3150000,False,Morumbi
Rua Lomas Valentinas,São Paulo,380,3,4,4,2850000,False,Alto da Lapa
Rua Mesquita,São Paulo,283,6,3,1,1250000,False,Vila Deodoro
Rua Dinamarca,São Paulo,656,4,4,6,8000000,False,Jardim Europa
Rua Aiarani,São Paulo,80,2,2,1,380000,False,Tatuapé
,São Paulo,300,4,4,4,4800000,False,Jardim das Bandeiras
Rua Irmãos Pila,São Paulo,200,3,3,2,745000,False,Vila Mazzei
Rua Raul Pompéia,São Paulo,160,3,4,2,1245000,False,Vila Pompéia
Rua Mário Ferreira de Abreu,São Paulo,220,2,1,6,960000,False,Vila Macedópolis
,São Paulo,380,3,3,2,11900000,False,Jardim Paulista
,São Paulo,700,4,4,6,15000000,False,Jardim Europa
Rua Lourenço de Almeida Prado,São Paulo,1219,5,6,12,15000000,False,Vila Tramontano
Rua Caraúna,São Paulo,500,4,4,6,4300000,False,Vila Madalena
Travessa Lopes Gonçalves,São Paulo,100,1,1,1,330000,False,Vila Nova Mazzei
,São Paulo,581,4,3,3,3000000,False,Jardim Leonor
Rua República de El Salvador,São Paulo,450,4,7,6,3300000,False,Praia da Lagoa
Rua Professor Nova Gomes,São Paulo,261,3,2,2,1800000,False,Vila Madalena
Rua Itanhandu,São Paulo,168,3,3,2,1300000,False,Vila Leopoldina
Rua Frederico Barocci,São Paulo,450,5,4,2,12000,True,Jardim das Bandeiras
Rua Gaspar Fernandes,São Paulo,257,4,4,2,1800000,False,Vila Monumento
Rua Venceslau Flexa,São Paulo,496,4,3,6,16000,True,Jardim Paulistano
Rua Costa Aguiar,São Paulo,173,4,3,2,850000,False,Ipiranga
Rua Rocha Galvão,São Paulo,230,2,3,2,940000,False,Jardim da Glória
Rua Luís Pereira de Almeida,São Paulo,360,3,4,4,3500000,False,Jardins
Rua Dom Tomás Costa e Lima,São Paulo,600,3,6,8,4980000,False,Retiro Morumbi
Alameda dos Guaiases,São Paulo,242,4,4,10,1190000,False,Indianópolis
Rua Oquirá,São Paulo,450,4,4,4,18000,True,Alto de Pinheiros
,São Paulo,500,4,4,4,5950000,False,Jardim Paulista
Rua Carlo Rainaldi,São Paulo,550,5,3,5,9000000,False,Jardim dos Estados
,São Paulo,150,5,3,1,460000,False,Vila Nova Curuçá
,São Paulo,175,4,2,2,400000,False,Vila Paiva
Rua Marechal,do,670,4,7,4,3300000,False,
Rua Baturité,São Paulo,331,3,1,2,1200000,False,Aclimação
,São Paulo,174,3,2,2,1500000,False,Jardim Analia Franco
Rua Campo Verde,São Paulo,1150,6,10,10,15000000,False,Jardim Europa
,São Paulo,421,3,2,6,3800000,False,Brooklin Paulista
Rua Joazeiro,São Paulo,550,3,5,6,3900000,False,Sumaré
Rua José Gonçalves Pereira,São Paulo,150,3,3,1,1900000,False,Vila Nova Conceição
Rua Vinte e Quatro de Outubro,São Paulo,180,4,3,3,1380000,False,Vila Dom Pedro I
Rua Professor Nova Gomes,São Paulo,261,3,2,2,1800000,False,Vila Madalena
Rua Itanhandu,São Paulo,168,3,3,2,1300000,False,Vila Leopoldina
Rua Frederico Barocci,São Paulo,450,5,4,2,12000,True,Jardim das Bandeiras
Rua Gaspar Fernandes,São Paulo,257,4,4,2,1800000,False,Vila Monumento
Rua Venceslau Flexa,São Paulo,496,4,3,6,16000,True,Jardim Paulistano
Rua Costa Aguiar,São Paulo,173,4,3,2,850000,False,Ipiranga
Rua Rocha Galvão,São Paulo,230,2,3,2,940000,False,Jardim da Glória
Rua Meteoro,São Paulo,130,3,1,2,1100000,False,Cidade Monções
Rua Luís Pereira de Almeida,São Paulo,360,3,4,4,3500000,False,Jardins
Rua Dom Tomás Costa e Lima,São Paulo,600,3,6,8,4980000,False,Retiro Morumbi
Alameda dos Guaiases,São Paulo,242,4,4,10,1190000,False,Indianópolis
,São Paulo,673,3,5,5,14700000,False,Jardim Paulista
Rua Oquirá,São Paulo,450,4,4,4,18000,True,Alto de Pinheiros
,São Paulo,500,4,4,4,5950000,False,Jardim Paulista
Rua Carlo Rainaldi,São Paulo,550,5,3,5,9000000,False,Jardim dos Estados
,São Paulo,150,5,3,1,460000,False,Vila Nova Curuçá
,São Paulo,175,4,2,2,400000,False,Vila Paiva
Rua Marechal,do,670,4,7,4,3300000,False,
Rua Baturité,São Paulo,331,3,1,2,1200000,False,Aclimação
,São Paulo,174,3,2,2,1500000,False,Jardim Analia Franco
Rua Meruoca,São Paulo,130,3,3,2,1200000,False,Jardim da Glória
Rua Campo Verde,São Paulo,1150,6,10,10,15000000,False,Jardim Europa
,São Paulo,421,3,2,6,3800000,False,Brooklin Paulista
Rua Joazeiro,São Paulo,550,3,5,6,3900000,False,Sumaré
Rua José Gonçalves Pereira,São Paulo,150,3,3,1,1900000,False,Vila Nova Conceição
Rua Vinte e Quatro de Outubro,São Paulo,180,4,3,3,1380000,False,Vila Dom Pedro I
,São Paulo,447,5,5,5,15000,True,Vila Ida
Avenida São Valério,São Paulo,435,4,5,5,1850000,False,Jardim Guedala
,São Paulo,1000,7,11,6,25000,True,Pacaembu
Rua João Florêncio,São Paulo,300,3,2,7,2200000,False,Pacaembu
,São Paulo,556,4,3,4,75000,True,Alto de Pinheiros
,São Paulo,440,3,6,4,12000000,False,Jardim América
,São Paulo,240,3,4,2,1490000,False,Jardim Novo Mundo
Rua Angatuba,São Paulo,687,5,6,4,10000000,False,Pacaembu
Rua Pedro Campana,São Paulo,600,5,4,7,5100000,False,Jardim Vila Mariana
,São Paulo,404,4,5,4,1600000,False,Morumbi
,São Paulo,574,5,6,4,4500000,False,Cidade Jardim
Rua Paulo Orozimbo,São Paulo,300,3,2,10,1750000,False,Cambuci
Rua Camundo,São Paulo,170,3,2,2,785000,False,Planalto Paulista
Rua Joaquim Cândido de Azevedo Marques,São Paulo,606,5,3,5,2300000,False,Vila Morumbi
Avenida Morumbi,São Paulo,400,4,3,4,1600000,False,Morumbi
Rua Curupaiti,São Paulo,353,4,6,3,2900000,False,Bela Aliança
,São Paulo,300,4,5,4,3286000,False,Saúde
,São Paulo,118,2,3,4,695000,False,Vila Prado
,São Paulo,500,4,5,4,14000000,False,Jardim Europa
,São Paulo,600,4,5,5,5000000,False,Boaçava
Rua Brigadeiro Gama Barcelos,São Paulo,200,3,1,4,870000,False,Parque Jabaquara
,São Paulo,950,4,5,8,25000000,False,Jardim América
Rua Levotti Grottera,São Paulo,420,4,3,6,3500000,False,Paineiras do Morumbi
Rua Fernão Dias,São Paulo,220,5,5,4,1750000,False,Pinheiros
Rua Doutor Manoel Maria Tourinho,São Paulo,400,4,6,2,3650000,False,Pacaembu
,São Paulo,200,3,4,1,2650000,False,Jardim Paulistano
Avenida Doutor Arnaldo,São Paulo,380,3,4,4,1800000,False,Sumaré
Rua Caxambu,São Paulo,94,3,2,2,640000,False,Vila Carrao
Rua Angaturama,São Paulo,300,3,4,4,1100000,False,Vila Moraes
Rua Gaivota,São Paulo,351,3,6,3,3400000,False,Moema
,São Paulo,260,4,4,6,3500000,False,Vila Madalena
Rua Luisiania,São Paulo,320,3,3,3,10000,True,Brooklin Paulista
Rua Morro Verde,São Paulo,1000,11,6,10,5499000,False,Pacaembu
,São Paulo,1050,6,6,10,18000000,False,Jardim Europa
,São Paulo,314,3,4,4,1450000,False,Planalto Paulista
,São Paulo,680,3,5,3,5000000,False,Jardim Guedala
,São Paulo,302,3,2,3,7000000,False,Jardim Paulistano
Rua Horácio Bandieri,São Paulo,360,4,3,4,3500000,False,Jardim Leonor
Rua Janaúba,São Paulo,738,5,5,10,19000,True,Jardim Panorama D'Oeste
,São Paulo,162,2,3,2,1700000,False,Sumaré
Avenida Morumbi,São Paulo,600,4,8,5,2500000,False,Morumbi
,São Paulo,400,4,4,6,12000000,False,Jardim Europa
,São Paulo,470,4,8,10,4300000,False,Vila Ida
Rua Angatuba,São Paulo,300,3,2,7,2500000,False,Pacaembu
,São Paulo,648,4,7,6,12500000,False,Jardim América
Rua Engenheiro Sá Rocha,São Paulo,490,5,4,10,2970000,False,Vila Ida
,São Paulo,551,4,8,12,5000000,False,Jardim Guedala
Rua José Taufik Soubhia,São Paulo,110,3,4,2,1450000,False,Vila Mariana
Rua Carpina,São Paulo,937,5,6,10,2500000,False,Jardim Everest
,São Paulo,420,3,1,4,3500000,False,Jardim Guedala
Rua dos Miranhas,São Paulo,280,3,4,4,4350000,False,Vila Madalena
,São Paulo,258,4,6,3,2100000,False,Jardim Viana
Rua Doutor Sérgio Fleury,São Paulo,120,2,2,1,600000,False,Vila Leopoldina
,São Paulo,409,4,4,4,13500000,False,Jardim Europa
Rua Tomé Portes,São Paulo,490,4,3,5,1850000,False,Brooklin Paulista
,São Paulo,374,4,6,5,25000,True,Vila Madalena
Rua Deputado João Bravo Caldeira,São Paulo,170,3,4,2,1390000,False,Planalto Paulista
Rua Ingles de Sousa,São Paulo,110,2,1,1,620000,False,Jardim da Glória
Rua Comendador Bichara Moherdauí,São Paulo,592,3,5,4,23000,True,Jardim Leonor
,São Paulo,890,4,1,4,25000,True,Jardim Guedala
Rua General Góis Monteiro,São Paulo,204,3,2,2,1300000,False,Vila Anglo Brasileira
Rua Medeiros Furtado,São Paulo,124,3,3,2,650000,False,Vila Formosa
Rua Nova Pátria,São Paulo,275,4,4,4,1550000,False,Bosque da Saúde
Avenida Nossa Senhora da Encarnação,São Paulo,200,3,3,4,790000,False,Jardim Maria Estela
,São Paulo,312,3,5,4,15000,True,Vila Madalena
Rua Mário Gonçalves de Oliveira,São Paulo,600,4,4,4,2600000,False,Fazenda Morumbi
Rua Ribeiro Lisboa,São Paulo,762,4,6,10,4500000,False,Fazenda Morumbi
Rua Morro Verde,São Paulo,800,4,7,13,12000000,False,Pacaembu
Rua Doutor Mário Cardim,São Paulo,400,4,4,1,1300000,False,Vila Mariana
Rua David Pimentel,São Paulo,916,7,14,10,3000000,False,Fazenda Morumbi
Rua Rolf Laube,São Paulo,170,4,4,2,900000,False,Cambuci
Rua Doutor Queirós Guimarães,São Paulo,402,4,6,5,12000,True,Jardim Guedala
Rua Alberto Willo,São Paulo,210,3,3,1,1000000,False,Planalto Paulista
,São Paulo,840,6,10,7,8900000,False,Vila Tramontano
Rua Manguatá,São Paulo,196,4,4,4,2000000,False,Cidade Monções
Rua Alexandre Marcondes Machado,São Paulo,371,3,4,3,2800000,False,Butantã
Rua Gurupá,São Paulo,200,3,3,2,1400000,False,Vila Anglo Brasileira
Rua Erculânia,São Paulo,190,4,3,1,750000,False,Vila Monumento
Rua Pirandello,São Paulo,500,4,6,5,3000000,False,Brooklin Paulista
Rua Sanharó,São Paulo,420,3,6,6,3500000,False,Jardim Guedala
Avenida Piassanguaba,São Paulo,300,3,5,4,1500000,False,Planalto Paulista
Rua Domingos Barreto,São Paulo,500,4,5,6,20000,True,Jardim Everest
,São Paulo,411,4,6,6,2500000,False,Jardim Guedala
,São Paulo,700,6,8,10,22800000,False,Jardim América
,São Paulo,410,3,3,3,4300000,False,Boaçava
,São Paulo,250,4,3,6,8000000,False,Jardim Paulista
Rua General Sena Vasconcelos,São Paulo,320,3,6,3,3000000,False,Jardim Guedala
Rua Júlio Rua Perez,São Paulo,190,3,3,2,1500000,False,Campo Belo
,São Paulo,415,4,4,6,24000,True,Jardim Paulista
Rua das Malvas,São Paulo,359,4,4,6,2200000,False,Cidade Jardim
Rua Dom Lúcio de Sousa,São Paulo,172,4,4,1,799000,False,Vila Gumercindo
Rua Pampa,São Paulo,272,3,2,3,900000,False,Cidade Vargas
Rua Parapuã,São Paulo,197,3,2,5,1500000,False,Itaberaba
,São Paulo,450,3,4,2,5700000,False,Jardim Paulista
,São Paulo,155,2,2,3,1900000,False,Vila Progredior
Rua General Vitorino Monteiro,São Paulo,500,4,6,7,1800000,False,Vila Romana
Rua André Gouveia,São Paulo,156,3,4,3,1860000,False,Aclimação
Rua Teixeira Mendes,São Paulo,275,3,4,2,900000,False,Liberdade
Rua Coronel Artur Godoi,São Paulo,240,3,3,3,4500000,False,Vila Mariana
Rua Palmares,São Paulo,223,3,2,2,1300000,False,Brooklin Paulista
Rua Payaguas,São Paulo,390,4,1,4,2900000,False,Aclimação
,São Paulo,220,4,3,2,885000,False,Tatuapé
Rua Rino Levi,São Paulo,236,3,5,3,2100000,False,Jardim da Glória
,São Paulo,450,4,5,4,8500000,False,Jardim Europa
Rua José do Patrocínio,São Paulo,230,3,3,4,4000000,False,Aclimação
Rua Nabih Assad Abdalla,São Paulo,307,3,4,2,1380000,False,Vila Morumbi
Rua República do Iraque,São Paulo,282,5,5,4,1800000,False,Brooklin Paulista
Rua Santo Egídio,São Paulo,326,3,5,4,2100000,False,Santa Teresinha
Rua Estuário,São Paulo,750,4,4,4,4800000,False,Chácara Monte Alegre
Rua Caropá,São Paulo,298,5,4,3,3000000,False,Vila Madalena
Praça Paul Harris,São Paulo,600,6,4,4,5500000,False,Indianópolis
,São Paulo,412,4,7,6,6000000,False,Boaçava
Rua Mário,São Paulo,157,3,4,3,1250000,False,Vila Romana
,São Paulo,500,3,3,4,6400000,False,Jardim Paulista
Rua Marcelino Champagnat,São Paulo,600,5,8,5,2980000,False,Jardim da Glória
,São Paulo,270,3,3,4,5500000,False,Jardim Europa
,São Paulo,186,3,5,4,4700000,False,Jardim Europa
Rua Capanezinho,São Paulo,180,2,2,4,460000,False,Jardim Maria Duarte
,São Paulo,800,3,5,7,18000000,False,Jardim Europa
Rua Pires de Oliveira,São Paulo,256,4,2,2,2100000,False,Chácara Santo Antônio
,São Paulo,740,4,3,6,2700000,False,Jardim Panorama
,São Paulo,600,3,6,8,12000,True,Jardim Viana
Rua Mesquita,São Paulo,267,3,5,4,1600000,False,Vila Deodoro
Rua Açaré,São Paulo,198,3,3,4,3350000,False,Alto de Pinheiros
,São Paulo,500,3,5,3,3500000,False,Brooklin Paulista
Rua Polônia,São Paulo,486,3,4,2,3200000,False,Jardim Europa
Rua Charles Astor,São Paulo,190,3,2,3,1800000,False,Jardim Aurélia
Alameda dos Indígenas,São Paulo,314,3,4,2,1450000,False,Planalto Paulista
,São Paulo,420,4,2,14,5600000,False,Fazenda Morumbi
Rua Ingles de Sousa,São Paulo,210,3,1,2,1150000,False,Jardim da Glória
Rua João José dos Santos,São Paulo,230,3,1,6,950000,False,Jardim Olympia
Rua Paulo Bregaro,São Paulo,220,3,3,3,1370000,False,Vila Monumento
,São Paulo,152,4,4,2,950000,False,Vila Suzana
,São Paulo,825,4,5,6,9000000,False,Morumbi
Rua Baltazar Lisboa,São Paulo,141,3,2,1,990000,False,Vila Mariana
Rua Caravelas,São Paulo,234,3,2,1,1850000,False,Vila Mariana
Rua Comandante Ismael Guilherme,São Paulo,600,4,8,6,12000000,False,Jardim Luzitânia
Rua Jacira,São Paulo,293,4,2,8,2100000,False,Indianópolis
Rua Graham Bell,São Paulo,440,4,3,5,1980000,False,Santo Amaro
,São Paulo,450,3,4,4,9500000,False,Jardim Paulistano
Praça Renzo Pagliari,São Paulo,1007,4,6,10,10500000,False,Cidade Jardim
,São Paulo,800,3,5,8,23600000,False,Jardim Europa
,São Paulo,453,3,2,4,2000000,False,Vila Ida
Rua Leandro de Carvalho,São Paulo,173,4,5,1,1300000,False,Vila Monumento
Rua Professor Paulo Tavares,São Paulo,185,3,5,3,1100000,False,Vila Hamburguesa
,São Paulo,455,4,7,3,3620000,False,Jardim Paulistano
Rua Gaspar Fernandes,São Paulo,190,4,5,4,1490000,False,Vila Monumento
Rua Professor Serafim Orlandi,São Paulo,170,3,2,2,1500000,False,Jardim Vila Mariana
Rua Burgos,São Paulo,130,3,3,2,650000,False,Parque Sevilha
Rua Bragança,São Paulo,500,3,4,8,2420000,False,Pacaembu
Rua Itapé,acu,412,3,5,5,4500000,False,
,São Paulo,578,5,5,8,10000,True,Cambuci
,São Paulo,330,4,4,15,21000,True,Lapa
Rua Doutor Carlos Norberto de Souza Aranha,São Paulo,385,4,7,4,5800000,False,Alto de Pinheiros
Rua Maria Leonete da Silva Nóbrega,São Paulo,450,4,1,4,2500000,False,Vila Ida
,São Paulo,399,3,4,5,12000,True,Alto de Pinheiros
Rua Anadia,São Paulo,320,5,6,2,2600000,False,Aclimação
,São Paulo,180,3,3,4,2200000,False,Aclimação
,São Paulo,762,4,6,4,30000000,False,Jardim América
,São Paulo,540,4,4,3,4000000,False,Vila Ida
Rua Iraúna,São Paulo,220,4,3,4,2800000,False,Jardim Novo Mundo
Avenida Eugênio Bartolomai,São Paulo,280,3,3,4,1300000,False,Jardim Santa Helena
Avenida Albert Einstein,São Paulo,472,4,3,6,2900000,False,Jardim Leonor
,São Paulo,293,4,7,5,5950000,False,Alto de Pinheiros
,São Paulo,237,4,3,4,1300000,False,Lapa
Rua Basílio da Cunha,São Paulo,172,3,3,2,1300000,False,Vila Deodoro
Rua Emboabas,São Paulo,250,2,3,4,3300000,False,Brooklin Paulista
Rua Coronel Cabrita,São Paulo,230,5,3,10,1600000,False,Jardim da Glória
Rua Pedrinhas,São Paulo,400,3,4,4,4800000,False,Vila Sonia
Rua Cardeal Cagliori,São Paulo,487,5,4,6,3500000,False,Alto de Pinheiros
Avenida Professor Fonseca Rodrigues,São Paulo,627,4,6,4,7599600,False,Alto de Pinheiros
Rua Patrícios,São Paulo,120,2,2,2,450000,False,Vila Brasílio Machado
,São Paulo,620,4,9,4,2000000,False,Vila Progredior
,São Paulo,700,4,7,10,4100000,False,Jardim Marajoara
Rua Sérgio,São Paulo,198,3,4,3,1100000,False,Vila Marieta
Rua Manduri,São Paulo,740,5,6,5,9800000,False,Jardim Paulistano
,São Paulo,347,4,4,5,18000,True,Alto de Pinheiros
Avenida Amarilis,São Paulo,1000,5,6,8,5800000,False,Cidade Jardim
Rua Santelmo,São Paulo,600,4,8,4,12000000,False,Jardim Luzitânia
Rua Realengo,São Paulo,113,3,3,2,1050000,False,Vila Madalena
,São Paulo,411,4,6,6,2500000,False,Jardim Guedala
,São Paulo,700,6,8,10,22800000,False,Jardim América
,São Paulo,410,3,3,3,4300000,False,Boaçava
,São Paulo,250,4,3,6,8000000,False,Jardim Paulista
Rua General Sena Vasconcelos,São Paulo,320,3,6,3,3000000,False,Jardim Guedala
Rua Júlio Rua Perez,São Paulo,190,3,3,2,1500000,False,Campo Belo
,São Paulo,415,4,4,6,24000,True,Jardim Paulista
Rua das Malvas,São Paulo,359,4,4,6,2200000,False,Cidade Jardim
Rua Dom Lúcio de Sousa,São Paulo,172,4,4,1,799000,False,Vila Gumercindo
Rua Pampa,São Paulo,272,3,2,3,900000,False,Cidade Vargas
Rua Dom Tomás Costa e Lima,São Paulo,600,3,5,8,4990000,False,Vila Tramontano
Rua Engenheiro Isaac Milder,São Paulo,120,1,2,1,650000,False,Vila Morumbi
Rua Pedro Zonta Neto,São Paulo,150,3,3,2,1780000,False,Brooklin
,São Paulo,180,3,5,3,1100000,False,Santo Amaro
Rua Carlos Baptista de Magalhães,São Paulo,253,4,5,3,2200000,False,Jardim Prudência
Rua Amandaba,São Paulo,271,3,4,4,1200000,False,Jardim Prudência
Rua Américo Brasiliense,São Paulo,370,4,3,3,2750000,False,Alto da Boa Vista
,São Paulo,220,3,3,2,8000,True,Moema
Rua Doutor Paulo Dias,São Paulo,200,4,5,2,1500000,False,Aclimação
Rua Teodoro Ramos,São Paulo,280,3,2,3,2800000,False,Pacaembu
Rua Basílio da Cunha,São Paulo,121,3,2,2,850000,False,Vila Deodoro
Rua Guinle,São Paulo,321,3,2,5,2490000,False,Vila Monumento
,São Paulo,280,4,2,3,2900000,False,Pacaembu
Rua Santa Rufina,São Paulo,390,4,6,4,2200000,False,Jardim Santo Amaro
Rua Maracaí,São Paulo,300,4,1,3,2600000,False,Aclimação
,São Paulo,500,4,5,4,10750000,False,Jardim América
Rua Teviot,São Paulo,692,4,8,3,11990000,False,Vila Nova Conceição
,São Paulo,153,4,2,4,900000,False,Parque Continental
,São Paulo,90,2,1,2,650000,False,Vila Antonieta
Rua Pedro Zonta Neto,São Paulo,150,3,4,2,1940000,False,Cidade Monções
Avenida Indianópolis,São Paulo,200,3,2,2,8000,True,Indianópolis
Rua Francisco de Lima,São Paulo,253,3,4,8,790000,False,Jardim Maria Estela
Rua Araçatuba,São Paulo,177,3,4,3,1300000,False,Vila Ipojuca
Rua João Moura,São Paulo,187,3,1,2,2700000,False,Pinheiros
Rua Professor Luciano Gualberto,São Paulo,600,4,6,2,2900000,False,Jardim Morumbi
Rua Domingos Lopes,São Paulo,200,2,2,2,1070000,False,Campo Belo
Rua George Ade,São Paulo,260,3,5,4,2630000,False,Brooklin
Rua Vasconcelos Drumond,São Paulo,145,3,1,4,1300000,False,Vila Monumento
Rua Ibiquara,São Paulo,210,3,3,2,1500000,False,Vila Ipojuca
Rua Veneza,São Paulo,450,3,5,5,4000000,False,Jardim Paulista
,São Paulo,480,4,6,7,3900000,False,Alto de Pinheiros
,São Paulo,600,4,6,8,6500000,False,Indianópolis
Rua Doutor Clemente Jobim,São Paulo,150,3,2,2,900000,False,Jardim da Glória
Rua Pero Correia,São Paulo,166,4,5,6,940000,False,Vila Mariana
Rua José Yazigi,São Paulo,430,4,3,6,17000,True,Jardim Leonor
Rua Carlos Baptista de Magalhães,São Paulo,284,4,5,3,2200000,False,Jardim Prudência
Rua Januário Miraglia,São Paulo,220,3,4,3,4500000,False,Vila Nova Conceição
Rua Basílio da Cunha,São Paulo,190,3,2,3,1280000,False,Vila Deodoro
Rua Doutor David Campista,São Paulo,340,3,2,3,3300000,False,Jardim Paulista
Rua Oliveira Melo,São Paulo,309,3,4,6,1300000,False,Vila São José
,São Paulo,450,4,5,4,2300000,False,Morumbi
Rua Engenheiro Lauro Penteado,São Paulo,160,3,4,3,2500000,False,Vila Monumento
,São Paulo,171,3,2,2,810000,False,Chácara Santo Antônio
,São Paulo,917,4,6,8,16000000,False,Jardim Paulista
Rua Kalil Nader Habr,São Paulo,170,4,3,3,720000,False,Vila Santo Estéfano
Rua Pero Correia,São Paulo,295,4,4,3,5900,True,Vila Mariana
Rua Muriaé,São Paulo,170,2,2,4,1000000,False,Vila Dom Pedro I
Avenida da Aclimação,São Paulo,262,3,1,3,1380000,False,Aclimação
,São Paulo,320,4,4,6,3000000,False,Vila Progredior
Praça Cassiano Nogueira,São Paulo,650,4,1,8,3200000,False,Vila Mariana
Avenida Diógenes Ribeiro de Lima,São Paulo,190,3,3,5,10000,True,Alto de Pinheiros
Avenida Interlagos,São Paulo,95,3,3,2,750000,False,Interlagos
Rua Dona Inácia Uchôa,São Paulo,180,3,1,2,1800000,False,Vila Mariana
,São Paulo,350,4,5,4,3600000,False,Boaçava
Rua Manduri,São Paulo,220,4,2,3,2200000,False,Jardim Paulistano
Rua Ibaragui Nissui,São Paulo,380,4,6,4,2130000,False,Jardim Vila Mariana
Rua Artur de Souza Marques,São Paulo,1000,4,6,6,8600000,False,Vila Tramontano
,São Paulo,400,4,4,6,3850000,False,Jardim das Bandeiras
Rua Alexandre Buairide,São Paulo,280,4,2,4,1600000,False,Vila Mariana
Rua General Fonseca Teles,São Paulo,422,4,7,4,7500000,False,Jardim Paulista
Rua Baturité,São Paulo,165,3,4,1,800000,False,Aclimação
Rua dos Parecis,São Paulo,238,3,2,1,750000,False,Cambuci
Avenida Doutor Alberto Penteado,São Paulo,1500,8,4,6,19000000,False,Jardim Sílvia
,São Paulo,627,7,5,5,7000000,False,Vila Madalena
Rua Alabastro,São Paulo,220,3,3,2,1100000,False,Aclimação
,São Paulo,521,4,5,4,4400000,False,Boaçava
Rua César Guimarães,São Paulo,310,3,2,4,1700000,False,Jardim da Glória
Rua Holanda,São Paulo,720,5,6,8,40000,True,Jardim Europa
Avenida Piassanguaba,São Paulo,464,4,6,4,3000000,False,Planalto Paulista
,São Paulo,1430,4,8,12,20000000,False,Cidade Jardim
Rua Dom Paulo Pedrosa,São Paulo,480,4,6,3,1700000,False,Real Parque
Rua Doutor Numa Pereira do Vale,São Paulo,300,3,3,1,2200000,False,Aclimação
Avenida Miruna,São Paulo,96,3,2,2,700000,False,Indianópolis
,São Paulo,612,4,3,3,20640000,False,Jardim Paulista
Rua Michigan,São Paulo,112,3,4,2,1200000,False,Cidade Monções
Rua Safira,São Paulo,220,3,4,2,1600000,False,Aclimação
Rua Descalvado,São Paulo,400,4,1,4,2400000,False,Sumaré
Rua Pianú,São Paulo,527,5,3,8,2970000,False,Vila Ida
Rua Rino Levi,São Paulo,363,4,6,3,12000,True,Jardim da Glória
Rua Itaperuna,São Paulo,1000,3,7,4,11990000,False,Pacaembu
Rua Coriolano Durand,São Paulo,229,6,4,2,750000,False,Vila Santa Catarina
Rua Mesquita,São Paulo,130,3,2,1,980000,False,Vila Deodoro
Rua Manduri,São Paulo,750,5,8,5,10600000,False,Jardim Paulistano
Rua Mauro Dalay,São Paulo,450,4,3,2,750000,False,Conjunto Residencial Bandeirantes
,São Paulo,714,6,8,8,15000,True,Alto de Pinheiros
Rua Leucina,São Paulo,190,3,1,2,620000,False,Cidade Vargas
,São Paulo,300,3,5,5,1650000,False,Alto da Lapa
Rua Tchecoslováquia,São Paulo,300,3,5,4,1390000,False,Interlagos
Rua Kansas,São Paulo,294,4,6,3,10000,True,Brooklin Paulista
,São Paulo,373,3,5,5,13900,True,Jardim Leonor
Rua Paula Ney,São Paulo,350,4,2,4,4500000,False,Vila Mariana
Rua Industrial,São Paulo,166,2,3,2,430000,False,Vila Bela
Rua Frederico Von Martius,São Paulo,300,3,5,2,1500000,False,Vila Monumento
Rua das Camélias,São Paulo,124,3,3,2,860000,False,Mirandópolis
Rua dos Otonis,São Paulo,170,3,3,4,2000000,False,Vila Clementino
Rua Ministro Jesuíno Cardoso,São Paulo,78,2,2,1,850000,False,Vila Nova Conceição
Rua Conselheiro Torres Homem,São Paulo,420,5,6,4,30000,True,Jardim Paulista
Rua Engenheiro Artur Antunes Maciel,São Paulo,152,3,4,2,510000,False,Cidade Domitila
,São Paulo,411,4,4,4,18000,True,Fazenda Morumbi
Rua Campina da Taborda,São Paulo,238,3,4,4,2200000,False,Planalto Paulista
Rua Teodoro Ramos,São Paulo,250,3,3,2,2700000,False,Pacaembu
Rua Gregório Serrão,São Paulo,320,3,3,1,1850000,False,Vila Mariana
,São Paulo,155,4,6,2,2295000,False,Santa Cecília
Rua Agnaldo Manuel dos Santos,São Paulo,460,4,5,4,21000,True,Jardim Vila Mariana
Alameda dos Guaicanãs,São Paulo,202,2,3,2,800000,False,Planalto Paulista
Rua Almirante Protógenes Guimarães,São Paulo,136,3,1,2,770000,False,Ipiranga
Rua Damiro de Oliveira Volpe,São Paulo,64,2,2,2,2350000,False,Vila Nova Conceição
Rua José do Patrocínio,São Paulo,210,3,3,5,850000,False,Aclimação
,São Paulo,125,2,2,2,250000,False,Jardim Eliana
,São Paulo,680,6,8,8,22000,True,Jardim Guedala
Rua dos Jacintos,São Paulo,90,2,1,1,640000,False,Mirandópolis
Rua São Gall,São Paulo,250,3,3,4,1200000,False,Vila Ipojuca
Rua Gabriel Sylvestre Teixeira de Carvalho,São Paulo,538,3,4,8,5800000,False,Jardim Cordeiro
Rua Euclides de Andrade,São Paulo,80,2,2,2,1100000,False,Jardim Vera Cruz
Avenida Piassanguaba,São Paulo,296,4,5,5,2500000,False,Planalto Paulista
Rua Hamilton Prado,São Paulo,180,2,2,10,580000,False,Chácara Belenzinho
Travessa Doutor Ezequiel Antunes de Oliveira,São Paulo,170,3,4,3,2600000,False,Vila Olímpia
Rua Bastos Pereira,São Paulo,152,3,4,2,3000000,False,Vila Nova Conceição
Rua Nestor Moreira,São Paulo,275,3,2,6,2800000,False,Jardim da Glória
,São Paulo,488,4,5,3,2950000,False,Vila Madalena
Rua Bernardo Sanches,São Paulo,700,4,4,6,2200000,False,Real Parque
Rua Doutor José Maria Whitaker,São Paulo,259,3,3,2,1500000,False,Vila Sônia
,São Paulo,180,3,3,2,850000,False,Paraíso do Morumbi
,São Paulo,375,3,4,2,1800000,False,Sumaré
Rua Odair Pimentel,São Paulo,160,4,4,3,1198000,False,Parque dos Príncipes
Avenida Professor Rubens Gomes de Souza,São Paulo,365,4,3,3,2400000,False,Jardim Cordeiro
,São Paulo,110,3,2,3,1915000,False,Sumarezinho
,São Paulo,200,2,3,2,2900000,False,Vila Olímpia
Alameda dos Indígenas,São Paulo,280,3,4,3,1290000,False,Planalto Paulista
Rua Oquirá,São Paulo,430,4,6,4,5000000,False,Alto de Pinheiros
Rua Ribeiro do Vale,São Paulo,205,3,5,5,2150000,False,Brooklin Paulista
Rua Doutor Mário Freire,São Paulo,442,4,5,3,2800000,False,Retiro Morumbi
,São Paulo,400,5,4,2,7500000,False,Jardim Paulistano
Rua São José,São Paulo,430,2,4,4,3000000,False,Santo Amaro
Rua Bauru,São Paulo,250,4,3,3,2900000,False,Pacaembu
Rua Coronel Camisão,São Paulo,167,4,5,3,690000,False,Vila Gomes
Rua Pereira da Nóbrega,São Paulo,149,3,2,3,1380000,False,Vila Monumento
Rua Felício Elias,São Paulo,104,2,1,1,900000,False,Aclimação
Rua Honduras,São Paulo,250,3,5,5,3200000,False,Jardim Paulista
Rua Artur Andrade,São Paulo,90,2,5,2,440000,False,Vila Marari
,São Paulo,110,2,2,2,540000,False,Vila Suzana
,São Paulo,220,3,5,3,2800000,False,Jardim Paulistano
Rua Capitão Otávio Machado,São Paulo,218,4,4,3,1250000,False,Chácara Santo Antônio
,São Paulo,150,2,2,1,580000,False,Vila Leopoldina
Rua Professor Tranquilli,São Paulo,250,4,8,4,2200000,False,Vila Mariana
Avenida Conselheiro Rodrigues Alves,São Paulo,300,4,4,2,2100000,False,Vila Mariana
,São Paulo,450,4,5,4,2200000,False,Cidade Jardim
Rua Albina Barbosa,São Paulo,130,2,3,2,1100000,False,Aclimação
Rua Eça de Queiróz,São Paulo,498,3,5,4,3845000,False,Vila Mariana
Rua Traipu,São Paulo,735,4,1,15,15000,True,Pacaembu
Rua Carlos Tiago Pereira,São Paulo,113,3,3,3,790000,False,Bosque da Saúde
Avenida Lacerda Franco,São Paulo,260,3,3,2,980000,False,Cambuci
Rua Petrópolis,São Paulo,450,4,5,4,2970000,False,Sumaré
,São Paulo,695,4,7,4,4850000,False,Santo Amaro
Rua Vítor Dubugras,São Paulo,233,3,5,5,1200000,False,Jardim da Glória
Rua Bamboré,São Paulo,128,3,1,2,850000,False,Ipiranga
Rua Xavier de Almeida,São Paulo,165,3,2,2,975000,False,Ipiranga
Rua Antônio de Castro Mendonça Furtado,São Paulo,140,3,3,2,750000,False,Conjunto Residencial Butantã
Rua Clementine Brenne,São Paulo,220,3,2,2,800000,False,Paraisópolis
Rua Leucina,São Paulo,190,3,1,2,620000,False,Cidade Vargas
Rua Teodureto Souto,São Paulo,180,3,2,2,1000000,False,Cambuci
Rua Ubaíra,São Paulo,188,4,2,4,1980000,False,Indianópolis
Rua Gama Cerqueira,São Paulo,169,3,3,4,1250000,False,Cambuci
Rua Tomé de Souza,São Paulo,300,4,4,10,2900000,False,Lapa
,São Paulo,370,3,4,3,1500000,False,Morumbi
Avenida Roberto Lorenz,São Paulo,500,4,5,7,4500000,False,Jardim Guedala
Rua Luís Pereira de Almeida,São Paulo,400,4,3,8,2700000,False,Jardins
Avenida Jamaris,São Paulo,410,3,2,2,4920000,False,Planalto Paulista
Rua Gonçalves Crespo,São Paulo,220,3,1,4,1250000,False,Tatuapé
Rua José Bento,São Paulo,160,3,3,1,930000,False,Cambuci
Rua Guadelupe,São Paulo,800,4,4,5,14000000,False,Jardim América
Rua Januário Miraglia,São Paulo,270,4,3,2,2800000,False,Vila Nova Conceição
Rua Mariano Procópio,São Paulo,180,4,5,2,1230000,False,Vila Monumento
,São Paulo,624,4,8,5,15000000,False,Jardim América
Rua Groenlândia,São Paulo,440,4,6,4,19000,True,Jardim América
Rua Mariano Procópio,São Paulo,600,5,5,5,900000,False,Vila Monumento
Rua Desembargador Francisco Meirelles dos Santos,São Paulo,540,3,6,4,12000,True,Jardim Santo Amaro
Rua Silveira da Mota,São Paulo,480,3,1,1,1400000,False,Cambuci
Rua Bernardo Sanches,São Paulo,533,4,5,6,2200000,False,Real Parque
Rua Gaspar Fernandes,São Paulo,160,2,1,1,700000,False,Vila Monumento
,São Paulo,700,3,6,4,12500000,False,Jardim Europa
,São Paulo,373,3,4,4,2350000,False,Jardim Leonor
Rua Coronel Irlandino Sandoval,São Paulo,390,4,5,5,4500000,False,Jardim Paulistano
Rua Armando Pinto,São Paulo,180,3,2,6,1470000,False,Sumarezinho
Avenida Professor Fonseca Rodrigues,São Paulo,593,4,7,4,8067520,False,Alto de Pinheiros
Rua Alto do Bonfim,São Paulo,128,3,3,3,685000,False,Conjunto Residencial Jardim Canaã
Rua Albertina de Oliveira Godinho,São Paulo,900,4,7,10,4000000,False,Jardim Guedala
Travessa Roberto Douglas Machado,São Paulo,170,2,2,2,3300000,False,Jardim Paulistano
,São Paulo,240,2,2,2,730000,False,Vila Jacuí
Rua Catipara,São Paulo,250,3,5,4,1390000,False,Brooklin Paulista
Rua Banabuiú,São Paulo,200,3,3,6,950000,False,Vila Comercial
Rua Doutor Alberto Seabra,São Paulo,300,4,8,4,4000000,False,Vila Madalena
Rua Antônio Tavares,São Paulo,295,3,2,1,1100000,False,Cambuci
,São Paulo,500,4,5,3,3300000,False,Morumbi
Rua Joinville,São Paulo,142,3,3,1,1600000,False,Vila Mariana
Rua Pedra Azul,São Paulo,200,3,1,4,4000000,False,Aclimação
Rua das Fiandeiras,São Paulo,300,3,5,2,3900000,False,Vila Olímpia
Rua dos Alcatrazes,São Paulo,1300,6,6,9,10000000,False,Chácara Flora
Rua João Álvares Soares,São Paulo,302,4,6,3,2650000,False,Campo Belo
,São Paulo,900,6,8,8,22000000,False,Jardim Teresa
Rua Embuaçu,São Paulo,137,3,3,2,1200000,False,Vila Mariana
Rua Conde D'Eu,São Paulo,600,4,7,3,4975000,False,Santo Amaro
,São Paulo,639,4,6,4,3500000,False,Jardim Panorama
Rua Suécia,São Paulo,660,5,7,4,18000000,False,Jardim Europa
Rua Montezuma,São Paulo,300,4,5,4,4800000,False,Jardim das Bandeiras
Rua Sampaio Vidal,São Paulo,195,3,4,6,5500000,False,Jardim Paulistano
Rua San Salvador,São Paulo,664,6,5,5,12990000,False,Jardim América
Rua Alvarenga Peixoto,São Paulo,200,4,4,5,1010000,False,Vila Anastácio
Rua Anunze,São Paulo,410,3,5,4,4300000,False,Boaçava
,São Paulo,101,2,2,5,640000,False,Mooca
Rua das Mimosas,São Paulo,290,3,1,5,990000,False,Vila Lúcia
,São Paulo,271,4,5,4,1950000,False,Jardim da Glória
,São Paulo,416,4,4,3,7000,True,Brooklin Paulista
,São Paulo,950,5,11,18,14600000,False,Retiro Morumbi
,São Paulo,300,3,2,2,320000,False,Jardim Brasília
Rua Morgado de Mateus,São Paulo,300,4,3,2,2260000,False,Vila Mariana
Rua Leandro de Carvalho,São Paulo,180,3,1,3,1000000,False,Vila Monumento
Rua Vigário João Álvares,São Paulo,300,4,3,4,1000000,False,Vila Monumento
,São Paulo,450,4,5,7,2600000,False,Jardim Morumbi
Rua Eduardo Saigh Filho,São Paulo,600,4,6,5,3200000,False,Vila Tramontano
Rua Vieira Fazenda,São Paulo,340,1,3,3,2000000,False,Vila Mariana
,São Paulo,461,4,7,2,2500000,False,Vila Madalena
Rua Crisólita,São Paulo,186,2,2,3,1400000,False,Jardim da Glória
,São Paulo,744,4,6,5,20000,True,Paineiras do Morumbi
Rua Eugênio Falk,São Paulo,100,2,1,2,480000,False,Saúde
Rua Cayowaá,São Paulo,131,3,3,1,990000,False,Sumaré
Rua Oliveira Melo,São Paulo,440,6,4,3,1350000,False,Vila São José
Rua Dom Valverde,São Paulo,290,3,5,2,1300000,False,Vila Monumento
Rua Coronel Irlandino Sandoval,São Paulo,390,4,5,5,4900000,False,Jardim Paulistano
Rua Doutor Inácio Arruda,São Paulo,420,3,3,3,1800000,False,Vila Monumento
Rua Simão Dias da Fonseca,São Paulo,240,3,1,2,1700000,False,Cambuci
Rua Albina Barbosa,São Paulo,180,3,3,2,1300000,False,Aclimação
Rua João Florêncio,São Paulo,320,2,4,4,3192000,False,Pacaembu
Rua Mesquita,São Paulo,100,3,2,2,750000,False,Vila Deodoro
Rua Puréus,São Paulo,526,4,5,3,12000,True,Jardim Guedala
,São Paulo,375,3,5,5,2800000,False,Jardim Viana
,São Paulo,360,4,4,4,3500000,False,Jardim Leonor
Rua Southey,São Paulo,248,4,3,5,1180000,False,Vila Dom Pedro I
Rua Joel Jorge de Melo,São Paulo,72,2,1,1,810000,False,Vila Mariana
Rua Dom Duarte Leopoldo,São Paulo,548,5,6,4,1900000,False,Cambuci
Rua Eduardo,São Paulo,500,5,3,3,2000000,False,Vila Albertina
Rua Oliveira Lima,São Paulo,350,3,4,15,960000,False,Cambuci
Rua Lacedemônia,São Paulo,152,3,5,2,840000,False,Jardim Brasil
Rua Pero Correia,São Paulo,180,3,3,1,790000,False,Vila Mariana
Rua da União,São Paulo,250,3,4,2,2100000,False,Vila Mariana
Rua Leopoldo Amaral,São Paulo,260,4,1,5,1300000,False,Jardim da Glória
Rua Conde Vicente de Azevedo,São Paulo,95,2,2,3,750000,False,Vila Monumento
Avenida Aratãs,São Paulo,464,4,4,4,3300000,False,Indianópolis
Rua Boa Esperança do Sul,São Paulo,1050,4,7,10,25000,True,Jardim Guedala
,São Paulo,340,3,3,10,30000,True,Jardim Europa
Rua Curucáia,São Paulo,150,3,4,2,820000,False,Saúde
,São Paulo,92,2,2,1,320000,False,Jardim Danfer
Rua Paulo Orozimbo,São Paulo,103,2,2,1,785000,False,Cambuci
Rua Armando Pinto,São Paulo,120,6,4,5,1500000,False,Sumarezinho
Rua Colatino Marques,São Paulo,400,4,2,4,4800000,False,Jardim Paulista
Rua Rumaica,São Paulo,161,3,2,2,900000,False,Vila Ipojuca
Rua Francisco Polito,São Paulo,50,1,1,1,289000,False,Vila Prudente
Rua Mariana Corrêa,São Paulo,258,3,3,2,2700000,False,Jardim Paulistano
Rua Zeferino da Costa,São Paulo,230,4,4,8,3000000,False,Aclimação
,São Paulo,524,4,2,5,7000000,False,Jardim Europa
,São Paulo,429,4,6,8,25000,True,Jardim Guedala
Rua Guihei Vatanabe,São Paulo,70,3,2,2,650000,False,Vila Progredior
Rua Professor Murtinho,São Paulo,225,4,4,2,2450000,False,Vila Mariana
Rua dos Caciques,São Paulo,220,3,5,4,1050000,False,Vila da Saúde
Rua Guajurus,São Paulo,239,3,3,2,1790000,False,Jardim São Paulo
Rua Capote Valente,São Paulo,136,3,3,3,2200000,False,Pinheiros
Rua Carpina,São Paulo,935,6,6,12,2500000,False,Jardim Everest
Rua Groenlândia,São Paulo,500,2,4,16,35000,True,Jardim América
Rua Meruoca,São Paulo,156,3,2,2,800000,False,Jardim da Glória
Rua Coronel Irlandino Sandoval,São Paulo,700,4,3,2,30000,True,Jardim Paulistano
Rua das Zínias,São Paulo,448,4,5,6,26000,True,Cidade Jardim
Rua Comandante Ismael Guilherme,São Paulo,600,3,5,4,12000000,False,Jardim Luzitânia
,São Paulo,155,3,2,4,1200000,False,Santo Amaro
Praça Visconde de Porto Seguro,São Paulo,631,5,8,4,3700000,False,Jardim Leonor
,São Paulo,370,3,5,5,2500000,False,Jardim Leonor
Rua Luiz Menezes,São Paulo,130,3,3,2,410000,False,Parque Ramos Freitas
Rua Panônia,São Paulo,137,3,3,2,750000,False,Jardim Colombo
Rua Manduri,São Paulo,450,6,4,6,4500000,False,Jardim Paulistano
Rua Colônia da Glória,São Paulo,185,3,3,2,750000,False,Vila Mariana
Rua Brás Lourenço,São Paulo,208,5,1,4,790000,False,Vila Mariana
Rua Javaés,São Paulo,334,3,2,2,1500000,False,Bom Retiro
Rua Giovanni Carnovali,São Paulo,123,4,2,2,500000,False,Vila Caraguatá
Rua Iraúna,São Paulo,270,4,5,2,2900000,False,Indianópolis
,São Paulo,700,3,6,4,12500000,False,Jardim Europa
,São Paulo,373,3,4,4,2350000,False,Jardim Leonor
Rua Coronel Irlandino Sandoval,São Paulo,390,4,5,5,4500000,False,Jardim Paulistano
Rua Armando Pinto,São Paulo,180,3,2,6,1470000,False,Sumarezinho
Avenida Professor Fonseca Rodrigues,São Paulo,593,4,7,4,8067520,False,Alto de Pinheiros
Rua Alto do Bonfim,São Paulo,128,3,3,3,685000,False,Conjunto Residencial Jardim Canaã
Rua Albertina de Oliveira Godinho,São Paulo,900,4,7,10,4000000,False,Jardim Guedala
Travessa Roberto Douglas Machado,São Paulo,170,2,2,2,3300000,False,Jardim Paulistano
,São Paulo,240,2,2,2,730000,False,Vila Jacuí
Rua Catipara,São Paulo,250,3,5,4,1390000,False,Brooklin Paulista
Rua Banabuiú,São Paulo,200,3,3,6,950000,False,Vila Comercial
Rua Doutor Alberto Seabra,São Paulo,300,4,8,4,4000000,False,Vila Madalena
Rua Antônio Tavares,São Paulo,295,3,2,1,1100000,False,Cambuci
,São Paulo,500,4,5,3,3300000,False,Morumbi
Rua Joinville,São Paulo,142,3,3,1,1600000,False,Vila Mariana
Rua Pedra Azul,São Paulo,200,3,1,4,4000000,False,Aclimação
Rua das Fiandeiras,São Paulo,300,3,5,2,3900000,False,Vila Olímpia
Rua dos Alcatrazes,São Paulo,1300,6,6,9,10000000,False,Chácara Flora
Rua João Álvares Soares,São Paulo,302,4,6,3,2650000,False,Campo Belo
,São Paulo,900,6,8,8,22000000,False,Jardim Teresa
Rua Embuaçu,São Paulo,137,3,3,2,1200000,False,Vila Mariana
Rua Conde D'Eu,São Paulo,600,4,7,3,4975000,False,Santo Amaro
,São Paulo,639,4,6,4,3500000,False,Jardim Panorama
Rua Suécia,São Paulo,660,5,7,4,18000000,False,Jardim Europa
Rua Montezuma,São Paulo,300,4,5,4,4800000,False,Jardim das Bandeiras
Rua Sampaio Vidal,São Paulo,195,3,4,6,5500000,False,Jardim Paulistano
Rua San Salvador,São Paulo,664,6,5,5,12990000,False,Jardim América
Rua Alvarenga Peixoto,São Paulo,200,4,4,5,1010000,False,Vila Anastácio
Rua Anunze,São Paulo,410,3,5,4,4300000,False,Boaçava
,São Paulo,101,2,2,5,640000,False,Mooca
Rua das Mimosas,São Paulo,290,3,1,5,990000,False,Vila Lúcia
,São Paulo,271,4,5,4,1950000,False,Jardim da Glória
,São Paulo,416,4,4,3,7000,True,Brooklin Paulista
,São Paulo,950,5,11,18,14600000,False,Retiro Morumbi
,São Paulo,300,3,2,2,320000,False,Jardim Brasília
Rua Morgado de Mateus,São Paulo,300,4,3,2,2260000,False,Vila Mariana
Rua Oliveira Melo,São Paulo,190,3,1,1,895000,False,Vila São José
,São Paulo,800,4,6,9,30000,True,Retiro Morumbi
,São Paulo,554,4,2,3,2500000,False,Jardim Leonor
,São Paulo,709,4,6,6,12500000,False,Jardim das Bandeiras
Alameda dos Uapês,São Paulo,300,3,2,2,2100000,False,Planalto Paulista
,São Paulo,600,4,6,5,7800000,False,Planalto Paulista
Rua Ipero,São Paulo,180,3,2,3,3000000,False,Jardim das Bandeiras
,São Paulo,130,3,3,3,1100000,False,Vila São Silvestre
Rua Dom Duarte Leopoldo,São Paulo,70,2,1,1,590000,False,Cambuci
Rua dos Viajantes,São Paulo,357,3,5,7,1900000,False,Vila Monumento
Rua Marcelino Champagnat,São Paulo,237,4,3,3,1650000,False,Jardim da Glória
Avenida Capitão Anselmo Barcelos,São Paulo,250,3,3,2,740000,False,Vila Rio Branco
Rua Suécia,São Paulo,660,5,7,4,18000000,False,Jardim Europa
Rua Victor Brecheret,São Paulo,120,3,3,3,1780000,False,Vila Mariana
Rua Ribeirão Bonito,São Paulo,321,4,6,3,1500000,False,Vila Moinho Velho
Rua Colatino Marques,São Paulo,300,4,3,3,4650000,False,Jardim Paulista
Rua Doutor Dolzani,São Paulo,175,4,5,3,950000,False,Jardim da Glória
,São Paulo,125,2,3,2,300000,False,Vila Sílvia
Rua Pirituba,São Paulo,120,3,3,2,1200000,False,Mirandópolis
Avenida Lacerda Franco,São Paulo,120,3,1,1,670000,False,Cambuci
Rua Michel Mograbi,São Paulo,471,6,4,8,3000000,False,Praia Azul
Rua Votuporanga,São Paulo,280,3,4,3,3300000,False,Sumaré
,São Paulo,490,3,6,8,16000,True,Fazenda Morumbi
Rua Filadelfo Aranha,São Paulo,483,4,2,2,6300000,False,Vila Madalena
,São Paulo,1000,5,8,6,35000,True,Fazenda Morumbi
,São Paulo,794,4,4,6,5500000,False,Paineiras do Morumbi
Rua João Álvares Soares,São Paulo,390,8,2,4,2500000,False,Campo Belo
Rua Pamplona,São Paulo,156,4,4,2,2340000,False,Jardim Paulista
Rua Colatino Marques,São Paulo,570,4,3,4,29000,True,Jardim Paulista
,São Paulo,527,8,8,8,2850000,False,Vila Ida
,São Paulo,530,4,4,6,15000,True,Boaçava
Rua João do Prado,São Paulo,350,4,6,5,3000000,False,Aclimação
,São Paulo,230,3,2,3,1950000,False,Santo Amaro
,São Paulo,490,2,2,3,14000000,False,Vila Nova Conceição
,São Paulo,433,5,3,8,6500000,False,Jardim Paulistano
Rua Luisiania,São Paulo,249,3,5,3,2200000,False,Brooklin Paulista
Rua Crisólita,São Paulo,198,3,5,5,1100000,False,Jardim da Glória
,São Paulo,381,4,6,4,5600000,False,Alto de Pinheiros
Rua Maracaí,São Paulo,140,3,4,1,910000,False,Aclimação
Rua Bauru,São Paulo,330,4,4,4,1970000,False,Pacaembu
,São Paulo,251,3,4,5,2400000,False,Santo Amaro
,São Paulo,580,3,4,3,9000000,False,Jardim Europa
Rua Mário Gonçalves de Oliveira,São Paulo,380,5,7,4,1300000,False,Fazenda Morumbi
Rua Martim Peres,São Paulo,342,3,3,6,4500,True,Bosque da Saúde
,São Paulo,359,3,4,5,3800000,False,Alto de Pinheiros
Rua Doutor Artur Orlando Silva,São Paulo,400,3,6,6,3890000,False,Chácara das Paineiras
Rua Barão do Bananal,São Paulo,84,3,3,1,1160000,False,Vila Pompéia
Rua Sargento Gilberto Marcondes Machado,São Paulo,850,5,6,6,5000000,False,Paineiras do Morumbi
Rua São João Del Rei,São Paulo,140,3,1,2,900000,False,Jardim da Glória
Rua Campo Largo,São Paulo,259,2,1,5,950000,False,Vila Bertioga
Rua Olímpio de Campos,São Paulo,260,4,3,2,800000,False,Jardim Vila Formosa
Rua Comandante Ismael Guilherme,São Paulo,500,3,3,3,12720000,False,Jardim Luzitânia
,São Paulo,220,3,2,3,1290000,False,Vila Romana
,São Paulo,534,3,3,2,5500000,False,Alto de Pinheiros
Rua Saturno,São Paulo,300,2,2,6,3200000,False,Aclimação
Rua Macambará,São Paulo,139,3,4,2,1440000,False,Cidade Monções
,São Paulo,715,5,7,6,7900000,False,Vila Morumbi
,São Paulo,90,2,2,2,485000,False,Vila Pedroso
,São Paulo,144,3,3,1,1430000,False,Moema
Rua Senador César Lacerda Vergueiro,São Paulo,248,4,3,5,3500000,False,Sumarezinho
,São Paulo,490,4,3,4,15000,True,Vila Ida
Travessa Saveiros de Maroim,São Paulo,80,2,2,4,2000,True,Vila Constança
Rua Guaianaz da Fonseca,São Paulo,140,2,2,1,1280000,False,Vila Madalena
Rua Almirante de Inhaúma,São Paulo,255,3,7,4,1750000,False,Alto da Lapa
Rua Doutor Albino Rodrigues de Alvarenga,São Paulo,180,3,1,2,460000,False,Vila Universitária
,São Paulo,702,3,5,6,5500000,False,Jardim Guedala
Rua Marassa,São Paulo,180,3,4,5,1800000,False,Jardim Campo Grande
,São Paulo,828,5,7,12,6000000,False,Jardim Guedala
Alameda Itu,São Paulo,250,3,3,1,2995000,False,Jardim Paulista
,São Paulo,200,3,2,2,630000,False,Vila Morse
Rua Ministro Sinésio Rocha,São Paulo,150,4,3,2,1300000,False,Jardim Vera Cruz
Rua Mongóis,São Paulo,240,3,4,5,1290000,False,Vila Monumento
,São Paulo,1100,5,3,10,8400000,False,Jardim Everest
Avenida Professor Fonseca Rodrigues,São Paulo,473,4,6,4,7243185,False,Alto de Pinheiros
Avenida Professor Fonseca Rodrigues,São Paulo,560,4,6,4,8129860,False,Alto de Pinheiros
Avenida Professor Fonseca Rodrigues,São Paulo,499,4,5,4,6863720,False,Alto de Pinheiros
Rua Doutor João Neves Neto,São Paulo,750,5,8,8,7500000,False,Jardim Guedala
Rua José Yazigi,São Paulo,430,4,3,6,17000,True,Jardim Leonor
Rua Carlos Baptista de Magalhães,São Paulo,284,4,5,3,2200000,False,Jardim Prudência
Rua Rubi,São Paulo,395,4,4,3,8500,True,Aclimação
,São Paulo,178,3,1,3,690000,False,Vila Brasílio Machado
Rua Otávio Tarquínio de Sousa,São Paulo,160,3,3,2,4500,True,Campo Belo
Rua Tangará,São Paulo,128,2,2,1,848000,False,Vila Mariana
Rua Suécia,São Paulo,700,6,6,8,10900000,False,Jardim Europa
Rua Paris,São Paulo,125,2,2,2,890000,False,Sumaré
,São Paulo,377,3,5,3,4100000,False,Alto de Pinheiros
Rua Engenheiro Prudente,São Paulo,320,4,5,3,995000,False,Vila Monumento
Rua Saturno,São Paulo,162,3,3,2,1500000,False,Aclimação
Rua Potenji,São Paulo,280,3,2,2,1950000,False,Vila Mariana
Rua do Ceuta,São Paulo,480,4,1,6,5500000,False,Jardim Luzitânia
Rua Sebastião Cabot,São Paulo,969,4,4,8,18000000,False,Jardim Guedala
Rua Muniz de Sousa,São Paulo,290,3,3,5,3200000,False,Aclimação
Rua Fonseca Galvão,São Paulo,178,3,2,2,900000,False,Jardim da Glória
Avenida Lins de Vasconcelos,São Paulo,400,7,5,2,3200000,False,Vila Mariana
,São Paulo,313,3,3,4,1800000,False,Santo Amaro
Rua Backer,São Paulo,200,3,3,2,1280000,False,Cambuci
Rua Urumis,São Paulo,296,3,4,7,1000000,False,Jardim Textil
Rua Marco Aurélio,São Paulo,120,3,2,2,870000,False,Vila Romana
Rua Los Angeles,São Paulo,175,3,3,2,1380000,False,Cidade Monções
Rua Itápolis,São Paulo,350,3,1,5,2600000,False,Pacaembu
Praça José Vicente Nóbrega,São Paulo,128,3,1,2,700000,False,Cambuci
,São Paulo,580,3,4,3,9000000,False,Jardim Europa
Rua Mário Gonçalves de Oliveira,São Paulo,380,5,7,4,1300000,False,Fazenda Morumbi
Rua Martim Peres,São Paulo,342,3,3,6,4500,True,Bosque da Saúde
,São Paulo,359,3,4,5,3800000,False,Alto de Pinheiros
Rua Doutor Artur Orlando Silva,São Paulo,400,3,6,6,3890000,False,Chácara das Paineiras
Rua Barão do Bananal,São Paulo,84,3,3,1,1160000,False,Vila Pompéia
Rua Sargento Gilberto Marcondes Machado,São Paulo,850,5,6,6,5000000,False,Paineiras do Morumbi
Rua São João Del Rei,São Paulo,140,3,1,2,900000,False,Jardim da Glória
Rua Campo Largo,São Paulo,259,2,1,5,950000,False,Vila Bertioga
Rua Olímpio de Campos,São Paulo,260,4,3,2,800000,False,Jardim Vila Formosa
Rua Comandante Ismael Guilherme,São Paulo,500,3,3,3,12720000,False,Jardim Luzitânia
,São Paulo,220,3,2,3,1290000,False,Vila Romana
Travessa Saveiros de Maroim,São Paulo,80,2,2,4,2000,True,Vila Constança
Rua Guaianaz da Fonseca,São Paulo,140,2,2,1,1280000,False,Vila Madalena
Rua Almirante de Inhaúma,São Paulo,255,3,7,4,1750000,False,Alto da Lapa
Rua Doutor Albino Rodrigues de Alvarenga,São Paulo,180,3,1,2,460000,False,Vila Universitária
,São Paulo,702,3,5,6,5500000,False,Jardim Guedala
Rua Marassa,São Paulo,180,3,4,5,1800000,False,Jardim Campo Grande
,São Paulo,828,5,7,12,6000000,False,Jardim Guedala
Alameda Itu,São Paulo,250,3,3,1,2995000,False,Jardim Paulista
,São Paulo,200,3,2,2,630000,False,Vila Morse
Rua Ministro Sinésio Rocha,São Paulo,150,4,3,2,1300000,False,Jardim Vera Cruz
Rua Mongóis,São Paulo,240,3,4,5,1290000,False,Vila Monumento
,São Paulo,1100,5,3,10,8400000,False,Jardim Everest
Avenida Professor Fonseca Rodrigues,São Paulo,473,4,6,4,7243185,False,Alto de Pinheiros
Avenida Professor Fonseca Rodrigues,São Paulo,560,4,6,4,8129860,False,Alto de Pinheiros
Avenida Professor Fonseca Rodrigues,São Paulo,499,4,5,4,6863720,False,Alto de Pinheiros
Rua Doutor João Neves Neto,São Paulo,750,5,8,8,7500000,False,Jardim Guedala
Rua Gama Lobo,São Paulo,80,2,2,2,950000,False,Vila Dom Pedro I
,São Paulo,230,3,1,2,1690000,False,Vila Anglo Brasileira
Rua Visconde de Aguiar Toledo,São Paulo,295,5,6,5,2500000,False,Vila Congonhas
Rua Silvino de Oliveira Pinto,São Paulo,600,4,6,6,2500000,False,Jardim Santa Helena
,São Paulo,500,4,7,3,4000000,False,Jardim Vitória Régia
Rua Xavier Curado,São Paulo,135,3,3,3,1100000,False,Ipiranga
Rua Maranduba,São Paulo,180,3,2,6,1850000,False,Aclimação
,São Paulo,900,4,8,6,14000000,False,Jardim América
,São Paulo,500,4,5,6,8000000,False,Jardim América
,São Paulo,268,4,4,5,1690000,False,Jardim Leonor
Rua Mesquita,São Paulo,250,3,5,4,1440000,False,Vila Deodoro
Rua Mantiqueira,São Paulo,180,4,3,2,1500000,False,Vila Mariana
,São Paulo,250,3,2,2,6900,True,Pacaembu
,São Paulo,300,3,5,3,2450000,False,Jardim Viana
Rua Caropá,São Paulo,320,3,5,3,1980000,False,Vila Madalena
Rua Maestro Chiaffarelli,São Paulo,347,3,5,5,20000,True,Jardim Paulista
,São Paulo,675,4,6,6,6900000,False,Jardim Guedala
,São Paulo,430,4,3,4,2500000,False,Morumbi
,São Paulo,700,5,8,6,14500000,False,Jardim América
,São Paulo,350,4,4,4,6000000,False,Jardim Luzitânia
Rua Mantiqueira,São Paulo,180,4,3,2,1500000,False,Vila Mariana
,São Paulo,250,3,2,2,6900,True,Pacaembu
,São Paulo,300,3,5,3,2450000,False,Jardim Viana
Rua Caropá,São Paulo,320,3,5,3,1980000,False,Vila Madalena
Rua Maestro Chiaffarelli,São Paulo,347,3,5,5,20000,True,Jardim Paulista
,São Paulo,675,4,6,6,6900000,False,Jardim Guedala
,São Paulo,430,4,3,4,2500000,False,Morumbi
,São Paulo,700,5,8,6,14500000,False,Jardim América
,São Paulo,350,4,4,4,6000000,False,Jardim Luzitânia
,São Paulo,259,3,4,2,1500000,False,Vila Sônia
,São Paulo,567,4,6,6,3300000,False,Cidade Jardim
,São Paulo,80,3,2,2,445200,False,Vila Bertioga
Rua Itápolis,São Paulo,550,4,2,5,2600000,False,Pacaembu
Rua Augusto Perroni,São Paulo,170,2,5,3,750000,False,Conjunto Residencial Butantã
Rua Gama Cerqueira,São Paulo,169,3,3,3,1250000,False,Cambuci
,São Paulo,400,3,3,5,5300000,False,Jardim América
Rua Arnaldo Vallardi Portilho,São Paulo,320,2,2,6,980000,False,Penha de França
Rua Coronel Artur Godoi,São Paulo,240,3,3,3,4500000,False,Vila Mariana
Rua Pio XI,São Paulo,100,3,2,1,1180000,False,Alto de Pinheiros
,São Paulo,330,4,4,4,6500000,False,Jardim Europa
Rua Heitor Peixoto,São Paulo,100,3,4,2,850000,False,Cambuci
,São Paulo,90,2,2,2,460000,False,Vila Antônio
Rua Joaquim Nabuco,São Paulo,520,4,4,3,2800000,False,Brooklin Paulista
,São Paulo,397,4,5,4,3600000,False,Alto de Pinheiros
Rua Tenente Antônio João,São Paulo,250,3,2,3,742000,False,Brás
,São Paulo,250,3,5,3,3200000,False,Consolação
Rua Caritianas,São Paulo,183,3,4,3,1190000,False,Vila Monumento
,São Paulo,280,4,4,2,3200000,False,Sumaré
Rua Honduras,São Paulo,802,5,6,8,12000000,False,Jardim Paulista
Avenida Miruna,São Paulo,96,3,2,2,700000,False,Indianópolis
,São Paulo,612,4,3,3,20640000,False,Jardim Paulista
Rua Michigan,São Paulo,112,3,4,2,1200000,False,Cidade Monções
Rua Safira,São Paulo,220,3,4,2,1600000,False,Aclimação
Rua Descalvado,São Paulo,400,4,1,4,2400000,False,Sumaré
Rua Pianú,São Paulo,527,5,3,8,2970000,False,Vila Ida
Rua Rino Levi,São Paulo,363,4,6,3,12000,True,Jardim da Glória
,São Paulo,240,2,3,3,6000000,False,Jardim Europa
Rua São José,São Paulo,240,2,2,6,2980000,False,Santo Amaro
,São Paulo,470,4,4,4,2500000,False,Jardim Marajoara
,São Paulo,135,3,3,2,1100000,False,Santo Amaro
,São Paulo,263,3,4,6,1500000,False,Chácara Meyer
,São Paulo,219,4,3,2,1350000,False,Vila Paulicéia
Rua Lotário Lutz,São Paulo,412,3,3,8,1990000,False,Chácara Monte Alegre
Rua Morais e Silva,São Paulo,169,3,5,2,1099000,False,Água Branca
,São Paulo,421,3,4,5,4500000,False,Cidade Jardim
Rua Lomas Valentinas,São Paulo,99,2,2,2,800000,False,Alto da Lapa
Rua Antônio de Gouveia Giudice,São Paulo,361,4,4,4,3500000,False,Alto de Pinheiros
Rua Scuvero,São Paulo,100,3,2,3,750000,False,Cambuci
Avenida Antônio Batuira,São Paulo,461,4,5,7,2650000,False,Alto de Pinheiros
Avenida Ireré,São Paulo,360,5,6,6,3000000,False,Planalto Paulista
,São Paulo,200,4,3,4,1200000,False,Lar São Paulo
,São Paulo,450,4,4,4,10000,True,Jardim Leonor
,São Paulo,270,3,4,2,770000,False,Vila Morse
Travessa Fonte Perene,São Paulo,160,3,2,2,600000,False,Vila do Encontro
Rua Padre Marchetti,São Paulo,145,2,3,2,550000,False,Ipiranga
,São Paulo,650,5,6,8,20000000,False,Jardim América
,São Paulo,820,4,6,8,45000,True,Cidade Jardim
Rua Engenheiro Pedro Garcin,São Paulo,160,3,3,3,650000,False,Vila Antônio
Rua Joaquim Cândido de Azevedo Marques,São Paulo,1100,5,7,8,30000000,False,Vila Morumbi
Rua Emboabas,São Paulo,335,4,5,4,2350000,False,Brooklin Paulista
,São Paulo,228,4,4,6,800000,False,Rio Pequeno
Rua Pitinga,São Paulo,330,3,1,5,1810000,False,Vila Lúcia
Rua Professor Gabriel Ortiz,São Paulo,542,4,8,6,2250000,False,Jardim Guedala
,São Paulo,100,3,3,1,1350000,False,Pinheiros
Rua dos Macaxás,São Paulo,137,3,4,6,790000,False,Vila Nair
Rua Cláudio Rossi,São Paulo,490,6,6,7,2800000,False,Jardim da Glória
Rua Dona Inácia Uchôa,São Paulo,154,3,3,2,900000,False,Vila Mariana
,São Paulo,280,3,3,4,4700000,False,Jardim Europa
,São Paulo,817,4,4,7,4900000,False,Jardim Guedala
Rua Aurelia Perez Alvarez,São Paulo,742,5,7,6,25000,True,Jardim dos Estados
,São Paulo,350,3,5,5,5450000,False,Jardim Paulistano
Rua Gama Lobo,São Paulo,198,5,2,1,640000,False,Vila Dom Pedro I
,São Paulo,98,2,1,2,550000,False,Vila São Silvestre
,São Paulo,105,3,2,2,1000000,False,Chácara Santo Antônio
Rua Palestra Itália,São Paulo,200,3,3,1,1000000,False,Perdizes
,São Paulo,550,4,6,3,4800000,False,Jardim Leonor
Rua General Eloy Alfaro,São Paulo,120,2,2,2,850000,False,Vila Mariana
Rua Heitor Peixoto,São Paulo,280,4,4,2,2500000,False,Cambuci
,São Paulo,330,4,4,5,1900000,False,Mirandópolis
Rua Antônio de Macedo Soares,São Paulo,130,3,1,2,5000,True,Campo Belo
Rua Juvenal Galeno,São Paulo,220,3,3,3,1068000,False,Jardim da Saúde
Rua Oliveira Pimentel,São Paulo,372,3,6,4,25000,True,Jardim Paulista
,São Paulo,740,5,8,5,9800000,False,Jardim Paulistano
Rua Heitor Peixoto,São Paulo,200,3,1,2,1200000,False,Cambuci
Rua Juatuba,São Paulo,413,3,5,2,2950000,False,Sumarezinho
,São Paulo,450,4,6,4,10000,True,Cidade Monções
Rua Casa do Ator,São Paulo,210,3,1,2,2500000,False,Vila Olímpia
Rua Alberto Faria,São Paulo,523,5,1,6,6890000,False,Alto de Pinheiros
,São Paulo,296,3,4,5,8000,True,Vila Morumbi
Rua Senador Carlos Teixeira de Carvalho,São Paulo,220,3,3,1,1600000,False,Cambuci
,São Paulo,245,4,4,6,3100000,False,Alto de Pinheiros
Alameda Uapixana,São Paulo,350,4,4,3,2500000,False,Indianópolis
Rua Laerte Assunção,São Paulo,276,3,6,5,25000,True,Jardim Paulistano
Avenida Ireré,São Paulo,356,3,4,4,2200000,False,Planalto Paulista
,São Paulo,350,3,6,4,7000,True,Jardim Santa Helena
,São Paulo,240,2,3,3,6000000,False,Jardim Europa
Rua São José,São Paulo,240,2,2,6,2980000,False,Santo Amaro
,São Paulo,470,4,4,4,2500000,False,Jardim Marajoara
,São Paulo,135,3,3,2,1100000,False,Santo Amaro
,São Paulo,263,3,4,6,1500000,False,Chácara Meyer
,São Paulo,219,4,3,2,1350000,False,Vila Paulicéia
Rua Lotário Lutz,São Paulo,412,3,3,8,1990000,False,Chácara Monte Alegre
Rua Morais e Silva,São Paulo,169,3,5,2,1099000,False,Água Branca
,São Paulo,421,3,4,5,4500000,False,Cidade Jardim
Rua Lomas Valentinas,São Paulo,99,2,2,2,800000,False,Alto da Lapa
Rua Antônio de Gouveia Giudice,São Paulo,361,4,4,4,3500000,False,Alto de Pinheiros
Rua Scuvero,São Paulo,100,3,2,3,750000,False,Cambuci
Avenida Antônio Batuira,São Paulo,461,4,5,7,2650000,False,Alto de Pinheiros
Rua Guihei Vatanabe,São Paulo,70,3,2,2,650000,False,Vila Progredior
Rua Professor Murtinho,São Paulo,225,4,4,2,2450000,False,Vila Mariana
Rua dos Caciques,São Paulo,220,3,5,4,1050000,False,Vila da Saúde
Rua Guajurus,São Paulo,239,3,3,2,1790000,False,Jardim São Paulo
Rua Capote Valente,São Paulo,136,3,3,3,2200000,False,Pinheiros
Rua Carpina,São Paulo,935,6,6,12,2500000,False,Jardim Everest
Rua Groenlândia,São Paulo,500,2,4,16,35000,True,Jardim América
Rua Meruoca,São Paulo,156,3,2,2,800000,False,Jardim da Glória
Rua Coronel Irlandino Sandoval,São Paulo,700,4,3,2,30000,True,Jardim Paulistano
Rua das Zínias,São Paulo,448,4,5,6,26000,True,Cidade Jardim
Rua Comandante Ismael Guilherme,São Paulo,600,3,5,4,12000000,False,Jardim Luzitânia
,São Paulo,155,3,2,4,1200000,False,Santo Amaro
Praça Visconde de Porto Seguro,São Paulo,631,5,8,4,3700000,False,Jardim Leonor
,São Paulo,370,3,5,5,2500000,False,Jardim Leonor
Rua Luiz Menezes,São Paulo,130,3,3,2,410000,False,Parque Ramos Freitas
Rua Panônia,São Paulo,137,3,3,2,750000,False,Jardim Colombo
Rua Guanabara,São Paulo,120,2,1,2,650000,False,Vila Brasílio Machado
Rua Manduri,São Paulo,450,6,4,6,4500000,False,Jardim Paulistano
Rua Colônia da Glória,São Paulo,185,3,3,2,750000,False,Vila Mariana
Rua Brás Lourenço,São Paulo,208,5,1,4,790000,False,Vila Mariana
Rua Javaés,São Paulo,334,3,2,2,1500000,False,Bom Retiro
Rua Giovanni Carnovali,São Paulo,123,4,2,2,500000,False,Vila Caraguatá
Rua Iraúna,São Paulo,270,4,5,2,2900000,False,Indianópolis
,São Paulo,580,4,1,4,3500000,False,Jardim Guedala
,São Paulo,700,3,6,4,12500000,False,Jardim Europa
,São Paulo,373,3,4,4,2350000,False,Jardim Leonor
Rua Coronel Irlandino Sandoval,São Paulo,390,4,5,5,4500000,False,Jardim Paulistano
Rua Armando Pinto,São Paulo,180,3,2,6,1470000,False,Sumarezinho
Avenida Professor Fonseca Rodrigues,São Paulo,593,4,7,4,8067520,False,Alto de Pinheiros
Rua Alto do Bonfim,São Paulo,128,3,3,3,685000,False,Conjunto Residencial Jardim Canaã
,São Paulo,260,3,4,4,650000,False,Jardim Taboão
Rua Albertina de Oliveira Godinho,São Paulo,900,4,7,10,4000000,False,Jardim Guedala
Travessa Roberto Douglas Machado,São Paulo,170,2,2,2,3300000,False,Jardim Paulistano
,São Paulo,240,2,2,2,730000,False,Vila Jacuí
Rua Catipara,São Paulo,250,3,5,4,1390000,False,Brooklin Paulista
Rua Banabuiú,São Paulo,200,3,3,6,950000,False,Vila Comercial
Rua Dom Antônio de Alvarenga,São Paulo,100,2,2,1,750000,False,Vila Gumercindo
Rua Azevedo e Britto,São Paulo,129,2,2,2,750000,False,Vila Formosa
Alameda dos Araés,São Paulo,247,4,6,4,1730000,False,Planalto Paulista
Rua Mongubá,São Paulo,94,3,2,2,466000,False,Vila Carrão
Rua dos Caetés,São Paulo,200,4,3,2,1700000,False,Perdizes
Rua Capitão Macedo,São Paulo,258,4,4,5,2200000,False,Vila Clementino
Avenida Ricardo Medina Filho,São Paulo,352,4,7,7,1595000,False,Vila Ipojuca
Rua Honduras,São Paulo,900,4,5,10,25000,True,Jardim Paulista
Rua Grécia,São Paulo,280,4,6,4,4770000,False,Jardim Europa
Rua Arantes Nogueira,São Paulo,200,2,2,3,741000,False,Jabaquara
Rua Simpatia,São Paulo,350,4,2,3,3149000,False,Jardim das Bandeiras
Rua Henrique Martins,São Paulo,472,3,5,4,16500000,False,Jardim Paulista
Rua João Vidal de Siqueira,São Paulo,140,3,2,2,510000,False,Jardim Teresa
,São Paulo,181,3,3,2,770000,False,Parque Mandaqui
,São Paulo,400,3,3,5,2332000,False,Morumbi
,São Paulo,125,3,2,3,690000,False,Capão Redondo
,São Paulo,111,3,3,2,600000,False,Vila Alexandria
Rua Alice Macuco Alves,São Paulo,300,3,6,15,3500000,False,Alto de Pinheiros
Rua Cristiano Viana,São Paulo,120,3,1,1,1300000,False,Cerqueira César
Rua Ingarana,São Paulo,375,3,2,5,725000,False,Jardim Panorama
,São Paulo,255,4,3,3,989000,False,Super Quadra Morumbi
Avenida Miruna,São Paulo,185,2,4,3,1890000,False,Indianópolis
Rua Gregório Paes de Almeida,São Paulo,292,3,2,2,2500000,False,Vila Madalena
Rua Cristóvão Alves,São Paulo,180,3,2,3,849000,False,Vila Santana
Rua Félix Della Rosa,São Paulo,190,3,2,2,1500000,False,Vila Anglo Brasileira
,São Paulo,750,4,5,4,7300000,False,Santo Amaro
Rua Savigni,São Paulo,106,3,2,2,550000,False,Vila Bela
Rua Alberto Willo,São Paulo,300,4,4,3,2250000,False,Vila da Saúde
,São Paulo,1100,6,7,6,14000000,False,Jardim Paulista
Rua Araporé,São Paulo,398,3,6,4,2950000,False,Jardim Guedala
Rua Professor Rocca Dordal,São Paulo,320,2,1,2,2240000,False,Vila Pompéia
Rua Ribeiro do Vale,São Paulo,220,3,3,3,1800000,False,Brooklin
,São Paulo,550,5,5,4,20000,True,Cidade Jardim
,São Paulo,455,3,3,4,2400000,False,Morumbi
Rua Marquês de Herval,São Paulo,90,2,2,1,530000,False,Vila da Saúde
Rua Conde D'Eu,São Paulo,312,4,3,3,1700000,False,Santo Amaro
,São Paulo,380,3,5,4,4000000,False,Cidade Jardim
,São Paulo,704,4,7,4,6000000,False,Cidade Jardim
,São Paulo,330,4,4,3,3500000,False,Pacaembu
Rua Alexandre Buairide,São Paulo,270,4,5,3,1600000,False,Vila Mariana
Rua Nova Aurora,São Paulo,439,5,7,5,1500000,False,Vila Guilhermina
,São Paulo,340,4,4,6,1395000,False,Lar São Paulo
,São Paulo,659,5,2,6,2800000,False,Jardim Guedala
,São Paulo,490,5,6,10,2970000,False,Vila Ida
,São Paulo,600,3,5,4,2000000,False,Brooklin Paulista
,São Paulo,60,2,3,1,298000,False,Vila Ré
,São Paulo,300,4,6,4,1950000,False,Parque Jabaquara
Rua Dráusio,São Paulo,277,4,5,3,1650000,False,Butantã
Rua Ribeiro Lisboa,São Paulo,404,3,4,6,3800000,False,Fazenda Morumbi
Rua Valença,São Paulo,280,4,7,3,2600000,False,Sumaré
Rua Bamboré,São Paulo,400,3,4,6,7000,True,Ipiranga
Rua João de Laet,São Paulo,1080,5,5,10,2600000,False,Vila Aurora
Rua Cinco de Julho,São Paulo,88,3,3,3,750000,False,Vila Nair
Rua Topázio,São Paulo,160,3,6,6,1550000,False,Vila Mariana
Rua Frei Bonifácio Dux,São Paulo,232,3,3,4,890000,False,Jardim Colombo
Rua Desembargador Joaquim Barbosa de Almeida,São Paulo,391,4,5,5,13000,True,Alto de Pinheiros
Rua Moura Brasil,São Paulo,300,3,3,4,1600000,False,Butantã
,São Paulo,438,4,7,5,2600000,False,Pacaembu
Avenida Doutor Orêncio Vidigal,São Paulo,198,3,3,2,560000,False,Vila Carlos de Campos
Rua Canuto Borelli,São Paulo,2850,3,3,10,4000000,False,Vila Castelo
Rua Mendes Pais,São Paulo,230,4,1,2,3300000,False,Vila Nova Conceição
,São Paulo,360,3,5,3,3990000,False,Jardim Paulista
,São Paulo,453,3,5,4,2400000,False,Vila Ida
Rua Calil Abutara,São Paulo,250,6,2,1,549000,False,Campo Grande
,São Paulo,250,4,4,2,1300000,False,Jardim Londrina
,São Paulo,500,4,2,3,4950000,False,Sumaré
,São Paulo,550,4,8,2,2650000,False,Jardim Cordeiro
Rua Simão Dias da Fonseca,São Paulo,176,3,1,2,1500000,False,Cambuci
Rua Vigário João Álvares,São Paulo,92,3,3,2,585000,False,Vila Monumento
Rua das Jabuticabeiras,São Paulo,776,4,4,4,17000,True,Cidade Jardim
Rua Dom Tomás Costa e Lima,São Paulo,388,3,6,8,4900000,False,Vila Tramontano
,São Paulo,302,4,5,4,1900000,False,Vila Sônia
Rua Montezuma,São Paulo,300,4,5,4,4800000,False,Jardim das Bandeiras
Rua Sampaio Vidal,São Paulo,195,3,4,6,5500000,False,Jardim Paulistano
Rua San Salvador,São Paulo,664,6,5,5,12990000,False,Jardim América
Rua Alvarenga Peixoto,São Paulo,200,4,4,5,1010000,False,Vila Anastácio
Rua Anunze,São Paulo,410,3,5,4,4300000,False,Boaçava
,São Paulo,101,2,2,5,640000,False,Mooca
Rua das Mimosas,São Paulo,290,3,1,5,990000,False,Vila Lúcia
,São Paulo,271,4,5,4,1950000,False,Jardim da Glória
,São Paulo,416,4,4,3,7000,True,Brooklin Paulista
,São Paulo,950,5,11,18,14600000,False,Retiro Morumbi
,São Paulo,430,3,4,4,8900000,False,Jardim América
,São Paulo,300,3,2,2,320000,False,Jardim Brasília
Rua Morgado de Mateus,São Paulo,300,4,3,2,2260000,False,Vila Mariana
Rua Oliveira Melo,São Paulo,190,3,1,1,895000,False,Vila São José
,São Paulo,800,4,6,9,30000,True,Retiro Morumbi
,São Paulo,700,4,6,6,7300000,False,Jardim Guedala
,São Paulo,554,4,2,3,2500000,False,Jardim Leonor
,São Paulo,709,4,6,6,12500000,False,Jardim das Bandeiras
Alameda dos Uapês,São Paulo,300,3,2,2,2100000,False,Planalto Paulista
Rua Basílio da Cunha,São Paulo,120,2,2,1,595000,False,Vila Deodoro
,São Paulo,380,3,5,4,4000000,False,Cidade Jardim
,São Paulo,704,4,7,4,6000000,False,Cidade Jardim
,São Paulo,330,4,4,3,3500000,False,Pacaembu
Rua Alexandre Buairide,São Paulo,270,4,5,3,1600000,False,Vila Mariana
Rua Nova Aurora,São Paulo,439,5,7,5,1500000,False,Vila Guilhermina
,São Paulo,340,4,4,6,1395000,False,Lar São Paulo
,São Paulo,659,5,2,6,2800000,False,Jardim Guedala
,São Paulo,490,5,6,10,2970000,False,Vila Ida
,São Paulo,600,3,5,4,2000000,False,Brooklin Paulista
,São Paulo,60,2,3,1,298000,False,Vila Ré
,São Paulo,300,4,6,4,1950000,False,Parque Jabaquara
Rua Dráusio,São Paulo,277,4,5,3,1650000,False,Butantã
Rua Ribeiro Lisboa,São Paulo,404,3,4,6,3800000,False,Fazenda Morumbi
Rua Valença,São Paulo,280,4,7,3,2600000,False,Sumaré
Rua Bamboré,São Paulo,400,3,4,6,7000,True,Ipiranga
Rua João de Laet,São Paulo,1080,5,5,10,2600000,False,Vila Aurora
,São Paulo,455,6,6,12,2800000,False,Parque Novo Mundo
,São Paulo,1005,4,8,8,6500000,False,Paineiras do Morumbi
,São Paulo,500,4,4,4,3500000,False,Jardim Guedala
,São Paulo,268,4,5,4,1200000,False,Jardim Londrina
Rua Santa Bibiana,São Paulo,250,3,4,6,1100000,False,Vila Sônia
Rua José Guilherme Guimarães Pedroso,São Paulo,220,3,4,8,590000,False,Vila Campo Grande
Rua Maria Leonete da Silva Nóbrega,São Paulo,234,3,4,4,2498000,False,Vila Ida
Rua Aurélia,São Paulo,90,2,1,1,680000,False,Vila Romana
,São Paulo,231,3,4,3,1490000,False,Vila Mafra
,São Paulo,120,2,2,3,1350000,False,Jardim das Acácias
Rua José Maria Gonzales,São Paulo,195,3,6,5,1200000,False,Jardim Cidália
Rua Heitor Peixoto,São Paulo,220,3,4,1,1000000,False,Cambuci
,São Paulo,287,4,4,4,1100000,False,Interlagos
Rua Dom Henrique,São Paulo,394,4,6,3,14000,True,Jardim Luzitânia
,São Paulo,266,4,5,3,945000,False,Jardim Taboão
Rua Primavera,São Paulo,380,3,3,2,3200000,False,Jardim Paulista
Rua Pereira Caldas,São Paulo,218,3,1,2,850000,False,Jardim da Glória
Rua Sampaio Vidal,São Paulo,244,2,4,2,5800000,False,Jardim Paulistano
Rua Corveta Camacua,São Paulo,360,4,5,6,1200000,False,Vila Inah
Rua Padre Agostinho Mendicute,São Paulo,130,2,2,1,980000,False,Sumaré
,São Paulo,298,3,5,4,3700000,False,Jardim Paulista
Rua Pau,Brasil,500,4,4,6,3900000,False,
,São Paulo,802,5,8,5,7500000,False,Cidade Jardim
Rua Alabastro,São Paulo,160,3,2,3,1000000,False,Aclimação
,São Paulo,80,3,2,1,180000,False,Vila Cardoso Franco
Rua Heitor de Morais,São Paulo,500,4,4,10,2100000,False,Pacaembu
,São Paulo,350,4,4,3,2450000,False,Jardim Panorama
Rua Parnaíba Paoliello,São Paulo,175,5,3,2,600000,False,Jardim Oriental
Rua Marcelino Champagnat,São Paulo,237,4,4,3,1650000,False,Jardim da Glória
Rua Sebastião Falconi,São Paulo,162,3,3,2,550000,False,Jardim Taboao
Rua Manuel Pereira Guimarães,São Paulo,203,3,4,2,1600000,False,Granja Julieta
,São Paulo,706,5,9,10,5800000,False,Jardim Guedala
,São Paulo,112,3,3,2,7500,True,Vila Nova Conceição
Rua Guararapes,São Paulo,180,3,3,3,1500001,False,Brooklin Paulista
Rua Geórgia,São Paulo,160,3,4,4,1700000,False,Brooklin Paulista
Rua Embaixador Raul García,São Paulo,89,3,3,2,1200000,False,Vila Mariana
Rua Barajuba,São Paulo,420,4,4,4,5500000,False,Alto de Pinheiros
,São Paulo,175,4,3,3,1499000,False,Jardim Campo Grande
,São Paulo,168,3,4,4,1450000,False,Santo Amaro
Avenida Comendador Adibo Ares,São Paulo,900,3,6,8,7700000,False,Morumbi
,São Paulo,144,2,2,3,580000,False,Vila Bertioga
Rua Catanduva,São Paulo,230,3,4,5,2900000,False,Pacaembu
Rua Gassipós,São Paulo,165,3,3,2,2140000,False,Vila Mariana
Rua Simão Dias da Fonseca,São Paulo,180,2,3,2,930000,False,Cambuci
Rua Doutor Octávio de Oliveira Santos,São Paulo,190,4,4,3,1300000,False,Brooklin
Rua Senador Felício dos Santos,São Paulo,600,3,1,4,2000000,False,Liberdade
,São Paulo,350,4,1,3,1600000,False,Jardim Textil
Rua Porto Torres,São Paulo,600,4,7,10,3700000,False,Interlagos
,São Paulo,420,3,4,6,8900000,False,Jardim América
Rua João Geraldo,São Paulo,115,3,2,2,480012,False,Vila Matilde
Rua Suécia,São Paulo,872,4,7,7,18000000,False,Jardim Europa
Avenida Piassanguaba,São Paulo,275,4,4,6,5000,True,Planalto Paulista
Rua Bela Vista,São Paulo,200,2,1,4,1650000,False,Santo Amaro
Rua Tenente Azevedo,São Paulo,128,3,3,2,950000,False,Aclimação
Rua Roque Petrella,São Paulo,160,3,3,1,850000,False,Vila Cordeiro
,São Paulo,500,3,5,6,6000000,False,Jardim Everest
Rua Cardeal Cagliori,São Paulo,400,4,5,4,3500000,False,Alto de Pinheiros
,São Paulo,760,5,8,9,7500000,False,Jardim Guedala
Rua Almirante Soares Dutra,São Paulo,450,5,7,4,2150000,False,Morumbi
Rua Luís Araújo Faria,São Paulo,150,3,1,3,640000,False,Jardim Monte Kemel
Rua Gibraltar,São Paulo,120,2,1,1,579000,False,Santo Amaro
Rua Itaquera,São Paulo,400,6,7,4,2800000,False,Pacaembu
Rua Choneco,São Paulo,210,3,1,4,840000,False,Vila Ré
Rua São Luís,São Paulo,90,3,3,2,750000,False,Guaianases
,São Paulo,350,4,3,4,2450000,False,Jardim Morumbi
Rua Honduras,São Paulo,917,5,8,10,17500000,False,Jardim Paulista
Rua Puréus,São Paulo,650,4,6,6,6300000,False,Jardim Guedala
Rua Araioses,São Paulo,179,3,4,4,1590000,False,Sumarezinho
Rua Ferdinando Laboriau,São Paulo,420,4,4,6,3480000,False,Pacaembu
Rua Doutor José Maria do Vale,São Paulo,260,3,4,3,1900000,False,Vila Mariana
Rua Antônio Gomes Correa,São Paulo,206,3,3,2,510000,False,Jardim Catanduva
Rua Fonseca da Costa,São Paulo,271,4,4,8,2500000,False,Bosque da Saúde
,São Paulo,650,4,6,6,4800000,False,Cidade Jardim
Rua Ernesto Fogo,São Paulo,160,3,2,2,480000,False,Jardim Colorado
Rua Izonzo,São Paulo,200,3,2,2,650000,False,Sacomã
Alameda Uapixana,São Paulo,138,4,3,3,1250000,False,Indianópolis
,São Paulo,140,3,2,2,700000,False,Vila Mazzei
Rua Bandim,São Paulo,520,4,6,7,4200000,False,Boaçava
,São Paulo,300,4,4,5,2650000,False,Alto da Lapa
Rua Itatiaia,São Paulo,265,3,4,2,4000,True,Vila Guarani
Rua Doutor Nelson Cayres de Britto,São Paulo,210,3,2,2,700000,False,Vila Tiradentes
,São Paulo,130,3,2,1,1200000,False,Chácara Santo Antônio
Rua José de Freitas Guimarães,São Paulo,400,3,4,4,2150000,False,Pacaembu
,São Paulo,650,4,5,6,9000000,False,Boaçava
Rua dos Miranhas,São Paulo,250,5,4,3,2650000,False,Vila Madalena
,São Paulo,633,4,5,8,10000,True,Jardim Leonor
Avenida Lins de Vasconcelos,São Paulo,198,3,2,6,950000,False,Cambuci
,São Paulo,250,3,3,3,3500000,False,Vila Nova Conceição
Rua Baré,São Paulo,450,3,3,3,3800000,False,Vila Romana
Rua Aldo Samarão Guimarães Filho,São Paulo,310,4,3,7,740000,False,Jardim Esmeralda
Rua das Tuias,São Paulo,746,5,5,3,4600000,False,Cidade Jardim
,São Paulo,480,4,4,4,3250000,False,Alto de Pinheiros
Rua Frederico Von Martius,São Paulo,299,3,5,2,1400000,False,Ipiranga
,São Paulo,318,3,5,4,1900000,False,Jardim Leonor
Rua Joazeiro,São Paulo,550,3,6,6,3600000,False,Sumaré
Rua Maestro Elias Lobo,São Paulo,224,3,3,2,3000000,False,Jardim Paulista
Rua Francisco Cioffi,São Paulo,329,4,6,4,1900000,False,Vila Bertioga
Rua Luís César Pannain,São Paulo,340,3,6,4,2700000,False,Alto da Lapa
Rua Guaones,São Paulo,600,4,7,6,5000000,False,Jardim Guedala
Avenida Valentim Gentil,São Paulo,500,5,5,5,22000,True,Butantã
,São Paulo,450,4,5,6,20000,True,Retiro Morumbi
Rua dos Viajantes,São Paulo,165,4,5,2,980000,False,Vila Monumento
,São Paulo,580,5,7,8,3000000,False,Caxingui
Rua Espírito Santo,São Paulo,200,3,4,6,1200000,False,Aclimação
Rua Doutor Luís Augusto de Queirós Aranha,São Paulo,147,3,3,2,1200000,False,Vila Madalena
Rua Caçador de Esmeraldas,São Paulo,165,2,2,2,840000,False,Vila São José
Rua Jaime Cortezão,São Paulo,636,6,5,4,4412000,False,Granja Julieta
Avenida Engenheiro Saraiva de Oliveira,São Paulo,200,4,4,3,4500,True,Jardim Taboão
,São Paulo,679,4,5,4,3500000,False,Jardim Everest
Rua Dom Luís Felipe de Orleans,São Paulo,100,2,2,1,499998,False,Vila Maria Baixa
Rua Teodoro Ramos,São Paulo,280,3,3,4,2850000,False,Pacaembu
Rua Horácio Bandieri,São Paulo,1050,5,10,6,7500000,False,Jardim Leonor
Alameda Campinas,São Paulo,173,2,2,2,3540000,False,Jardim Paulista
,São Paulo,240,3,4,2,2250000,False,Brooklin Paulista
Rua Princesa Isabel,São Paulo,80,2,2,2,850000,False,Campo Belo
Rua Joel Jorge de Melo,São Paulo,90,2,2,1,799000,False,Vila Mariana
,São Paulo,383,4,4,4,3500000,False,Vila Madalena
Praça Cruzador Bahia,São Paulo,300,4,5,4,1950000,False,Vila Inah
,São Paulo,150,2,3,2,12000,True,Sumaré
Rua Campo Verde,São Paulo,329,4,6,4,6500000,False,Jardim Europa
Travessa Doutor Ezequiel Antunes de Oliveira,São Paulo,170,3,5,3,2850000,False,Vila Nova Conceição
,São Paulo,188,3,5,5,950000,False,Vila Andrade
,São Paulo,140,3,2,3,800000,False,Jardim da Saúde
Rua João de Sousa Dias,São Paulo,100,3,3,1,1200000,False,Campo Belo
Rua Peixe Vivo,São Paulo,339,3,2,3,720000,False,Jardim Santa Helena
Rua Banibás,São Paulo,496,5,6,7,6800000,False,Alto de Pinheiros
Rua Majubim,São Paulo,118,3,4,2,1200000,False,Alto da Lapa
Avenida Morumbi,São Paulo,800,7,7,4,3500000,False,Morumbi
Rua Pedro Teixeira,São Paulo,130,3,2,1,1100000,False,Vila Olímpia
Rua Heitor Peixoto,São Paulo,220,3,4,1,1000000,False,Cambuci
,São Paulo,150,2,3,1,2500000,False,Vila Nova Conceição
Rua Honduras,São Paulo,1000,5,6,7,8000000,False,Jardim Paulista
Rua Comendador Elias Zarzur,São Paulo,500,4,10,50,3700000,False,Santo Amaro
Rua Winifred,São Paulo,147,3,3,2,1300000,False,Vila Carrão
Rua Espírito Santo,São Paulo,250,6,4,2,1940000,False,Aclimação
Rua Januário Miraglia,São Paulo,240,1,3,3,6000000,False,Vila Nova Conceição
Rua Corneteiro Jesus,São Paulo,170,3,5,2,1290000,False,Água Fria
Rua Doutor Jacques Tupinambá,São Paulo,103,3,2,2,390000,False,Vila Baby
,São Paulo,200,3,5,3,2500000,False,Pinheiros
,São Paulo,440,4,4,6,1980000,False,Santo Amaro
,São Paulo,359,4,5,4,3400000,False,Pacaembu
Rua Argentina,São Paulo,1100,5,6,8,30000000,False,Jardim América
Rua São Fortunato,São Paulo,320,3,3,2,1290000,False,Interlagos
,São Paulo,169,3,4,4,970000,False,Jardim Colombo
Rua Maria Curupaiti,São Paulo,109,3,2,1,800000,False,Vila Ester
Rua Pongada,São Paulo,410,4,6,4,15000,True,Jardim Panorama
,São Paulo,800,5,7,6,4000000,False,Jardim Guedala
Rua Próspero Cesarino Paoliello,São Paulo,130,2,2,2,640000,False,Conjunto Residencial Butantã
Rua dos Jequitibás,São Paulo,760,4,1,4,3500000,False,Jardim Oriental
Rua Doutor Olívio Uzeda Moreira,São Paulo,120,2,2,1,1900000,False,Alto da Lapa
,São Paulo,180,3,2,2,870000,False,Vila Mariana
Rua José Ricardo Athayde Marcondes,São Paulo,273,3,5,3,2500000,False,Vila Sônia
,São Paulo,496,4,1,4,3000000,False,Jardim Guedala
Rua Santos Dumont,São Paulo,567,5,9,4,3490000,False,Jardim Petrópolis
,São Paulo,184,3,4,4,1700000,False,Vila Cordeiro
Rua Jaguanambi,São Paulo,456,4,8,3,2590000,False,Cidade Jardim
Rua Albina Barbosa,São Paulo,240,4,4,3,1999900,False,Aclimação
Rua Silveira Sampaio,São Paulo,1000,5,7,4,6500000,False,Fazenda Morumbi
Rua Duílio Santo Suosso,São Paulo,180,4,5,6,1360000,False,Jardim Tenani
Rua Padre Manuel Luís de Vergueiro,São Paulo,220,3,2,4,500000,False,Vila Antonieta
Rua Laiana,São Paulo,360,3,7,6,5500000,False,Alto de Pinheiros
Rua Joazeiro,São Paulo,550,3,7,6,3600000,False,Sumaré
Rua Godói Preto,São Paulo,180,5,3,5,1600000,False,Brás
Rua Xerentes,São Paulo,160,3,1,1,1590000,False,Pompeia
,São Paulo,180,4,3,5,3500,True,Saúde
Rua João Batista Leme da Silva,São Paulo,174,4,4,2,1219000,False,Vila Madalena
,São Paulo,890,3,4,8,65000,True,Jardim América
Rua Santo Eufredo,São Paulo,763,4,5,5,5400000,False,Jardim Guedala
,São Paulo,120,2,2,2,650000,False,Vila Nair
,São Paulo,169,3,4,2,1250000,False,Vila Cordeiro
Rua Tomé Portes,São Paulo,650,4,5,6,10000,True,Brooklin Paulista
,São Paulo,260,3,3,3,1500000,False,Vila Progredior
Rua Marie Nader Calfat,São Paulo,20,3,2,2,800000,False,Jardim Ampliação
Rua Blumenau,São Paulo,125,3,4,2,695000,False,Vila Leopoldina
,São Paulo,189,4,5,3,799000,False,Jardim Monte Kemel
Avenida Parada Pinto,São Paulo,280,3,3,6,4000,True,Vila Nova Cachoeirinha
,São Paulo,260,3,3,3,720000,False,Quinta da Paineira
Rua Caropá,São Paulo,217,4,5,4,1800000,False,Vila Madalena
Rua Plínio Salgado,São Paulo,151,2,2,3,1500000,False,Jardim Peri Peri
Rua Frederico Von Martius,São Paulo,300,3,5,2,1399900,False,Vila Monumento
,São Paulo,600,3,3,4,28000,True,Jardim América
Rua Amílcar Barbuy,São Paulo,180,4,5,3,1200000,False,Parque São Domingos
Rua Colatino Marques,São Paulo,320,3,5,2,17000,True,Jardim Paulista
Rua Almirante Pereira Guimarães,São Paulo,700,5,5,16,5897000,False,Pacaembu
Rua Demóstenes,São Paulo,119,2,2,2,850000,False,Campo Belo
Rua Pero Correia,São Paulo,296,4,6,3,1300000,False,Vila Mariana
Rua Ita,São Paulo,135,3,2,2,499000,False,Vila Santos
Rua Marcelino Champagnat,São Paulo,250,4,4,2,1600000,False,Jardim da Glória
Rua General Manuel Vargas,São Paulo,96,3,1,2,658000,False,Cidade Vargas
,São Paulo,200,3,3,2,997000,False,Perdizes
,São Paulo,454,3,5,3,3300000,False,Chácara Monte Alegre
Praça Pinheiro da Cunha,São Paulo,174,3,3,4,900000,False,Ipiranga
Rua Caixanas,São Paulo,551,4,8,6,5000000,False,Jardim Guedala
Rua Cambará,São Paulo,170,3,4,4,1050000,False,Vila Bertioga
,São Paulo,550,4,5,4,3500000,False,Jardim Leonor
Rua Agostinho Gomes,São Paulo,150,2,3,2,1020000,False,Ipiranga
Rua Conselheiro Torres Homem,São Paulo,250,4,5,4,4900000,False,Jardim Paulista
Rua Groenlândia,São Paulo,815,4,8,4,25000000,False,Jardim América
,São Paulo,378,10,8,8,950000,False,Jardim Gonzaga
Rua Palmares,São Paulo,315,4,5,5,1700000,False,Brooklin Paulista
,São Paulo,223,4,3,3,1900010,False,Vila Madalena
Rua Nestor Moreira,São Paulo,234,3,1,2,1500000,False,Jardim da Glória
,São Paulo,90,3,2,1,600000,False,Liberdade
Rua Amsterdam,São Paulo,124,3,2,2,600000,False,Vila Campestre
,São Paulo,190,3,3,4,1500000,False,Jardim Campo Grande
Rua Colombo Florence,São Paulo,370,3,3,6,930000,False,Parque Fongaro
Rua Geórgia,São Paulo,320,4,6,5,12000,True,Brooklin Paulista
Rua Dom Sebastião do Rego,São Paulo,174,3,2,2,750000,False,Vila Gumercindo
Rua Nova York,São Paulo,350,3,1,3,2500000,False,Brooklin Paulista
Avenida Amarilis,São Paulo,840,4,7,8,5900000,False,Cidade Jardim
,São Paulo,350,3,3,8,1200000,False,Vila Carrão
Rua Joaquim de Almeida,São Paulo,90,3,1,2,1100000,False,Mirandópolis
Rua Perucaba,São Paulo,290,2,3,5,1700000,False,Tatuapé
,São Paulo,300,4,5,6,2450000,False,Pacaembu
,São Paulo,490,5,5,10,2400000,False,Vila Ida
Rua Messina,São Paulo,260,3,5,6,1600000,False,Jardim Leonor Mendes de Barros
,São Paulo,890,3,4,8,65000,True,Jardim América
Rua Santo Eufredo,São Paulo,763,4,5,5,5400000,False,Jardim Guedala
,São Paulo,120,2,2,2,650000,False,Vila Nair
,São Paulo,169,3,4,2,1250000,False,Vila Cordeiro
Rua Tomé Portes,São Paulo,650,4,5,6,10000,True,Brooklin Paulista
,São Paulo,260,3,3,3,1500000,False,Vila Progredior
Rua Marie Nader Calfat,São Paulo,20,3,2,2,800000,False,Jardim Ampliação
Rua Blumenau,São Paulo,125,3,4,2,695000,False,Vila Leopoldina
,São Paulo,189,4,5,3,799000,False,Jardim Monte Kemel
Avenida Parada Pinto,São Paulo,280,3,3,6,4000,True,Vila Nova Cachoeirinha
,São Paulo,260,3,3,3,720000,False,Quinta da Paineira
Rua Caropá,São Paulo,217,4,5,4,1800000,False,Vila Madalena
Rua Tomé Portes,São Paulo,266,4,5,2,1500000,False,Brooklin Paulista
Avenida Padre Pereira de Andrade,São Paulo,312,3,4,5,3150000,False,Boaçava
Rua Plínio Salgado,São Paulo,151,2,2,3,1500000,False,Jardim Peri Peri
Rua Frederico Von Martius,São Paulo,300,3,5,2,1399900,False,Vila Monumento
,São Paulo,600,3,3,4,28000,True,Jardim América
Rua Amílcar Barbuy,São Paulo,180,4,5,3,1200000,False,Parque São Domingos
Rua Colatino Marques,São Paulo,320,3,5,2,17000,True,Jardim Paulista
Rua Almirante Pereira Guimarães,São Paulo,700,5,5,16,5897000,False,Pacaembu
Rua Demóstenes,São Paulo,119,2,2,2,850000,False,Campo Belo
Rua Pero Correia,São Paulo,296,4,6,3,1300000,False,Vila Mariana
Rua Ita,São Paulo,135,3,2,2,499000,False,Vila Santos
Rua Ubaíra,São Paulo,200,3,4,4,1990000,False,Indianópolis
Rua Marcelino Champagnat,São Paulo,250,4,4,2,1600000,False,Jardim da Glória
Rua General Manuel Vargas,São Paulo,96,3,1,2,658000,False,Cidade Vargas
,São Paulo,200,3,3,2,997000,False,Perdizes
,São Paulo,454,3,5,3,3300000,False,Chácara Monte Alegre
Praça Pinheiro da Cunha,São Paulo,174,3,3,4,900000,False,Ipiranga
Rua Caixanas,São Paulo,551,4,8,6,5000000,False,Jardim Guedala
Rua Cambará,São Paulo,170,3,4,4,1050000,False,Vila Bertioga
,São Paulo,550,4,5,4,3500000,False,Jardim Leonor
Rua Agostinho Gomes,São Paulo,150,2,3,2,1020000,False,Ipiranga
Rua Conselheiro Torres Homem,São Paulo,250,4,5,4,4900000,False,Jardim Paulista
Rua Groenlândia,São Paulo,815,4,8,4,25000000,False,Jardim América
,São Paulo,378,10,8,8,950000,False,Jardim Gonzaga
Avenida Professor Fonseca Rodrigues,São Paulo,566,4,5,4,8599000,False,Alto de Pinheiros
Rua Ascânio,São Paulo,180,3,1,2,586000,False,Chácara Mafalda
,São Paulo,717,4,4,4,18500,True,Jardim dos Estados
Avenida Professor Fonseca Rodrigues,São Paulo,627,4,6,4,7600000,False,Alto de Pinheiros
,São Paulo,170,2,3,2,1690000,False,Vila Madalena
Rua Desembargador Teodomiro Dias,São Paulo,110,3,1,1,700000,False,Conjunto Residencial Butantã
Rua Guinle,São Paulo,198,4,2,3,1600000,False,Vila Monumento
Rua Ribeiro do Vale,São Paulo,230,3,2,5,1700000,False,Brooklin Paulista
Rua Mário Barbosa Rodrigues,São Paulo,392,4,5,4,1700000,False,Interlagos
Rua Ponta Porã,São Paulo,220,3,3,3,1300000,False,Vila Ipojuca
,São Paulo,617,4,6,8,3700000,False,Jardim Morumbi
Rua Açaré,São Paulo,212,3,3,3,2240000,False,Alto de Pinheiros
Rua Aurora Contieri,São Paulo,204,3,5,2,2000000,False,Sumarezinho
Rua Dona Brígida,São Paulo,265,4,3,2,2200000,False,Vila Mariana
Rua Maria Teresa Assunção,São Paulo,160,3,3,2,636000,False,Vila São Geraldo
,São Paulo,1452,4,5,14,16000000,False,Jardim Guedala
,São Paulo,400,4,5,4,1600000,False,Jardim Londrina
Rua Visconde de Ourem,São Paulo,100,2,2,1,490000,False,Jardim Aeroporto
Rua Chiquinha Rodrigues,São Paulo,214,3,3,4,1800000,False,Caxingui
Rua Péricles,São Paulo,250,4,6,4,12000,True,Jardim Petrópolis
Rua Sofia,São Paulo,350,4,6,3,5850000,False,Jardim Europa
,São Paulo,584,6,7,6,2200000,False,Jardim Leonor
Rua Diogo Rodrigues Marques,São Paulo,100,3,2,4,735000,False,Campo Grande
Rua Gomes Freire,São Paulo,161,3,2,2,920000,False,Lapa
Rua Comendador Joaquim Gomes de Oliveira,São Paulo,110,2,2,1,740000,False,Vila São Francisco
Rua Manduri,São Paulo,750,5,8,5,10300000,False,Jardim Paulistano
Rua Alvarenga,São Paulo,400,4,3,4,10000,True,Butantã
Rua João Batista Leme da Silva,São Paulo,170,3,3,2,1500000,False,Vila Madalena
Rua Guaianaz da Fonseca,São Paulo,220,4,5,4,1790000,False,Vila Madalena
Travessa Doutor Adilson Rodrigues,São Paulo,140,3,2,1,660000,False,Vila Mariana
Rua Antilhas,São Paulo,600,5,4,8,12000000,False,Jardim América
,São Paulo,200,3,1,2,1500000,False,Jardim da Saúde
,São Paulo,349,4,2,5,3500000,False,Alto de Pinheiros
Rua Laerte Assunção,São Paulo,400,4,6,5,7000000,False,Jardim Paulistano
Rua Doutor Octávio de Oliveira Santos,São Paulo,300,4,5,3,1350000,False,Brooklin Paulista
,São Paulo,165,3,3,3,1600000,False,Vila Cruzeiro
Avenida Parada Pinto,São Paulo,280,3,3,6,4000,True,Vila Nova Cachoeirinha
,São Paulo,260,3,3,3,720000,False,Quinta da Paineira
Rua Caropá,São Paulo,217,4,5,4,1800000,False,Vila Madalena
Rua Tomé Portes,São Paulo,266,4,5,2,1500000,False,Brooklin Paulista
Avenida Padre Pereira de Andrade,São Paulo,312,3,4,5,3150000,False,Boaçava
Rua Plínio Salgado,São Paulo,151,2,2,3,1500000,False,Jardim Peri Peri
Rua Frederico Von Martius,São Paulo,300,3,5,2,1399900,False,Vila Monumento
,São Paulo,600,3,3,4,28000,True,Jardim América
Rua Amílcar Barbuy,São Paulo,180,4,5,3,1200000,False,Parque São Domingos
Rua Colatino Marques,São Paulo,320,3,5,2,17000,True,Jardim Paulista
Rua Almirante Pereira Guimarães,São Paulo,700,5,5,16,5897000,False,Pacaembu
Rua Demóstenes,São Paulo,119,2,2,2,850000,False,Campo Belo
Rua Pero Correia,São Paulo,296,4,6,3,1300000,False,Vila Mariana
Rua Ita,São Paulo,135,3,2,2,499000,False,Vila Santos
Rua Ubaíra,São Paulo,200,3,4,4,1990000,False,Indianópolis
Rua Marcelino Champagnat,São Paulo,250,4,4,2,1600000,False,Jardim da Glória
Rua General Manuel Vargas,São Paulo,96,3,1,2,658000,False,Cidade Vargas
,São Paulo,200,3,3,2,997000,False,Perdizes
,São Paulo,454,3,5,3,3300000,False,Chácara Monte Alegre
Praça Pinheiro da Cunha,São Paulo,174,3,3,4,900000,False,Ipiranga
Rua Caixanas,São Paulo,551,4,8,6,5000000,False,Jardim Guedala
Rua Cambará,São Paulo,170,3,4,4,1050000,False,Vila Bertioga
,São Paulo,550,4,5,4,3500000,False,Jardim Leonor
Rua Agostinho Gomes,São Paulo,150,2,3,2,1020000,False,Ipiranga
Rua Conselheiro Torres Homem,São Paulo,250,4,5,4,4900000,False,Jardim Paulista
Rua Groenlândia,São Paulo,815,4,8,4,25000000,False,Jardim América
,São Paulo,378,10,8,8,950000,False,Jardim Gonzaga
Rua Dom Tomás Costa e Lima,São Paulo,388,3,6,5,4890000,False,Vila Tramontano
Rua Palmares,São Paulo,315,4,5,5,1700000,False,Brooklin Paulista
,São Paulo,223,4,3,3,1900010,False,Vila Madalena
Rua Nestor Moreira,São Paulo,234,3,1,2,1500000,False,Jardim da Glória
,São Paulo,90,3,2,1,600000,False,Liberdade
Rua Amsterdam,São Paulo,124,3,2,2,600000,False,Vila Campestre
,São Paulo,190,3,3,4,1500000,False,Jardim Campo Grande
Rua Colombo Florence,São Paulo,370,3,3,6,930000,False,Parque Fongaro
Rua Geórgia,São Paulo,320,4,6,5,12000,True,Brooklin Paulista
,São Paulo,300,3,3,4,1950000,False,Morumbi
Rua Henrique Martins,São Paulo,723,3,6,4,18000000,False,Jardim Paulista
,São Paulo,400,4,5,6,5700000,False,Jardim Europa
Rua Turi,São Paulo,90,2,1,1,1700000,False,Vila Madalena
Avenida Diógenes Ribeiro de Lima,São Paulo,255,4,3,3,3950000,False,Alto de Pinheiros
,São Paulo,71,2,3,1,390000,False,Vila Jacuí
Rua Márcio Humberto Gandolpho,São Paulo,150,3,2,2,650000,False,Imirim
Rua Gradau,São Paulo,110,2,3,2,485000,False,Vila Bela
Rua Francisco Dias,São Paulo,121,3,3,2,1300000,False,Bosque da Saúde
Rua Domingos Neto,São Paulo,80,1,1,2,450000,False,Vila Marari
Rua Cruzeiro,São Paulo,150,2,2,1,430000,False,Barra Funda
Rua Afonso Bandeira de Melo,São Paulo,277,3,2,2,1400000,False,Campo Belo
,São Paulo,180,3,3,3,870000,False,Jardim Brasil
Rua Milton Strenger,São Paulo,150,3,2,2,750000,False,Parque Continental
,São Paulo,367,12,5,4,950000,False,Parque São Lucas
Rua Afonso Bandeira de Melo,São Paulo,210,3,1,2,1100000,False,Campo Belo
,São Paulo,420,4,6,5,5490000,False,Chácara Santo Antônio
Rua Itaperuna,São Paulo,1000,4,9,4,11990000,False,Pacaembu
Rua Apinajés,São Paulo,140,3,2,1,1380000,False,Sumaré
,São Paulo,900,5,7,10,5800000,False,Jardim Guedala
,São Paulo,800,4,7,6,14500000,False,Pinheiros
Rua da Constituinte,São Paulo,160,3,4,3,1250000,False,Ipiranga
Rua Bernardo Sanches,São Paulo,533,3,5,6,2200000,False,Real Parque
Avenida Ireré,São Paulo,400,4,5,3,2758000,False,Planalto Paulista
,São Paulo,94,2,2,2,550000,False,Lar São Paulo
Rua Amandaba,São Paulo,205,3,3,4,1200000,False,Jardim Prudência
Rua Coronel Irlandino Sandoval,São Paulo,390,4,4,5,5050000,False,Jardim Paulistano
,São Paulo,400,3,4,4,4490000,False,Butantã
,São Paulo,455,3,5,3,4850000,False,Morumbi
Rua Otávio Tarquínio de Souza,São Paulo,214,3,4,3,1300000,False,Campo Belo
Rua Francisco de Paula Brito,São Paulo,250,4,6,4,2150000,False,Planalto Paulista
Avenida Ibirapuera,São Paulo,200,3,2,1,1300000,False,Indianópolis
Rua Monsenhor Manuel Vicente,São Paulo,200,3,3,2,1200000,False,Vila Mariana
Rua Fabiano Alves,São Paulo,160,3,3,2,899000,False,Parque da Vila Prudente
,São Paulo,604,4,5,6,12000000,False,Vila Madalena
Rua Nicolau Barreto,São Paulo,85,2,1,1,530000,False,Vila Cordeiro
Rua Banibás,São Paulo,400,4,6,4,4400000,False,Alto de Pinheiros
Rua Carpina,São Paulo,600,6,5,6,3700000,False,Jardim Everest
Alameda dos Guaicanãs,São Paulo,202,3,3,2,1390000,False,Planalto Paulista
,São Paulo,200,3,1,2,630000,False,Jardim Monte Kemel
Rua Padre Manuel de Chaves,São Paulo,120,3,3,2,2500000,False,Jardim Europa
,São Paulo,650,3,4,6,11000,True,Morumbi
Rua dos Manacás,São Paulo,377,4,6,4,3800000,False,Cidade Jardim
Rua Inácio Manuel Álvares,São Paulo,178,3,4,5,770000,False,Jardim Ester
Rua Cinco de Julho,São Paulo,130,3,3,3,750000,False,Vila Nair
Rua Apinajés,São Paulo,246,3,3,3,2700000,False,Pompeia
Rua Nicolau Barreto,São Paulo,177,4,6,2,1500000,False,Vila Cordeiro
Rua Jorge Faleiros,São Paulo,190,3,2,3,480000,False,Jabaquara
Rua Henrique Jacobs,São Paulo,211,3,3,4,699000,False,Vila Santa Teresa
Rua Gassipós,São Paulo,210,3,4,4,2150000,False,Vila Mariana
,São Paulo,140,3,3,3,340000,False,Jardim Floresta
Rua Engenheiro Reynaldo Cajado,São Paulo,200,3,3,4,1270000,False,Tatuapé
Rua Brás Lourenço,São Paulo,216,3,1,3,950000,False,Vila Mariana
,São Paulo,900,5,10,10,5800000,False,Jardim Guedala
Rua Boytac,São Paulo,500,5,8,5,10700000,False,Cidade Jardim
Rua Capricho,São Paulo,179,3,2,6,620000,False,Vila Nivi
Avenida Aratãs,São Paulo,140,2,2,2,1800000,False,Indianópolis
Rua Pedro Nascimento Ferrador,São Paulo,117,3,2,2,760000,False,Alto da Mooca
,São Paulo,234,3,2,4,15000,True,Perdizes
Rua São Luís do Paraitinga,São Paulo,284,3,3,8,780000,False,Quinta da Paineira
Rua Avaí,São Paulo,73,2,2,2,480000,False,Vila Bertioga
,São Paulo,1000,5,7,10,19000000,False,Jardim América
,São Paulo,155,2,1,2,400000,False,Chácara Mafalda
Rua das Zínias,São Paulo,550,4,7,4,20000,True,Cidade Jardim
,São Paulo,640,5,7,10,40000,True,Jardim Europa
,São Paulo,654,5,9,8,4200000,False,Jardim Leonor
Rua Bolívia,São Paulo,976,5,9,10,16000000,False,Jardim América
,São Paulo,302,4,8,3,2800000,False,Vila Madalena
,São Paulo,492,4,5,8,3500000,False,Jardim Leonor
,São Paulo,490,4,2,5,7000000,False,Jardim Paulistano
Rua Canumã,São Paulo,396,4,5,6,4100000,False,Santo Amaro
Rua Joazeiro,São Paulo,550,3,5,5,3900000,False,Sumaré
Rua Alice Macuco Alves,São Paulo,300,3,6,15,3500000,False,Alto de Pinheiros
Rua Cristiano Viana,São Paulo,120,3,1,1,1300000,False,Cerqueira César
Rua Ingarana,São Paulo,375,3,2,5,725000,False,Jardim Panorama
,São Paulo,255,4,3,3,989000,False,Super Quadra Morumbi
Avenida Miruna,São Paulo,185,2,4,3,1890000,False,Indianópolis
Rua Gregório Paes de Almeida,São Paulo,292,3,2,2,2500000,False,Vila Madalena
Rua Cristóvão Alves,São Paulo,180,3,2,3,849000,False,Vila Santana
Rua Félix Della Rosa,São Paulo,190,3,2,2,1500000,False,Vila Anglo Brasileira
,São Paulo,750,4,5,4,7300000,False,Santo Amaro
Rua Savigni,São Paulo,106,3,2,2,550000,False,Vila Bela
Rua Alberto Willo,São Paulo,300,4,4,3,2250000,False,Vila da Saúde
Rua Itapiru,São Paulo,128,2,2,3,960000,False,Saúde
,São Paulo,1100,6,7,6,14000000,False,Jardim Paulista
Rua Araporé,São Paulo,398,3,6,4,2950000,False,Jardim Guedala
Rua Professor Rocca Dordal,São Paulo,320,2,1,2,2240000,False,Vila Pompéia
Rua Ribeiro do Vale,São Paulo,220,3,3,3,1800000,False,Brooklin
,São Paulo,550,5,5,4,20000,True,Cidade Jardim
,São Paulo,455,3,3,4,2400000,False,Morumbi
Rua Marquês de Herval,São Paulo,90,2,2,1,530000,False,Vila da Saúde
Rua Conde D'Eu,São Paulo,312,4,3,3,1700000,False,Santo Amaro
Rua Mariano Procópio,São Paulo,360,3,6,5,1700000,False,Vila Monumento
Rua Irmão Justino Luís,São Paulo,260,4,2,4,1100000,False,Vila Monumento
,São Paulo,722,6,8,4,8500000,False,Jardim Europa
,São Paulo,83,3,3,2,550000,False,Jardim Taboão
Avenida Camilo Castelo Branco,São Paulo,145,2,1,2,905000,False,Vila Gumercindo
,São Paulo,640,3,5,4,18000,True,Cidade Jardim
Rua Jácomo Passarelli,São Paulo,400,5,8,12,1390000,False,Jardim Santa Helena
Rua Alto do Bonfim,São Paulo,200,3,3,2,860000,False,Conjunto Residencial Jardim Canaã
Avenida Ramalho Ortigão,São Paulo,110,2,1,2,710000,False,Vila Gumercindo
,São Paulo,125,3,4,2,690000,False,Jardim Monte Kemel
Rua Caiapônia,São Paulo,180,3,5,2,1675000,False,Alto da Lapa
,São Paulo,1100,4,7,8,4900000,False,Morumbi
Rua Doutor Valentino Sola,São Paulo,214,3,1,4,1800000,False,Jardim da Glória
Rua Maracaí,São Paulo,400,4,2,4,2500000,False,Aclimação
,São Paulo,85,3,3,1,385000,False,Vila Esperança
Rua Sales Júnior,São Paulo,150,2,1,1,1100000,False,Alto da Lapa
Rua Dom Henrique,São Paulo,765,5,7,6,29780000,False,Jardim Luzitânia
Travessa Carrancas,São Paulo,103,3,2,2,352800,False,Vila Medeiros
Rua Pedro Gabriel,São Paulo,56,2,1,2,510000,False,Vila Gomes Cardim
Rua dos Tamanás,São Paulo,519,4,4,3,2490000,False,Vila Madalena
Rua Itacuruçá,São Paulo,82,1,1,4,410000,False,Vila Santa Catarina
,São Paulo,627,4,5,10,3700000,False,Jardim Leonor
Avenida Itacira,São Paulo,300,4,3,3,2000000,False,Planalto Paulista
,São Paulo,400,2,5,4,35000,True,Perdizes
Rua Bastos Pereira,São Paulo,750,6,6,7,8500000,False,Moema
,São Paulo,277,4,5,3,1650000,False,Butantã
Rua José de Freitas Guimarães,São Paulo,400,3,3,4,2200000,False,Pacaembu
,São Paulo,800,5,6,2,2200000,False,Vila Morumbi
Rua Juréia,São Paulo,190,3,2,2,691000,False,Chácara Inglesa
,São Paulo,970,4,6,6,45000,True,Cidade Jardim
Travessa Doutor Adilson Rodrigues,São Paulo,120,3,2,1,670000,False,Vila Mariana
Rua Campo Verde,São Paulo,142,3,3,2,2200000,False,Jardim Europa
Rua Joaquim Lima de Moraes,São Paulo,215,3,5,2,1500000,False,Santo Amaro
,São Paulo,800,4,5,6,4100000,False,Morumbi
Rua Juvelina Ferreira de Assis,São Paulo,130,3,3,2,530000,False,Vila Carrão
,São Paulo,165,2,4,2,750000,False,Bosque da Saúde
Rua João Álvares Correia,São Paulo,297,4,6,4,12000,True,Jardim Vila Mariana
,São Paulo,320,3,5,2,1729000,False,Campo Belo
Rua Olegário Mariano,São Paulo,837,4,9,10,7700000,False,Jardim Guedala
Alameda dos Auetis,São Paulo,193,3,3,3,1300000,False,Planalto Paulista
Rua Manuel Justiniano Quintão,São Paulo,278,4,4,4,980000,False,Vila Palmeiras
Rua Amaro Cavalheiro,São Paulo,120,3,2,1,1350000,False,Pinheiros
Rua Domingos Lopes,São Paulo,180,3,4,2,1050000,False,Campo Belo
Rua Joshey Leão,São Paulo,135,4,4,2,600000,False,Sítio da Figueira
Rua Aldo de Azevedo,São Paulo,290,5,6,3,5000000,False,Vila Madalena
Rua Rio de São Francisco,São Paulo,600,3,4,5,1900000,False,Chácara Jaraguá
,São Paulo,480,4,5,4,15000000,False,Jardim Europa
Alameda Olga,São Paulo,300,1,3,2,1300000,False,Barra Funda
Rua Ribeiro Lisboa,São Paulo,960,5,1,6,3900000,False,Fazenda Morumbi
Rua Sérgio Milliet,São Paulo,280,3,3,5,1800000,False,Jardim Marajoara
,São Paulo,207,3,5,4,10000,True,Vila Nova Caledônia
Rua Padre Tiago Mattioli,São Paulo,91,2,2,1,720000,False,Água Branca
Avenida Doutor Cardoso de Melo,São Paulo,115,2,2,1,1880000,False,Vila Olímpia
Rua Acutiranha,São Paulo,510,4,4,4,3950000,False,Jardim Panorama
Rua Antônio Lourenço,São Paulo,242,4,5,2,1300000,False,Água Fria
Rua Apinajés,São Paulo,145,2,3,1,1330000,False,Perdizes
Rua Breno Pinheiro,São Paulo,375,4,5,4,10000,True,Jardim Morumbi
,São Paulo,595,4,5,4,3000000,False,Alto da Boa Vista
Rua Antônio Augusto Covello,São Paulo,200,3,3,2,1300000,False,Vila Monumento
Rua Dom Henrique,São Paulo,360,3,2,2,4400000,False,Jardim Luzitânia
Rua Epeira,São Paulo,195,3,2,2,1950000,False,Alto de Pinheiros
Rua Carlos Vítor Cocozza,São Paulo,230,3,2,2,2370000,False,Vila Mariana
Rua Pascoal Gomes de Lima,São Paulo,88,3,3,3,460000,False,Tremembé
,São Paulo,120,3,1,2,380000,False,Jardim Ester
,São Paulo,455,6,6,12,2800000,False,Parque Novo Mundo
,São Paulo,1005,4,8,8,6500000,False,Paineiras do Morumbi
Rua Doutor Plínio do Amaral,São Paulo,135,3,1,2,750000,False,Vila Brasílio Machado
,São Paulo,500,4,4,4,3500000,False,Jardim Guedala
,São Paulo,268,4,5,4,1200000,False,Jardim Londrina
Rua Santa Bibiana,São Paulo,250,3,4,6,1100000,False,Vila Sônia
Rua José Guilherme Guimarães Pedroso,São Paulo,220,3,4,8,590000,False,Vila Campo Grande
Rua Maria Leonete da Silva Nóbrega,São Paulo,234,3,4,4,2498000,False,Vila Ida
Rua Aurélia,São Paulo,90,2,1,1,680000,False,Vila Romana
,São Paulo,231,3,4,3,1490000,False,Vila Mafra
Rua dos Malmequeres,São Paulo,447,4,4,2,3500000,False,Cidade Jardim
Rua Hugo Cacuri,São Paulo,190,3,1,2,1300000,False,Instituto de Previdência
,São Paulo,120,2,2,3,1350000,False,Jardim das Acácias
Rua José Maria Gonzales,São Paulo,195,3,6,5,1200000,False,Jardim Cidália
Rua Heitor Peixoto,São Paulo,220,3,4,1,1000000,False,Cambuci
,São Paulo,287,4,4,4,1100000,False,Interlagos
Rua Dom Henrique,São Paulo,394,4,6,3,14000,True,Jardim Luzitânia
,São Paulo,266,4,5,3,945000,False,Jardim Taboão
Rua Primavera,São Paulo,380,3,3,2,3200000,False,Jardim Paulista
Rua Pereira Caldas,São Paulo,218,3,1,2,850000,False,Jardim da Glória
Rua Sampaio Vidal,São Paulo,244,2,4,2,5800000,False,Jardim Paulistano
Rua Corveta Camacua,São Paulo,360,4,5,6,1200000,False,Vila Inah
Rua Padre Agostinho Mendicute,São Paulo,130,2,2,1,980000,False,Sumaré
,São Paulo,298,3,5,4,3700000,False,Jardim Paulista
Rua Pau,Brasil,500,4,4,6,3900000,False,
,São Paulo,802,5,8,5,7500000,False,Cidade Jardim
Avenida Odila,São Paulo,220,4,5,3,6000,True,Planalto Paulista
Rua Alabastro,São Paulo,160,3,2,3,1000000,False,Aclimação
,São Paulo,80,3,2,1,180000,False,Vila Cardoso Franco
Rua Heitor de Morais,São Paulo,500,4,4,10,2100000,False,Pacaembu
,São Paulo,350,4,4,3,2450000,False,Jardim Panorama
Rua Parnaíba Paoliello,São Paulo,175,5,3,2,600000,False,Jardim Oriental
Alameda dos Guaiases,São Paulo,650,4,5,6,1750000,False,Indianópolis
Rua Marcelino Champagnat,São Paulo,237,4,4,3,1650000,False,Jardim da Glória
Rua Sebastião Falconi,São Paulo,162,3,3,2,550000,False,Jardim Taboao
,São Paulo,375,4,4,3,2300000,False,Jardim Marajoara
Rua Babitonga,São Paulo,165,3,3,4,1820000,False,Brooklin Paulista
Rua Manuel Pereira Guimarães,São Paulo,203,3,4,2,1600000,False,Granja Julieta
,São Paulo,706,5,9,10,5800000,False,Jardim Guedala
,São Paulo,112,3,3,2,7500,True,Vila Nova Conceição
Rua Guararapes,São Paulo,180,3,3,3,1500001,False,Brooklin Paulista
Rua Geórgia,São Paulo,160,3,4,4,1700000,False,Brooklin Paulista
Rua Embaixador Raul García,São Paulo,89,3,3,2,1200000,False,Vila Mariana
Rua Otávio Alves Dundas,São Paulo,200,4,4,1,650000,False,Vila Ivg
,São Paulo,300,5,7,6,2750000,False,Brooklin Paulista
Rua Henrique Martins,São Paulo,723,3,6,4,18000000,False,Jardim Paulista
Rua Visconde de Sabóia,São Paulo,90,3,3,4,579000,False,Vila Macedópolis
,São Paulo,907,6,1,4,2800000,False,Granja Julieta
,São Paulo,300,3,1,4,1100000,False,Alto da Lapa
,São Paulo,700,4,2,6,5500000,False,Morumbi
,São Paulo,347,4,4,4,2700000,False,Vila Mariana
,São Paulo,453,3,4,4,4800000,False,Alto de Pinheiros
Rua Piauí,São Paulo,230,5,2,4,40000,True,Higienópolis
Rua José de Freitas Guimarães,São Paulo,709,4,6,10,9600000,False,Pacaembu
,São Paulo,172,4,5,3,1000000,False,Vila Andrade
Rua Francisco Pais,São Paulo,350,2,1,2,690000,False,Jardim Ipanema
,São Paulo,248,3,5,6,2500000,False,Brooklin Paulista
Rua Ipiranga,São Paulo,125,2,2,2,585000,False,Jardim Aeroporto
Rua Alasca,São Paulo,650,5,6,8,17500000,False,Jardim América
Avenida Aratãs,São Paulo,140,2,3,4,1700000,False,Indianópolis
Rua Gaspar Fernandes,São Paulo,168,4,2,4,1600000,False,Vila Monumento
Rua Ribeiro do Vale,São Paulo,315,4,2,7,2000000,False,Brooklin Paulista
,São Paulo,400,3,6,2,3800000,False,Jardim Paulista
Rua Leucina,São Paulo,220,3,5,5,750000,False,Cidade Vargas
Rua Feliciano Maia,São Paulo,450,5,6,7,40000,True,Jardim Paulista
Rua Campevas,São Paulo,150,2,2,2,1500000,False,Perdizes
Rua Cordeiro Galvão,São Paulo,442,3,6,4,3400000,False,Vila Madalena
Rua Dom Miguel Costa,São Paulo,112,3,2,2,765000,False,Vila Gumercindo
Rua Alfredo Norfini,São Paulo,200,4,1,2,1590000,False,Bosque da Saúde
Rua João Jabotam,São Paulo,272,3,2,2,6200,True,Vila Anglo Brasileira
Rua Iramaia,São Paulo,250,4,3,3,2300000,False,Jardim Europa
,São Paulo,400,4,6,4,4000000,False,Cidade Jardim
,São Paulo,62,2,2,1,339900,False,Vila Medeiros
,São Paulo,75,2,1,1,545000,False,Vila Ipojuca
Rua Capital Federal,São Paulo,198,4,3,1,1600000,False,Sumaré
Rua Caativa,São Paulo,300,3,3,6,1650000,False,Alto da Lapa
Rua Abegoaria,São Paulo,420,4,6,5,10900,True,Jardim das Bandeiras
Rua Paris,São Paulo,150,3,2,3,2100000,False,Sumaré
Rua Comendador Júlio Pereira Lopes,São Paulo,380,4,1,5,1650000,False,Jardim da Glória
Rua José Marti,São Paulo,240,3,3,3,1009900,False,Jardim da Saúde
,São Paulo,250,3,3,6,1300000,False,Vila América
,São Paulo,400,3,3,6,2395000,False,Santo Amaro
,São Paulo,350,3,5,4,1690000,False,Vila Tramontano
,São Paulo,420,3,3,4,2800000,False,Boaçava
Rua Soledade,São Paulo,250,4,4,2,1720000,False,Sumaré
Rua João de Santa Maria,São Paulo,184,4,6,3,1280000,False,Vila Brasilina
Rua Doutor Ivan Maia de Vasconcelos,São Paulo,123,3,5,3,636000,False,Cidade Patriarca
,São Paulo,88,2,3,2,400000,False,Vila Analia
,São Paulo,648,3,4,7,11000000,False,Vila Nova Conceição
,São Paulo,580,3,8,6,2495000,False,Jardim Guedala
,São Paulo,210,3,2,3,550000,False,Parque Santa Rita
,São Paulo,560,4,8,10,8000000,False,Jardim Paulista
Rua Palmares,São Paulo,550,4,4,4,2900000,False,Brooklin Paulista
Rua Campo Grande,São Paulo,190,3,5,3,2340000,False,Vila Hamburguesa
,São Paulo,400,3,4,3,2280000,False,Jardim Panorama
Rua Barão de Aguiar,São Paulo,200,3,2,3,1190000,False,Parque Colonial
,São Paulo,300,3,4,4,1100000,False,Vila Moraes
,São Paulo,471,3,6,3,2800000,False,Campo Belo
,São Paulo,120,2,2,2,490000,False,Vila Rui Barbosa
,São Paulo,600,3,5,4,2800000,False,Vila Cruzeiro
,São Paulo,250,3,4,3,1250000,False,Jardim Leonor
,São Paulo,500,4,7,7,5800000,False,Morumbi
Rua São Paulino,São Paulo,260,3,4,7,10000,True,Vila Mariana
,São Paulo,95,2,1,2,590000,False,Vila Carrão
Rua Sofia,São Paulo,520,4,3,4,16000000,False,Jardim Europa
Rua Professor Adalgiso Pereira,São Paulo,210,4,4,2,730000,False,Vila Dom Pedro I
,São Paulo,650,5,4,6,3200000,False,Jardim Guedala
,São Paulo,350,3,3,5,630000,False,Vila Bela
Rua Abegoaria,São Paulo,350,3,6,2,2250000,False,Pinheiros
,São Paulo,37,1,1,1,259692,False,Vila Santa Maria
,São Paulo,933,4,8,8,8100000,False,Jardim Guedala
Rua Volta Redonda,São Paulo,400,4,4,4,15000,True,Campo Belo
,São Paulo,120,2,4,1,1250010,False,Vila Romana
Rua Homero Sales,São Paulo,166,3,4,2,985000,False,Parque São Domingos
Rua Flórida,São Paulo,134,2,3,2,1544000,False,Cidade Monções
Rua Cuxiponês,São Paulo,326,3,4,4,2050000,False,Jardim Vera Cruz
,São Paulo,150,3,2,2,1100000,False,Chácara Santo Antônio
,São Paulo,720,4,4,6,2350000,False,City América
Rua Casa Forte,São Paulo,155,3,5,4,1290000,False,Santana
Alameda Franca,São Paulo,200,8,3,1,2600000,False,Jardim Paulista
Rua José de Freitas Guimarães,São Paulo,400,2,6,5,2500000,False,Pacaembu
Rua Maestro Savino de Benedictis,São Paulo,100,2,1,2,398000,False,Rio Pequeno
Rua Fortunato Minozzi,São Paulo,114,3,1,2,450000,False,Imirim
Rua Bernardino de Campos,São Paulo,320,3,5,2,1729000,False,Campo Belo
Rua Antônio Gomide,São Paulo,133,3,5,2,1200000,False,Planalto Paulista
Rua Oliveira Melo,São Paulo,125,2,2,2,580000,False,Vila São José
Rua Bernardino de Campos,São Paulo,320,3,5,2,1740000,False,Campo Belo
,São Paulo,870,4,6,4,6900000,False,Jardim Leonor
,São Paulo,250,4,4,4,600000,False,Jardim Amália
,São Paulo,580,3,5,5,18000,True,Jardim Guedala
Rua Almeida Ferraz,São Paulo,139,4,3,4,800000,False,Parque Jabaquara
,São Paulo,149,4,3,1,8000,True,Brooklin Paulista
Rua Honduras,São Paulo,1000,5,6,7,8000000,False,Jardim Paulista
Rua Comendador Elias Zarzur,São Paulo,500,4,10,50,3700000,False,Santo Amaro
Rua Winifred,São Paulo,147,3,3,2,1300000,False,Vila Carrão
Rua Espírito Santo,São Paulo,250,6,4,2,1940000,False,Aclimação
Rua Januário Miraglia,São Paulo,240,1,3,3,6000000,False,Vila Nova Conceição
Rua Corneteiro Jesus,São Paulo,170,3,5,2,1290000,False,Água Fria
Rua Doutor Jacques Tupinambá,São Paulo,103,3,2,2,390000,False,Vila Baby
Rua Dona Elisa Moraes Mendes,São Paulo,540,4,4,6,2950000,False,Vila Madalena
,São Paulo,200,3,5,3,2500000,False,Pinheiros
,São Paulo,440,4,4,6,1980000,False,Santo Amaro
,São Paulo,359,4,5,4,3400000,False,Pacaembu
Rua Argentina,São Paulo,1100,5,6,8,30000000,False,Jardim América
Rua São Fortunato,São Paulo,320,3,3,2,1290000,False,Interlagos
,São Paulo,169,3,4,4,970000,False,Jardim Colombo
,São Paulo,400,3,2,2,18000,True,Jardim Paulista
Avenida Lacerda Franco,São Paulo,85,3,1,1,650000,False,Cambuci
,São Paulo,122,3,3,2,809000,False,Parque da Vila Prudente
Rua Grécia,São Paulo,261,3,2,2,5750000,False,Jardim Europa
Rua Aimberê,São Paulo,120,3,3,2,958000,False,Perdizes
Rua Primavera,São Paulo,300,3,3,2,3650000,False,Jardim Paulista
Rua Itapaiuna,São Paulo,490,4,3,5,4500000,False,Jardim Morumbi
Rua Vasco Crevatin,São Paulo,300,3,4,3,7000000,False,Vila Nova Conceição
Rua Passo da Pátria,São Paulo,266,4,5,5,2600000,False,Bela Aliança
Rua Leandro de Carvalho,São Paulo,272,2,4,6,1350000,False,Vila Monumento
Rua Tibiriçá,São Paulo,300,4,5,3,1400000,False,Brooklin Paulista
Rua Escócia,São Paulo,330,3,5,5,5200000,False,Pinheiros
Rua Adonis,São Paulo,120,2,1,2,470000,False,São João Clímaco
Rua Doutor Elias Chaves,São Paulo,530,3,4,6,1300000,False,Campos Elíseos
Rua Emboabas,São Paulo,235,4,1,3,800000,False,Brooklin Paulista
,São Paulo,750,3,5,6,4800000,False,Chácara Monte Alegre
,São Paulo,375,3,3,4,3600000,False,Jardim Paulistano
,São Paulo,177,2,3,5,950000,False,Interlagos
,São Paulo,440,3,6,6,4500000,False,Perdizes
Rua Ernesto Zuanella,São Paulo,230,3,4,4,990000,False,Parque Continental
,São Paulo,148,3,4,2,1200000,False,Jardim Petrópolis
Rua Horácio Bandieri,São Paulo,445,5,4,5,3500000,False,Jardim Leonor
Rua Domingos Nogueira,São Paulo,70,2,2,2,355000,False,Jardim Dracena
Rua Araporé,São Paulo,431,4,7,6,4000000,False,Jardim Guedala
,São Paulo,600,4,7,6,3700000,False,Jardim Cordeiro
Rua Princesa Leopoldina,São Paulo,150,3,2,4,1600000,False,Alto da Lapa
,São Paulo,530,5,6,5,22000,True,Cidade Jardim
Rua Pereira da Nóbrega,São Paulo,260,3,1,8,1600000,False,Vila Monumento
Rua Laplace,São Paulo,392,4,5,4,4280000,False,Brooklin Paulista
Rua Santos Torres,São Paulo,140,2,3,1,1915000,False,Pinheiros
Rua Oliveira Lima,São Paulo,140,3,3,3,700000,False,Cambuci
,São Paulo,549,3,3,7,5900000,False,Jardim Paulista
Rua Baltazar Gomes de Alarcão,São Paulo,335,4,2,3,750000,False,Jardim Miriam
Avenida Piassanguaba,São Paulo,400,3,4,6,2210000,False,Planalto Paulista
Rua França Júnior,São Paulo,476,3,3,2,1500000,False,Jardim da Saúde
,São Paulo,850,5,4,6,5000000,False,Paineiras do Morumbi
Rua Félix Guilhem,São Paulo,85,2,1,4,550000,False,Lapa de Baixo
Rua Ermelinda Americano,São Paulo,200,3,3,2,1500000,False,Perdizes
,São Paulo,539,4,6,4,5500000,False,Jardim dos Estados
Rua Santo Afonso,São Paulo,1100,10,8,10,3500000,False,Penha de França
Alameda dos Piratinins,São Paulo,266,4,4,3,1600000,False,Planalto Paulista
Rua Bráz Cubas,São Paulo,140,4,2,1,1300000,False,Aclimação
Rua Alberto Faria,São Paulo,640,4,6,4,6850000,False,Alto de Pinheiros
,São Paulo,292,3,3,2,1600000,False,Brooklin Paulista
,São Paulo,360,4,6,4,7500000,False,Jardim Luzitânia
,São Paulo,455,3,4,5,2600000,False,Vila Ida
Rua Padre Melitón Viguera Penillos,São Paulo,154,3,3,2,958000,False,Vila Leopoldina
Rua Cláudio Xavier,São Paulo,170,3,2,5,650000,False,Jardim de Lorenzo
Rua Arandu,São Paulo,430,6,3,3,1800000,False,Brooklin Paulista
Rua Deputado Euvaldo Lodi,São Paulo,1245,4,6,4,40000,True,Retiro Morumbi
,São Paulo,850,4,5,6,7500000,False,Retiro Morumbi
,São Paulo,600,4,6,12,2700000,False,Granja Julieta
Rua Drava,São Paulo,300,3,1,6,1450000,False,Vila Moinho Velho
Rua Dom Tomás Costa e Lima,São Paulo,388,3,5,8,4900000,False,Vila Tramontano
,São Paulo,180,3,3,2,850000,False,Cidade Dutra
,São Paulo,344,3,5,4,12000,True,Alto de Pinheiros
Rua Martins,São Paulo,329,4,2,5,1500000,False,Butantã
,São Paulo,318,3,2,7,1696000,False,Vila Santana
Rua Carlos Rodrigues de Barros,São Paulo,130,3,5,3,584998,False,Parque Edu Chaves
Praça José Pedro Leite Cordeiro,São Paulo,300,2,3,6,1645000,False,Bela Aliança
Rua Humberto I,São Paulo,110,2,2,1,850000,False,Vila Mariana
Rua José Osvaldo Ribeiro,São Paulo,125,3,2,1,585000,False,Vila Guilhermina
Rua Acarituba,São Paulo,400,4,6,5,3500000,False,Santo Amaro
,São Paulo,900,5,2,8,25000,True,Morumbi
Rua Jacob Maris,São Paulo,350,3,5,3,980000,False,Instituto de Previdência
Rua Luís Góis,São Paulo,100,4,2,3,650000,False,Mirandópolis
Travessa Estrela,São Paulo,240,6,5,1,500000,False,Conjunto Promorar Raposo Tavares
Rua Salto Grande,São Paulo,130,3,2,2,750000,False,Sumaré
Rua Doutor Nério Nunes,São Paulo,300,3,1,5,800000,False,Jardim Germânia
,São Paulo,248,4,3,4,20000,True,Sumarezinho
Rua Wagih Assad Abdalla,São Paulo,678,4,6,4,10000,True,Morumbi
Rua Nebraska,São Paulo,240,4,4,6,2950000,False,Brooklin Novo
Rua João Maria Carmona,São Paulo,130,2,2,3,470000,False,Vila Dalila
,São Paulo,177,3,5,2,1500000,False,Vila Cordeiro
,São Paulo,1000,5,7,6,16500000,False,Jardim Paulista
,São Paulo,140,2,2,2,480000,False,Vila Canero
Rua Herwis,São Paulo,160,3,2,4,462770,False,Vila Ema
Rua República do Iraque,São Paulo,248,3,4,2,2350000,False,Brooklin Paulista
Rua França Carvalho,São Paulo,210,3,3,6,1300000,False,Alto da Mooca
Avenida Pascoal da Rocha Falcão,São Paulo,300,4,4,3,990000,False,Jardim Santa Helena
Rua Marina Cintra,São Paulo,480,4,5,4,5500000,False,Jardim Europa
Rua Batista de Oliveira,São Paulo,294,2,1,4,1914000,False,Vila Formosa
,São Paulo,952,4,6,15,30000,True,Vila Morumbi
,São Paulo,401,4,5,5,1850000,False,Brooklin Paulista
,São Paulo,90,4,3,3,600000,False,Vila Primavera
,São Paulo,200,3,2,3,1050000,False,Brooklin Paulista
Rua Deputado Fábio Aranha,São Paulo,447,4,5,4,4000000,False,Pacaembu
,São Paulo,345,5,4,3,2550000,False,Sumaré
,São Paulo,80,2,1,5,300000,False,Brasilândia
Rua dos Povoadores,São Paulo,167,2,2,1,780000,False,Vila Antonina
Rua Maria Leonete da Silva Nóbrega,São Paulo,270,4,6,5,1950000,False,Vila Ida
Rua Amaro Leite,São Paulo,312,3,2,2,760000,False,Socorro
,São Paulo,550,4,4,5,10000,True,Vila Tramontano
Rua Doutor Jesuíno de Abreu,São Paulo,285,4,5,6,1450000,False,Jardim Morumbi
,São Paulo,600,4,7,6,3700000,False,Jardim Cordeiro
Rua Princesa Leopoldina,São Paulo,150,3,2,4,1600000,False,Alto da Lapa
,São Paulo,530,5,6,5,22000,True,Cidade Jardim
Rua Pereira da Nóbrega,São Paulo,260,3,1,8,1600000,False,Vila Monumento
Rua Laplace,São Paulo,392,4,5,4,4280000,False,Brooklin Paulista
Rua Santos Torres,São Paulo,140,2,3,1,1915000,False,Pinheiros
Rua Oliveira Lima,São Paulo,140,3,3,3,700000,False,Cambuci
,São Paulo,549,3,3,7,5900000,False,Jardim Paulista
Rua Baltazar Gomes de Alarcão,São Paulo,335,4,2,3,750000,False,Jardim Miriam
Avenida Piassanguaba,São Paulo,400,3,4,6,2210000,False,Planalto Paulista
Rua França Júnior,São Paulo,476,3,3,2,1500000,False,Jardim da Saúde
,São Paulo,850,5,4,6,5000000,False,Paineiras do Morumbi
Rua Félix Guilhem,São Paulo,85,2,1,4,550000,False,Lapa de Baixo
Rua Ermelinda Americano,São Paulo,200,3,3,2,1500000,False,Perdizes
,São Paulo,539,4,6,4,5500000,False,Jardim dos Estados
Rua Santo Afonso,São Paulo,1100,10,8,10,3500000,False,Penha de França
Alameda dos Piratinins,São Paulo,266,4,4,3,1600000,False,Planalto Paulista
Rua Bráz Cubas,São Paulo,140,4,2,1,1300000,False,Aclimação
Rua Alberto Faria,São Paulo,640,4,6,4,6850000,False,Alto de Pinheiros
,São Paulo,292,3,3,2,1600000,False,Brooklin Paulista
,São Paulo,360,4,6,4,7500000,False,Jardim Luzitânia
,São Paulo,455,3,4,5,2600000,False,Vila Ida
Rua Padre Melitón Viguera Penillos,São Paulo,154,3,3,2,958000,False,Vila Leopoldina
Rua Cláudio Xavier,São Paulo,170,3,2,5,650000,False,Jardim de Lorenzo
Rua Arandu,São Paulo,430,6,3,3,1800000,False,Brooklin Paulista
Rua Deputado Euvaldo Lodi,São Paulo,1245,4,6,4,40000,True,Retiro Morumbi
,São Paulo,850,4,5,6,7500000,False,Retiro Morumbi
,São Paulo,600,4,6,12,2700000,False,Granja Julieta
Rua Drava,São Paulo,300,3,1,6,1450000,False,Vila Moinho Velho
Rua Dom Tomás Costa e Lima,São Paulo,388,3,5,8,4900000,False,Vila Tramontano
,São Paulo,180,3,3,2,850000,False,Cidade Dutra
,São Paulo,344,3,5,4,12000,True,Alto de Pinheiros
Rua Martins,São Paulo,329,4,2,5,1500000,False,Butantã
,São Paulo,318,3,2,7,1696000,False,Vila Santana
,São Paulo,96,3,2,2,690000,False,Jardim Marajoara
Rua Laurindo de Brito,São Paulo,230,5,4,4,1150000,False,Lapa
,São Paulo,454,3,5,3,3300000,False,Chácara Monte Alegre
Praça Pinheiro da Cunha,São Paulo,174,3,3,4,900000,False,Ipiranga
Rua Caixanas,São Paulo,551,4,8,6,5000000,False,Jardim Guedala
Rua Cambará,São Paulo,170,3,4,4,1050000,False,Vila Bertioga
,São Paulo,550,4,5,4,3500000,False,Jardim Leonor
Rua Agostinho Gomes,São Paulo,150,2,3,2,1020000,False,Ipiranga
Rua Conselheiro Torres Homem,São Paulo,250,4,5,4,4900000,False,Jardim Paulista
Rua Groenlândia,São Paulo,815,4,8,4,25000000,False,Jardim América
,São Paulo,378,10,8,8,950000,False,Jardim Gonzaga
Rua Dom Tomás Costa e Lima,São Paulo,388,3,6,5,4890000,False,Vila Tramontano
Rua Palmares,São Paulo,315,4,5,5,1700000,False,Brooklin Paulista
,São Paulo,223,4,3,3,1900010,False,Vila Madalena
Rua Nestor Moreira,São Paulo,234,3,1,2,1500000,False,Jardim da Glória
,São Paulo,90,3,2,1,600000,False,Liberdade
Rua Amsterdam,São Paulo,124,3,2,2,600000,False,Vila Campestre
,São Paulo,190,3,3,4,1500000,False,Jardim Campo Grande
Rua Colombo Florence,São Paulo,370,3,3,6,930000,False,Parque Fongaro
Rua Geórgia,São Paulo,320,4,6,5,12000,True,Brooklin Paulista
Rua Dom Sebastião do Rego,São Paulo,174,3,2,2,750000,False,Vila Gumercindo
Rua Miralta,São Paulo,534,4,2,4,5500000,False,Alto de Pinheiros
Rua Nova York,São Paulo,350,3,1,3,2500000,False,Brooklin Paulista
Avenida Amarilis,São Paulo,840,4,7,8,5900000,False,Cidade Jardim
,São Paulo,350,3,3,8,1200000,False,Vila Carrão
Rua Doutor João Pinheiro,São Paulo,457,5,6,3,6500000,False,Jardim Paulista
Rua Joaquim de Almeida,São Paulo,90,3,1,2,1100000,False,Mirandópolis
Rua Perucaba,São Paulo,290,2,3,5,1700000,False,Tatuapé
,São Paulo,300,4,5,6,2450000,False,Pacaembu
,São Paulo,92,3,2,2,600000,False,Vila Bela
Rua Montanaro Canavese,São Paulo,150,3,2,4,685000,False,Cidade Líder
Rua Paulo Orozimbo,São Paulo,120,3,1,1,800000,False,Cambuci
Rua Honorato Faustino,São Paulo,215,3,2,10,3300000,False,Alto de Pinheiros
Rua Barueri,São Paulo,65,2,1,3,480000,False,Vila Carrão
,São Paulo,490,5,5,10,2400000,False,Vila Ida
Rua Messina,São Paulo,260,3,5,6,1600000,False,Jardim Leonor Mendes de Barros
Rua dos Comerciários,São Paulo,422,3,5,6,1300000,False,Cidade Vargas
Rua Vitor Costa,São Paulo,237,3,4,4,1400000,False,Bosque da Saúde
Rua José Ricardo Athayde Marcondes,São Paulo,273,3,5,3,2500000,False,Vila Sônia
,São Paulo,496,4,1,4,3000000,False,Jardim Guedala
Rua Santos Dumont,São Paulo,567,5,9,4,3490000,False,Jardim Petrópolis
,São Paulo,184,3,4,4,1700000,False,Vila Cordeiro
Rua Jaguanambi,São Paulo,456,4,8,3,2590000,False,Cidade Jardim
,São Paulo,952,3,7,10,27000000,False,Jardim Europa
Rua Albina Barbosa,São Paulo,240,4,4,3,1999900,False,Aclimação
Rua Silveira Sampaio,São Paulo,1000,5,7,4,6500000,False,Fazenda Morumbi
Rua Duílio Santo Suosso,São Paulo,180,4,5,6,1360000,False,Jardim Tenani
Rua Padre Manuel Luís de Vergueiro,São Paulo,220,3,2,4,500000,False,Vila Antonieta
Rua Laiana,São Paulo,360,3,7,6,5500000,False,Alto de Pinheiros
Rua Joazeiro,São Paulo,550,3,7,6,3600000,False,Sumaré
Rua Maringá,São Paulo,170,3,3,3,1900000,False,Perdizes
Rua Godói Preto,São Paulo,180,5,3,5,1600000,False,Brás
Rua Xerentes,São Paulo,160,3,1,1,1590000,False,Pompeia
,São Paulo,180,4,3,5,3500,True,Saúde
Rua João Batista Leme da Silva,São Paulo,174,4,4,2,1219000,False,Vila Madalena
,São Paulo,890,3,4,8,65000,True,Jardim América
Rua Santo Eufredo,São Paulo,763,4,5,5,5400000,False,Jardim Guedala
,São Paulo,120,2,2,2,650000,False,Vila Nair
,São Paulo,169,3,4,2,1250000,False,Vila Cordeiro
Rua Tomé Portes,São Paulo,650,4,5,6,10000,True,Brooklin Paulista
,São Paulo,260,3,3,3,1500000,False,Vila Progredior
Rua Marie Nader Calfat,São Paulo,20,3,2,2,800000,False,Jardim Ampliação
Rua Blumenau,São Paulo,125,3,4,2,695000,False,Vila Leopoldina
,São Paulo,189,4,5,3,799000,False,Jardim Monte Kemel
Avenida Parada Pinto,São Paulo,280,3,3,6,4000,True,Vila Nova Cachoeirinha
,São Paulo,260,3,3,3,720000,False,Quinta da Paineira
Rua Caropá,São Paulo,217,4,5,4,1800000,False,Vila Madalena
Rua Tomé Portes,São Paulo,266,4,5,2,1500000,False,Brooklin Paulista
Avenida Padre Pereira de Andrade,São Paulo,312,3,4,5,3150000,False,Boaçava
,São Paulo,450,4,4,4,4000000,False,Jardim Leonor
Rua Plínio Salgado,São Paulo,151,2,2,3,1500000,False,Jardim Peri Peri
Rua Frederico Von Martius,São Paulo,300,3,5,2,1399900,False,Vila Monumento
,São Paulo,600,3,3,4,28000,True,Jardim América
Rua Amílcar Barbuy,São Paulo,180,4,5,3,1200000,False,Parque São Domingos
Rua Salto Grande,São Paulo,130,3,2,2,750000,False,Sumaré
Rua Doutor Nério Nunes,São Paulo,300,3,1,5,800000,False,Jardim Germânia
,São Paulo,248,4,3,4,20000,True,Sumarezinho
Rua Wagih Assad Abdalla,São Paulo,678,4,6,4,10000,True,Morumbi
Rua Nebraska,São Paulo,240,4,4,6,2950000,False,Brooklin Novo
Rua João Maria Carmona,São Paulo,130,2,2,3,470000,False,Vila Dalila
,São Paulo,177,3,5,2,1500000,False,Vila Cordeiro
,São Paulo,1000,5,7,6,16500000,False,Jardim Paulista
,São Paulo,140,2,2,2,480000,False,Vila Canero
Rua Herwis,São Paulo,160,3,2,4,462770,False,Vila Ema
Rua República do Iraque,São Paulo,248,3,4,2,2350000,False,Brooklin Paulista
Rua França Carvalho,São Paulo,210,3,3,6,1300000,False,Alto da Mooca
Avenida Pascoal da Rocha Falcão,São Paulo,300,4,4,3,990000,False,Jardim Santa Helena
Rua Marina Cintra,São Paulo,480,4,5,4,5500000,False,Jardim Europa
Rua Batista de Oliveira,São Paulo,294,2,1,4,1914000,False,Vila Formosa
,São Paulo,952,4,6,15,30000,True,Vila Morumbi
,São Paulo,401,4,5,5,1850000,False,Brooklin Paulista
,São Paulo,90,4,3,3,600000,False,Vila Primavera
,São Paulo,200,3,2,3,1050000,False,Brooklin Paulista
Rua Deputado Fábio Aranha,São Paulo,447,4,5,4,4000000,False,Pacaembu
,São Paulo,345,5,4,3,2550000,False,Sumaré
,São Paulo,80,2,1,5,300000,False,Brasilândia
Rua dos Povoadores,São Paulo,167,2,2,1,780000,False,Vila Antonina
Rua Maria Leonete da Silva Nóbrega,São Paulo,270,4,6,5,1950000,False,Vila Ida
Rua Amaro Leite,São Paulo,312,3,2,2,760000,False,Socorro
,São Paulo,550,4,4,5,10000,True,Vila Tramontano
Rua Doutor Jesuíno de Abreu,São Paulo,285,4,5,6,1450000,False,Jardim Morumbi
,São Paulo,140,3,3,2,1090000,False,Brooklin Paulista
Avenida Lasar Segall,São Paulo,460,3,4,2,772000,False,Vila Celeste
Rua Eusébio de Paula Marcondes,São Paulo,120,2,1,2,350000,False,Rio Pequeno
Rua Campina da Taborda,São Paulo,350,3,4,2,1800000,False,Planalto Paulista
,São Paulo,320,3,5,3,2200000,False,Campo Belo
Rua Dona Balduína,São Paulo,320,4,7,3,3200000,False,Sumaré
Rua Alabastro,São Paulo,300,5,6,3,8000,True,Aclimação
Rua Doutor Paulo Queiroz,São Paulo,520,3,2,2,450000,False,Jardim Nove de Julho
Rua Ajuritiba,São Paulo,90,2,1,6,500000,False,Jardim Oriental
,São Paulo,120,3,4,4,900000,False,Jardim Bonfiglioli
,São Paulo,400,3,3,4,2100000,False,Pacaembu
Rua Montezuma,São Paulo,300,4,2,4,4800000,False,Jardim das Bandeiras
,São Paulo,141,3,4,2,1570000,False,Santo Amaro
,São Paulo,365,4,5,5,2800000,False,Brooklin Paulista
Rua Gomes Nogueira,São Paulo,144,3,1,2,850000,False,Vila São José
Rua Muribeca,São Paulo,450,4,2,3,3500000,False,Cidade Jardim
,São Paulo,180,4,2,3,724000,False,Vila do Encontro
,São Paulo,600,4,2,10,12000000,False,Jardim Europa
,São Paulo,330,3,4,2,1800000,False,Campo Belo
,São Paulo,220,3,4,3,1200000,False,Lar São Paulo
Rua Constantino Fraga,São Paulo,140,2,1,3,850000,False,Vila Leopoldina
,São Paulo,200,3,5,3,1200000,False,Jardim Ernestina
,São Paulo,723,3,4,4,15000000,False,Jardim Paulista
,São Paulo,1817,5,8,6,12000000,False,Cidade Jardim
,São Paulo,750,4,5,4,3100000,False,Chácara Santo Antônio
Rua Mourato Coelho,São Paulo,133,6,2,1,1390000,False,Pinheiros
Rua Engenheiro Sá Rocha,São Paulo,490,5,5,10,2400000,False,Vila Ida
Rua Manduri,São Paulo,420,4,6,4,25000,True,Jardim Paulistano
Rua Tanabi,São Paulo,143,3,3,1,1200000,False,Água Branca
,São Paulo,714,5,7,4,3400000,False,Santo Amaro
Rua Heitor Peixoto,São Paulo,180,5,2,4,991000,False,Cambuci
Rua Miquelino Gabriel Fraga,São Paulo,252,4,4,4,4000,True,Vila Noca
Rua Marquês de Maricá,São Paulo,100,5,3,5,1200000,False,Sacomã
Rua João Batista Leme da Silva,São Paulo,174,4,4,2,1219000,False,Vila Madalena
,São Paulo,496,4,6,6,4100000,False,Vila Ida
,São Paulo,112,3,2,1,719000,False,Jabaquara
,São Paulo,320,3,5,4,1900000,False,Morumbi
Rua Aroaba,São Paulo,1045,2,1,1,10000000,False,Vila Leopoldina
Rua Sônia Ribeiro,São Paulo,907,4,7,8,5800000,False,Campo Belo
Rua Laplace,São Paulo,392,4,6,4,4280000,False,Brooklin
Rua Doutor Inácio Arruda,São Paulo,350,3,2,5,1272000,False,Vila Monumento
,São Paulo,338,5,6,4,3100000,False,Jardim da Glória
,São Paulo,572,4,6,7,15000,True,Jardim Guedala
Rua João de Santa Maria,São Paulo,184,4,6,3,1280000,False,Vila Brasilina
,São Paulo,180,3,2,2,990000,False,Santo Amaro
Rua Pedro Gabriel,São Paulo,56,2,1,2,510000,False,Vila Gomes Cardim
Rua dos Tamanás,São Paulo,519,4,4,3,2490000,False,Vila Madalena
Rua Itacuruçá,São Paulo,82,1,1,4,410000,False,Vila Santa Catarina
,São Paulo,627,4,5,10,3700000,False,Jardim Leonor
Avenida Itacira,São Paulo,300,4,3,3,2000000,False,Planalto Paulista
,São Paulo,400,2,5,4,35000,True,Perdizes
Rua Bastos Pereira,São Paulo,750,6,6,7,8500000,False,Moema
,São Paulo,277,4,5,3,1650000,False,Butantã
Rua José de Freitas Guimarães,São Paulo,400,3,3,4,2200000,False,Pacaembu
,São Paulo,800,5,6,2,2200000,False,Vila Morumbi
Rua Juréia,São Paulo,190,3,2,2,691000,False,Chácara Inglesa
Alameda dos Guaicanãs,São Paulo,198,3,3,2,1400000,False,Planalto Paulista
,São Paulo,970,4,6,6,45000,True,Cidade Jardim
Travessa Doutor Adilson Rodrigues,São Paulo,120,3,2,1,670000,False,Vila Mariana
Rua Campo Verde,São Paulo,142,3,3,2,2200000,False,Jardim Europa
Rua Joaquim Lima de Moraes,São Paulo,215,3,5,2,1500000,False,Santo Amaro
,São Paulo,800,4,5,6,4100000,False,Morumbi
Rua Juvelina Ferreira de Assis,São Paulo,130,3,3,2,530000,False,Vila Carrão
Rua João Tibiriçá,São Paulo,240,3,1,4,1383000,False,Lapa
,São Paulo,165,2,4,2,750000,False,Bosque da Saúde
Rua João Álvares Correia,São Paulo,297,4,6,4,12000,True,Jardim Vila Mariana
,São Paulo,320,3,5,2,1729000,False,Campo Belo
Rua Olegário Mariano,São Paulo,837,4,9,10,7700000,False,Jardim Guedala
Alameda dos Auetis,São Paulo,193,3,3,3,1300000,False,Planalto Paulista
Rua Manuel Justiniano Quintão,São Paulo,278,4,4,4,980000,False,Vila Palmeiras
Rua Amaro Cavalheiro,São Paulo,120,3,2,1,1350000,False,Pinheiros
Rua Domingos Lopes,São Paulo,180,3,4,2,1050000,False,Campo Belo
Rua Joshey Leão,São Paulo,135,4,4,2,600000,False,Sítio da Figueira
Rua Aldo de Azevedo,São Paulo,290,5,6,3,5000000,False,Vila Madalena
Rua Rio de São Francisco,São Paulo,600,3,4,5,1900000,False,Chácara Jaraguá
Rua Engenheiro Toledo Malta,São Paulo,140,3,3,2,680000,False,Saúde
,São Paulo,480,4,5,4,15000000,False,Jardim Europa
Alameda Olga,São Paulo,300,1,3,2,1300000,False,Barra Funda
Rua Ribeiro Lisboa,São Paulo,960,5,1,6,3900000,False,Fazenda Morumbi
Rua Sérgio Milliet,São Paulo,280,3,3,5,1800000,False,Jardim Marajoara
,São Paulo,207,3,5,4,10000,True,Vila Nova Caledônia
Rua Sanharó,São Paulo,584,4,5,4,3150000,False,Jardim Guedala
Rua São Benedito,São Paulo,430,3,4,3,2500000,False,Santo Amaro
Rua Sampaio Vidal,São Paulo,191,2,4,2,28000,True,Jardim Paulistano
,São Paulo,174,4,4,2,1100000,False,Vila Madalena
Rua Alabastro,São Paulo,240,3,3,1,1200000,False,Aclimação
Rua Haroldo Paranhos,São Paulo,252,3,3,7,1520000,False,Parque Jabaquara
Rua Doutor Milton de Souza Meirelles,São Paulo,150,3,3,2,853100,False,Parque Continental
,São Paulo,332,3,4,5,850000,False,Jardim Maria Duarte
Rua Custódio Guimarães,São Paulo,155,3,2,2,355000,False,Jardim Cidade Pirituba
Rua Antônio Boz Marfil,São Paulo,407,4,6,6,2000000,False,Parque dos Príncipes
Rua Luís Gonçalves,São Paulo,124,2,2,2,447000,False,Vila Santa Virginia
,São Paulo,100,2,3,1,1100000,False,Chácara Monte Alegre
Alameda dos Arapanés,São Paulo,320,3,5,3,3500000,False,Moema
Rua Ucaiari,São Paulo,143,3,5,2,1200000,False,Alto da Lapa
,São Paulo,490,5,4,10,2400010,False,Vila Ida
Rua Auguste Clesinger,São Paulo,273,5,5,3,1099950,False,Vila do Bosque
,São Paulo,382,3,2,3,7500000,False,Jardim Paulistano
Rua Roque Giangrande Filho,São Paulo,100,2,1,2,600000,False,Jardim Itapeva
Rua Marcelino Champagnat,São Paulo,700,3,6,8,18000,True,Jardim da Glória
Rua Tangará,São Paulo,180,2,3,1,880000,False,Vila Mariana
Praça Santos Coimbra,São Paulo,400,4,4,6,1920000,False,Morumbi
Avenida Comendador Adibo Ares,São Paulo,1000,5,5,4,3350000,False,Morumbi
,São Paulo,160,3,1,5,900000,False,Cidade Vargas
,São Paulo,115,3,2,1,640000,False,Jardim Hípico
Rua Tapes,São Paulo,152,5,5,4,840000,False,Jardim Aeroporto
Rua Polônia,São Paulo,486,3,4,2,3200000,False,Jardim Europa
Rua Ponta Porã,São Paulo,300,4,4,2,1200000,False,Vila Ipojuca
,São Paulo,76,2,1,1,252900,False,Parada XV de Novembro
,São Paulo,700,5,7,15,2600000,False,Interlagos
Rua do Piquete,São Paulo,110,3,3,2,750000,False,Vila Monumento
,São Paulo,980,5,8,6,3200000,False,Jardim Leonor
,São Paulo,405,2,4,2,1700000,False,Fazenda Morumbi
Rua Irmão Gonçalo,São Paulo,815,6,6,4,4900000,False,Jardim das Bandeiras
Rua Jordão da Costa,São Paulo,180,3,3,3,560000,False,Vila Nhocune
Rua Deputado João Bravo Caldeira,São Paulo,280,3,3,3,850000,False,Planalto Paulista
,São Paulo,220,3,5,4,1590000,False,Jardim Bélgica
,São Paulo,520,5,5,15,7000000,False,Jardim Paulista
Avenida Iraí,São Paulo,330,3,5,4,1420000,False,Indianópolis
,São Paulo,687,5,7,6,10000000,False,Perdizes
Rua Moura Brasil,São Paulo,300,3,3,4,1600000,False,Butantã
,São Paulo,192,3,3,5,10000,True,Jardim Jussara
Rua Doutor José de Moura Resende,São Paulo,270,4,6,4,1280000,False,Caxingui
Rua Laurindo Sbampato,São Paulo,80,2,2,2,470000,False,Vila Guilherme
Rua Ministro Jesuíno Cardoso,São Paulo,303,3,5,5,5500000,False,Vila Nova Conceição
Rua Marco Aurélio,São Paulo,160,3,4,2,1000000,False,Vila Romana
Rua Rifaina,São Paulo,125,2,3,1,580000,False,Vila Anglo Brasileira
,São Paulo,136,2,1,1,480000,False,Vila Formosa
Rua Içana,São Paulo,346,4,3,2,2400000,False,Jardim Paulistano
,São Paulo,564,5,8,6,12000,True,Jardim Guedala
,São Paulo,400,4,7,4,17000,True,Sumaré
Rua Doutor Inácio Arruda,São Paulo,260,3,4,6,1300000,False,Vila Monumento
Rua Gervásio Pires Ferreira,São Paulo,172,3,3,3,850000,False,Planalto Paulista
Avenida dos Imarés,São Paulo,760,3,2,3,12160000,False,Indianópolis
Rua Portugal,São Paulo,693,4,5,6,16000000,False,Jardim Europa
,São Paulo,259,3,3,2,9500,True,Vila Sônia
Rua Nelson Lins e Barros,São Paulo,120,4,2,1,500000,False,Jardim Vergueiro
Rua Emanuel Guedes,São Paulo,145,11,1,2,550000,False,Conjunto Residencial Butantã
Rua Francisco Andrade,São Paulo,144,3,1,4,460000,False,Vila Guedes
Rua General Góis Monteiro,São Paulo,173,4,2,2,1200000,False,Vila Anglo Brasileira
Rua Arminda Fernandes de Almeida,São Paulo,400,4,6,4,2850000,False,Vila Mariana
Rua Ministro Sinésio Rocha,São Paulo,180,3,4,3,1796000,False,Vila Anglo Brasileira
Rua Hilário Magro Junior,São Paulo,304,4,5,5,2800000,False,Butantã
Rua Doutor Mário Vicente,São Paulo,180,3,4,4,1200000,False,Vila Dom Pedro I
,São Paulo,117,2,1,2,480000,False,Jardim São Carlos
Avenida Brigadeiro Luís Antônio,São Paulo,190,2,3,3,3500000,False,Jardim Paulista
Rua Engenheiro Teixeira Soares,São Paulo,483,3,5,3,5990000,False,Butantã
Avenida Diógenes Ribeiro de Lima,São Paulo,190,3,3,5,10000,True,Alto de Pinheiros
,São Paulo,300,3,2,3,3600000,False,Sumaré
Alameda dos Guaiases,São Paulo,530,3,5,12,1750000,False,Indianópolis
Rua Rocinha,São Paulo,195,3,4,2,1800000,False,Bosque da Saúde
Rua Mongóis,São Paulo,200,3,4,5,1277000,False,Vila Monumento
Alameda dos Guaicanãs,São Paulo,240,4,1,2,1780000,False,Planalto Paulista
Rua Teixeira Mendes,São Paulo,180,4,2,2,750000,False,Liberdade
,São Paulo,533,4,5,6,2200000,False,Real Parque
Rua Alves Guimarães,São Paulo,120,4,3,4,2600000,False,Pinheiros
,São Paulo,480,3,3,4,3800000,False,Sumaré
Rua Tenente Sotomano,São Paulo,66,3,2,2,450000,False,Jardim Brasil
,São Paulo,153,4,3,4,2100000,False,Santo Amaro
Avenida Quarto Centenário,São Paulo,724,6,4,8,38000,True,Jardim Luzitânia
Rua Angustura,São Paulo,320,4,6,10,2200000,False,Vila da Saúde
Rua Antônio Cubas,São Paulo,150,3,4,3,700000,False,Vila Santa Edwiges
Rua Tapes,São Paulo,152,5,5,4,839000,False,Jardim Aeroporto
,São Paulo,520,4,3,8,1700000,False,Parque dos Príncipes
Rua Bandeirante Sampaio Soares,São Paulo,484,5,6,6,6700000,False,Vila Morumbi
Rua Manoel da Rocha Lins,São Paulo,250,5,4,2,559000,False,Rio Bonito
Rua Roque Giangrande Filho,São Paulo,100,2,1,2,600000,False,Jardim Itapeva
Rua Berlioz,São Paulo,294,5,2,5,2200000,False,Alto de Pinheiros
Rua Alemanha,São Paulo,540,3,5,3,7699000,False,Jardim Europa
,São Paulo,545,4,6,4,8500000,False,Jardim Guedala
,São Paulo,300,3,4,4,958000,False,Vila Brasílio Machado
Rua São Mateus,São Paulo,160,3,4,4,1500000,False,Granja Julieta
Avenida Cupecê,São Paulo,167,2,3,1,693000,False,Jardim Prudência
Rua Hermínio Lemos,São Paulo,200,3,5,4,1250000,False,Cambuci
Rua Conselheiro João Alfredo,São Paulo,290,3,4,2,640000,False,Mooca
Rua Lomas Valentinas,São Paulo,300,4,5,4,3300000,False,Alto da Lapa
Avenida Moaci,São Paulo,380,3,6,4,1690000,False,Planalto Paulista
Rua Cássio de Almeida,São Paulo,110,2,1,1,380000,False,Vila Guilherme
Rua Eva Bloch,São Paulo,150,4,3,4,1600000,False,Bosque da Saúde
Rua Fonseca da Costa,São Paulo,321,4,2,3,980000,False,Bosque da Saúde
,São Paulo,140,3,3,2,1100000,False,Campo Belo
Rua Vitorino Carmilo,São Paulo,165,3,4,1,790000,False,Barra Funda
Rua Franca do Imperador,São Paulo,640,3,2,5,350000,False,Jardim Vera Cruz
Rua Ibaragui Nissui,São Paulo,270,4,6,4,2120000,False,Jardim Vila Mariana
,São Paulo,170,3,3,2,947000,False,Mooca
Rua Domingos Lopes,São Paulo,200,2,2,2,980000,False,Campo Belo
Rua Marechal Bitencourt,São Paulo,1200,3,10,14,16000000,False,Jardim Paulista
Rua Aleixo da Silva,São Paulo,132,3,3,4,830000,False,Vila Almeida
Rua São Bernardo,São Paulo,129,3,2,5,850000,False,Cidade Mãe do Céu
Rua Deputado João Bravo Caldeira,São Paulo,280,3,3,3,850000,False,Planalto Paulista
,São Paulo,220,3,5,4,1590000,False,Jardim Bélgica
Rua Orós,São Paulo,1100,2,2,2,5000000,False,Sumarezinho
,São Paulo,961,5,12,9,7000000,False,Fazenda Morumbi
Rua Doutor Queirós Guimarães,São Paulo,250,3,1,8,1450000,False,Jardim Guedala
Rua Joaquim Cândido de Azevedo Marques,São Paulo,495,5,6,3,2765000,False,Vila Morumbi
Rua São Calixto,São Paulo,100,2,2,1,750000,False,Vila Sônia
,São Paulo,135,3,2,2,675000,False,Interlagos
Rua Mota Pais,São Paulo,188,3,2,2,1270000,False,Vila Ipojuca
,São Paulo,80,2,1,2,600000,False,Vila Gomes Cardim
Rua Fábia,São Paulo,148,3,3,1,800000,False,Vila Romana
Rua Pedro Alexandrino,São Paulo,109,3,2,3,650000,False,Chácara Seis de Outubro
Rua Engenheiro Francisco Azevedo,São Paulo,380,3,4,4,1600000,False,Pompeia
Rua Professor Luiz Wanderley,São Paulo,180,4,4,3,1200000,False,Ipiranga
Rua Doutor Augusto de Miranda,São Paulo,265,2,3,5,1601000,False,Vila Pompéia
,São Paulo,420,3,5,6,6000000,False,Jardim Paulista
Rua Mário Gonçalves de Oliveira,São Paulo,750,4,4,5,14000,True,Fazenda Morumbi
Rua Antônio de Gouveia Giudice,São Paulo,316,4,5,2,3500000,False,Alto de Pinheiros
,São Paulo,1296,5,7,7,16000,True,Jardim dos Estados
Rua Cunha Gago,São Paulo,100,1,2,1,700000,False,Pinheiros
,São Paulo,640,5,8,6,6000000,False,Jardim Cordeiro
Rua Gaspar Lourenço,São Paulo,240,3,4,3,1880000,False,Vila Mariana
,São Paulo,182,4,3,4,850000,False,Planalto Paulista
Rua Atenas,São Paulo,381,3,4,3,4500000,False,Jardim Europa
,São Paulo,450,3,6,4,3400000,False,Alto de Pinheiros
,São Paulo,250,3,5,6,1450000,False,Vila Polopoli
,São Paulo,432,2,1,6,960000,False,Vila Macedópolis
Rua Domingos Augusto Setti,São Paulo,380,4,5,4,5000000,False,Jardim Vila Mariana
,São Paulo,115,3,3,3,500000,False,Vila Virginia
Rua Ouvidor Peleja,São Paulo,280,4,3,4,1600000,False,Vila Mariana
Rua Godofredo Rangel,São Paulo,240,3,4,3,1130000,False,Mirandópolis
,São Paulo,412,4,6,6,2500000,False,Alto de Pinheiros
Rua São Rafael,São Paulo,84,3,2,2,750000,False,Mooca
,São Paulo,450,4,7,5,3500000,False,Alto de Pinheiros
,São Paulo,140,4,2,1,382000,False,Vila Boaçava
Rua Doutor Rubens de Azevedo Marques,São Paulo,640,4,7,4,2000000,False,Chácara Monte Alegre
Rua Arminda Fernandes de Almeida,São Paulo,400,4,6,4,2850000,False,Vila Mariana
Rua Ministro Sinésio Rocha,São Paulo,180,3,4,3,1796000,False,Vila Anglo Brasileira
Rua Hilário Magro Junior,São Paulo,304,4,5,5,2800000,False,Butantã
Rua Doutor Mário Vicente,São Paulo,180,3,4,4,1200000,False,Vila Dom Pedro I
,São Paulo,117,2,1,2,480000,False,Jardim São Carlos
Avenida Brigadeiro Luís Antônio,São Paulo,190,2,3,3,3500000,False,Jardim Paulista
Rua Engenheiro Teixeira Soares,São Paulo,483,3,5,3,5990000,False,Butantã
Avenida Diógenes Ribeiro de Lima,São Paulo,190,3,3,5,10000,True,Alto de Pinheiros
,São Paulo,300,3,2,3,3600000,False,Sumaré
Alameda dos Guaiases,São Paulo,530,3,5,12,1750000,False,Indianópolis
Rua Rocinha,São Paulo,195,3,4,2,1800000,False,Bosque da Saúde
Rua Mongóis,São Paulo,200,3,4,5,1277000,False,Vila Monumento
Alameda dos Guaicanãs,São Paulo,240,4,1,2,1780000,False,Planalto Paulista
,São Paulo,400,4,1,5,6500,True,Água Branca
Rua Evans,São Paulo,95,2,2,3,470000,False,Vila Esperança
Rua Sanharó,São Paulo,584,4,5,4,3150000,False,Jardim Guedala
Rua São Benedito,São Paulo,430,3,4,3,2500000,False,Santo Amaro
Rua Sampaio Vidal,São Paulo,191,2,4,2,28000,True,Jardim Paulistano
,São Paulo,174,4,4,2,1100000,False,Vila Madalena
Rua Alabastro,São Paulo,240,3,3,1,1200000,False,Aclimação
Rua Haroldo Paranhos,São Paulo,252,3,3,7,1520000,False,Parque Jabaquara
Rua Doutor Milton de Souza Meirelles,São Paulo,150,3,3,2,853100,False,Parque Continental
,São Paulo,332,3,4,5,850000,False,Jardim Maria Duarte
Rua Custódio Guimarães,São Paulo,155,3,2,2,355000,False,Jardim Cidade Pirituba
Rua Antônio Boz Marfil,São Paulo,407,4,6,6,2000000,False,Parque dos Príncipes
Rua Luís Gonçalves,São Paulo,124,2,2,2,447000,False,Vila Santa Virginia
,São Paulo,100,2,3,1,1100000,False,Chácara Monte Alegre
Alameda dos Arapanés,São Paulo,320,3,5,3,3500000,False,Moema
Rua Ucaiari,São Paulo,143,3,5,2,1200000,False,Alto da Lapa
,São Paulo,490,5,4,10,2400010,False,Vila Ida
Rua Auguste Clesinger,São Paulo,273,5,5,3,1099950,False,Vila do Bosque
,São Paulo,382,3,2,3,7500000,False,Jardim Paulistano
Rua Roque Giangrande Filho,São Paulo,100,2,1,2,600000,False,Jardim Itapeva
Rua Marcelino Champagnat,São Paulo,700,3,6,8,18000,True,Jardim da Glória
Rua Tangará,São Paulo,180,2,3,1,880000,False,Vila Mariana
Praça Santos Coimbra,São Paulo,400,4,4,6,1920000,False,Morumbi
Avenida Comendador Adibo Ares,São Paulo,1000,5,5,4,3350000,False,Morumbi
,São Paulo,160,3,1,5,900000,False,Cidade Vargas
,São Paulo,115,3,2,1,640000,False,Jardim Hípico
Rua Tapes,São Paulo,152,5,5,4,840000,False,Jardim Aeroporto
Rua Polônia,São Paulo,486,3,4,2,3200000,False,Jardim Europa
Rua Ponta Porã,São Paulo,300,4,4,2,1200000,False,Vila Ipojuca
,São Paulo,76,2,1,1,252900,False,Parada XV de Novembro
,São Paulo,700,5,7,15,2600000,False,Interlagos
Rua do Piquete,São Paulo,110,3,3,2,750000,False,Vila Monumento
,São Paulo,980,5,8,6,3200000,False,Jardim Leonor
,São Paulo,405,2,4,2,1700000,False,Fazenda Morumbi
Rua Irmão Gonçalo,São Paulo,815,6,6,4,4900000,False,Jardim das Bandeiras
Rua Jordão da Costa,São Paulo,180,3,3,3,560000,False,Vila Nhocune
Rua Deputado João Bravo Caldeira,São Paulo,280,3,3,3,850000,False,Planalto Paulista
,São Paulo,220,3,5,4,1590000,False,Jardim Bélgica
Rua Orós,São Paulo,1100,2,2,2,5000000,False,Sumarezinho
,São Paulo,961,5,12,9,7000000,False,Fazenda Morumbi
Rua Doutor Queirós Guimarães,São Paulo,250,3,1,8,1450000,False,Jardim Guedala
Rua Joaquim Cândido de Azevedo Marques,São Paulo,495,5,6,3,2765000,False,Vila Morumbi
Rua São Calixto,São Paulo,100,2,2,1,750000,False,Vila Sônia
,São Paulo,135,3,2,2,675000,False,Interlagos
Rua Mota Pais,São Paulo,188,3,2,2,1270000,False,Vila Ipojuca
,São Paulo,80,2,1,2,600000,False,Vila Gomes Cardim
Rua Fábia,São Paulo,148,3,3,1,800000,False,Vila Romana
Rua Pedro Alexandrino,São Paulo,109,3,2,3,650000,False,Chácara Seis de Outubro
Rua Engenheiro Francisco Azevedo,São Paulo,380,3,4,4,1600000,False,Pompeia
Rua Professor Luiz Wanderley,São Paulo,180,4,4,3,1200000,False,Ipiranga
Rua Doutor Augusto de Miranda,São Paulo,265,2,3,5,1601000,False,Vila Pompéia
,São Paulo,420,3,5,6,6000000,False,Jardim Paulista
Rua Mário Gonçalves de Oliveira,São Paulo,750,4,4,5,14000,True,Fazenda Morumbi
Rua Antônio de Gouveia Giudice,São Paulo,316,4,5,2,3500000,False,Alto de Pinheiros
,São Paulo,1296,5,7,7,16000,True,Jardim dos Estados
Rua Cunha Gago,São Paulo,100,1,2,1,700000,False,Pinheiros
,São Paulo,640,5,8,6,6000000,False,Jardim Cordeiro
Rua Gaspar Lourenço,São Paulo,240,3,4,3,1880000,False,Vila Mariana
,São Paulo,182,4,3,4,850000,False,Planalto Paulista
Rua Araxiá,São Paulo,456,4,5,3,2350000,False,Jardim Guedala
,São Paulo,180,3,3,3,870000,False,Vila Suzana
Rua Doutor Carneiro Maia,São Paulo,138,2,2,2,850000,False,Vila Água Funda
,São Paulo,353,3,4,6,2100000,False,Alto da Lapa
,São Paulo,190,3,2,3,957010,False,Vila Romana
Rua Miguel Sutil,São Paulo,130,2,1,2,1200000,False,Vila Cordeiro
Rua Ilhota,São Paulo,280,4,4,4,600000,False,Vila Carrão
,São Paulo,500,4,5,3,9000000,False,Jardim Paulista
Rua das Ameixeiras,São Paulo,170,3,5,2,600000,False,Conjunto Residencial Jardim Canaã
Rua Escobar Ortiz,São Paulo,352,4,4,3,6340000,False,Vila Nova Conceição
,São Paulo,190,4,3,3,8000,True,Vila Mariana
,São Paulo,300,3,2,6,2500000,False,Jardim Vila Mariana
,São Paulo,250,3,4,4,1300000,False,Jardim Santo Amaro
,São Paulo,340,3,1,5,1810000,False,Vila Lúcia
Rua das Hortênsias,São Paulo,170,3,3,2,930000,False,Mirandópolis
,São Paulo,250,4,5,4,2200000,False,Brooklin Paulista
Rua Dom Silvério Pimenta,São Paulo,171,3,5,5,1350000,False,Vila Gumercindo
,São Paulo,172,2,3,2,4400000,False,Jardim Europa
Rua Matilde Diez,São Paulo,453,3,1,5,780000,False,Vila do Castelo
,São Paulo,235,3,3,1,6000,True,Pinheiros
Rua Octávio Modolin,São Paulo,85,2,2,2,370000,False,Jardim Rosa Maria
Rua Capitão Garcindo,São Paulo,434,5,4,4,20000,True,Pacaembu
,São Paulo,125,3,4,2,600000,False,Jardim Monte Kemel
Rua Trinta e Um de Março,São Paulo,429,4,5,4,1000000,False,Fazenda Morumbi
Rua João Álvares Soares,São Paulo,200,4,6,6,2900000,False,Campo Belo
Rua Elizabeth Trovão Usui,São Paulo,111,3,2,2,1600000,False,Vila Olímpia
Rua Bernardino Machado,São Paulo,893,7,9,4,3920000,False,Granja Julieta
,São Paulo,90,3,3,2,900000,False,Chácara Inglesa
,São Paulo,270,3,3,3,1650000,False,Santo Amaro
,São Paulo,212,4,5,4,1900000,False,Cidade Monções
Praça Delgado Arouche,São Paulo,130,3,2,2,750000,False,Alto da Mooca
Alameda das Quaresmeiras,São Paulo,308,3,5,6,3500000,False,Chácara Santo Antônio
,São Paulo,290,3,6,6,2700000,False,Bela Aliança
,São Paulo,450,3,5,5,1760000,False,Tremembé
Rua Sebastião Cabot,São Paulo,390,3,3,4,3300000,False,Jardim Guedala
Rua Eva Bloch,São Paulo,150,4,3,4,1500000,False,Bosque da Saúde
Rua Doutor José Maria Whitaker,São Paulo,259,3,2,2,1568000,False,Vila Sônia
Rua Granja Julieta,São Paulo,220,4,4,4,1600000,False,Granja Julieta
Rua Coelho de Carvalho,São Paulo,106,2,2,1,650000,False,Alto da Lapa
Rua Grécia,São Paulo,261,3,2,2,5750000,False,Jardim Europa
,São Paulo,120,3,1,2,2600,False,Instituto de Previdência
Rua Leandro Dupré,São Paulo,139,3,2,5,2800000,False,Vila Clementino
,São Paulo,270,3,5,5,1150000,False,Parque dos Príncipes
,São Paulo,198,4,3,5,6300000,False,Jardim Europa
Rua Rodrigo Cláudio,São Paulo,340,5,7,4,2500000,False,Aclimação
,São Paulo,230,4,4,2,1100000,False,Saúde
,São Paulo,900,4,4,4,4000000,False,Jardim Leonor
Rua Ernesto Manograsso,São Paulo,100,2,1,3,350000,False,Cidade São Mateus
,São Paulo,650,4,7,7,11000000,False,Jardim Paulista
Rua Tomé Portes,São Paulo,445,3,4,8,4000000,False,Brooklin Paulista
Rua Edmon Mário Hage,São Paulo,331,3,3,4,850000,False,Planalto Paulista
Rua Eduardo Antônio de Paula,São Paulo,120,2,2,2,650000,False,Jardim Santa Adélia
,São Paulo,143,3,3,3,1600000,False,Cerqueira César
,São Paulo,115,3,2,2,560000,False,Jardim Cidade Pirituba
Rua Francisco Teles Dourado,São Paulo,320,4,3,4,1380000,False,Jardim Prudência
Rua Rainha Vitória Eugênia,São Paulo,89,2,1,1,525000,False,Vila Campestre
Rua Doutor Cid de Castro Prado,São Paulo,144,2,3,2,800000,False,Planalto Paulista
Avenida dos Bandeirantes,São Paulo,178,2,3,2,750000,False,Planalto Paulista
Alameda dos Guatás,São Paulo,210,3,5,2,1130000,False,Saúde
Rua Lutécia,São Paulo,308,2,1,1,1100000,False,Vila Nova Manchester
Rua Doutor Alfredo Di Vernieri,São Paulo,120,2,1,2,450000,False,Conjunto Residencial Butantã
,São Paulo,120,3,2,1,699000,False,Vila Agueda
,São Paulo,1200,3,6,10,15000000,False,Jardim Paulista
Rua Flávio Queirós Morais,São Paulo,369,4,5,3,2800000,False,Pacaembu
,São Paulo,600,3,5,5,12250000,False,Jardim América
Rua Cunha Gago,São Paulo,100,1,2,1,692000,False,Pinheiros
Rua Alberto Faria,São Paulo,300,3,3,4,3300000,False,Alto de Pinheiros
,São Paulo,97,2,2,1,475000,False,Vila Firmiano Pinto
,São Paulo,360,4,6,6,2345000,False,Vila Inah
Avenida Bagiru,São Paulo,425,5,8,4,5700000,False,Boaçava
Praça Horácio Sabino,São Paulo,250,4,2,6,4500000,False,Pinheiros
,São Paulo,215,3,1,3,1680000,False,Indianópolis
Rua das Ameixeiras,São Paulo,170,3,5,2,600000,False,Conjunto Residencial Jardim Canaã
Rua Escobar Ortiz,São Paulo,352,4,4,3,6340000,False,Vila Nova Conceição
,São Paulo,190,4,3,3,8000,True,Vila Mariana
,São Paulo,300,3,2,6,2500000,False,Jardim Vila Mariana
,São Paulo,250,3,4,4,1300000,False,Jardim Santo Amaro
,São Paulo,340,3,1,5,1810000,False,Vila Lúcia
Rua das Hortênsias,São Paulo,170,3,3,2,930000,False,Mirandópolis
,São Paulo,250,4,5,4,2200000,False,Brooklin Paulista
Rua Dom Silvério Pimenta,São Paulo,171,3,5,5,1350000,False,Vila Gumercindo
,São Paulo,172,2,3,2,4400000,False,Jardim Europa
Rua Matilde Diez,São Paulo,453,3,1,5,780000,False,Vila do Castelo
,São Paulo,235,3,3,1,6000,True,Pinheiros
Rua Octávio Modolin,São Paulo,85,2,2,2,370000,False,Jardim Rosa Maria
Rua Capitão Garcindo,São Paulo,434,5,4,4,20000,True,Pacaembu
,São Paulo,125,3,4,2,600000,False,Jardim Monte Kemel
,São Paulo,384,4,3,5,2014000,False,Vila Gomes Cardim
Rua Trinta e Um de Março,São Paulo,429,4,5,4,1000000,False,Fazenda Morumbi
Rua João Álvares Soares,São Paulo,200,4,6,6,2900000,False,Campo Belo
Rua Elizabeth Trovão Usui,São Paulo,111,3,2,2,1600000,False,Vila Olímpia
Rua Bernardino Machado,São Paulo,893,7,9,4,3920000,False,Granja Julieta
,São Paulo,90,3,3,2,900000,False,Chácara Inglesa
,São Paulo,270,3,3,3,1650000,False,Santo Amaro
,São Paulo,212,4,5,4,1900000,False,Cidade Monções
Praça Delgado Arouche,São Paulo,130,3,2,2,750000,False,Alto da Mooca
Alameda das Quaresmeiras,São Paulo,308,3,5,6,3500000,False,Chácara Santo Antônio
,São Paulo,290,3,6,6,2700000,False,Bela Aliança
,São Paulo,450,3,5,5,1760000,False,Tremembé
Rua Sebastião Cabot,São Paulo,390,3,3,4,3300000,False,Jardim Guedala
Rua Eva Bloch,São Paulo,150,4,3,4,1500000,False,Bosque da Saúde
,São Paulo,80,2,1,1,430000,False,Campo Belo
Rua Odair Pimentel,São Paulo,181,3,6,4,1060000,False,Parque dos Príncipes
,São Paulo,450,5,8,5,5500000,False,Alto de Pinheiros
Rua Professor Eduardo Monteiro,São Paulo,262,6,8,4,1295000,False,Jardim Leonor
Rua Jaguari,São Paulo,242,3,4,1,770000,False,Bosque da Saúde
,São Paulo,240,3,5,2,5500,True,Lar São Paulo
Rua Francisco Pessoa,São Paulo,165,3,3,2,846000,False,Vila Andrade
Rua Teodoro Ramos,São Paulo,280,3,1,4,2800000,False,Pacaembu
Rua Canto e Melo,São Paulo,257,3,4,6,1100000,False,Santo Amaro
,São Paulo,455,4,4,4,10000,True,Jardim Guedala
,São Paulo,330,5,4,4,1703000,False,Brooklin Paulista
,São Paulo,250,3,5,3,2100000,False,Paraíso do Morumbi
,São Paulo,100,2,2,3,330000,False,Jardim Monte Alegre
Rua Francisco Dias,São Paulo,280,4,4,6,1200000,False,Bosque da Saúde
,São Paulo,360,4,5,3,1280000,False,Jardim Leonor
,São Paulo,572,6,8,4,2400000,False,Vila Tramontano
Avenida da Invernada,São Paulo,168,5,2,5,1272000,False,Vila Congonhas
Rua Macejana,São Paulo,450,3,5,3,2000000,False,Indianópolis
Avenida Nova Independência,São Paulo,167,4,2,3,1590000,False,Brooklin Paulista
Rua Lázaro José Gonçalves,São Paulo,400,3,5,6,1950000,False,Jardim Avelino
Rua Baltar,São Paulo,300,2,3,4,550000,False,Vila Califórnia
,São Paulo,242,4,5,4,2790000,False,Planalto Paulista
Rua Sousa Leão,São Paulo,160,3,3,5,1050000,False,Mooca
Rua Lourenço Castanho,São Paulo,350,4,2,4,4000000,False,Vila Nova Conceição
Rua Atlântica,São Paulo,420,4,8,10,9900000,False,Jardim América
,São Paulo,593,4,4,5,4900000,False,Jardim Leonor
Rua Camundo,São Paulo,155,3,2,3,770000,False,Planalto Paulista
Rua João Bizarro da Nave,São Paulo,374,3,2,1,1400000,False,Vila Diva
,São Paulo,535,4,2,4,4800000,False,Planalto Paulista
,São Paulo,495,4,5,2,2100000,False,Vila Morumbi
Rua Passo da Pátria,São Paulo,156,3,3,2,1000000,False,Bela Aliança
Rua Eliseu Visconti,São Paulo,660,4,4,6,4300000,False,Paineiras do Morumbi
Rua Manuel Figueiredo Landim,São Paulo,300,4,5,5,1300000,False,Jardim Campo Grande
Alameda Álvaro de Morais,São Paulo,208,3,4,1,1400000,False,Planalto Paulista
Rua Sebastião de Paiva,São Paulo,154,2,2,3,849000,False,Vila Leopoldina
,São Paulo,232,3,5,3,2000000,False,Jardim Leonor
Rua Emboabas,São Paulo,418,4,5,6,2700000,False,Brooklin Paulista
Rua Polônia,São Paulo,486,4,4,3,3190000,False,Jardim Europa
,São Paulo,492,3,7,5,4800000,False,Alto de Pinheiros
,São Paulo,582,4,5,4,9500000,False,Jardim Luzitânia
Rua Tomé Portes,São Paulo,266,4,5,2,1500000,False,Brooklin Paulista
Rua Estados Unidos,São Paulo,1816,4,10,20,55000000,False,Jardim América
,São Paulo,320,4,3,3,4200000,False,Jardim Paulista
,São Paulo,600,3,5,5,12250000,False,Jardim América
Rua Cunha Gago,São Paulo,100,1,2,1,692000,False,Pinheiros
Rua Alberto Faria,São Paulo,300,3,3,4,3300000,False,Alto de Pinheiros
,São Paulo,97,2,2,1,475000,False,Vila Firmiano Pinto
,São Paulo,360,4,6,6,2345000,False,Vila Inah
Avenida Bagiru,São Paulo,425,5,8,4,5700000,False,Boaçava
Praça Horácio Sabino,São Paulo,250,4,2,6,4500000,False,Pinheiros
,São Paulo,215,3,1,3,1680000,False,Indianópolis
Rua Comendador Elias Zarzur,São Paulo,310,3,5,3,2200000,False,Santo Amaro
,São Paulo,500,4,6,5,9500000,False,Pinheiros
,São Paulo,200,4,1,10,1800000,False,Santo Amaro
,São Paulo,340,4,7,4,3180000,False,Vila Madalena
,São Paulo,680,4,6,4,4400000,False,Morumbi
,São Paulo,177,2,1,2,450000,False,Jardim Patente
,São Paulo,350,3,3,3,1850000,False,Pacaembu
Avenida Piassanguaba,São Paulo,260,3,4,2,2350000,False,Planalto Paulista
Rua Visconde de Guilhofrei,São Paulo,90,2,2,2,947000,False,Brooklin
Avenida Nhandu,São Paulo,280,3,4,2,890000,False,Planalto Paulista
,São Paulo,160,3,1,6,2400000,False,Vila Clementino
Rua Laiana,São Paulo,376,3,6,6,20000,True,Boaçava
,São Paulo,107,1,1,1,188682,False,Vila Nova Curuçá
Rua Sousa Ramos,São Paulo,250,3,1,10,2500000,False,Vila Mariana
Rua Carlos Petit,São Paulo,290,3,1,3,2500000,False,Vila Mariana
,São Paulo,550,3,4,6,3598010,False,Sumaré
Rua Doutor João Batista de Lacerda,São Paulo,150,3,3,4,750000,False,Quarta Parada
,São Paulo,220,3,5,6,950000,False,Jardim Londrina
Rua Sônia Ribeiro,São Paulo,260,4,6,3,2300000,False,Brooklin
Rua Luís Gama,São Paulo,320,3,1,6,1200000,False,Cambuci
,São Paulo,917,3,6,11,9500000,False,Cidade Jardim
Rua Inácio Manuel Álvares,São Paulo,200,2,3,4,830000,False,Jardim Ester
,São Paulo,700,4,6,3,11000000,False,Jardim Paulista
,São Paulo,520,4,6,6,7500000,False,Jardim Paulista
Rua Escritor Abeguar Bastos,São Paulo,200,3,5,2,1600000,False,Indianópolis
Rua Laerte Assunção,São Paulo,400,4,6,5,7000000,False,Jardim Paulistano
Avenida George Saville Dodd,São Paulo,750,5,8,9,7500000,False,Jardim Guedala
,São Paulo,250,3,4,6,2000000,False,Alto da Lapa
Rua Carlos Rodrigues de Barros,São Paulo,130,3,5,3,584998,False,Parque Edu Chaves
Praça José Pedro Leite Cordeiro,São Paulo,300,2,3,6,1645000,False,Bela Aliança
Rua Humberto I,São Paulo,110,2,2,1,850000,False,Vila Mariana
Rua José Osvaldo Ribeiro,São Paulo,125,3,2,1,585000,False,Vila Guilhermina
Rua Ferrúcio Beneduzzi,São Paulo,103,2,1,2,500000,False,Tremembé
Rua Acarituba,São Paulo,400,4,6,5,3500000,False,Santo Amaro
,São Paulo,900,5,2,8,25000,True,Morumbi
Rua Caramuru,São Paulo,380,9,4,4,3700000,False,Saúde
Rua Jacob Maris,São Paulo,350,3,5,3,980000,False,Instituto de Previdência
Rua Luís Góis,São Paulo,100,4,2,3,650000,False,Mirandópolis
Travessa Estrela,São Paulo,240,6,5,1,500000,False,Conjunto Promorar Raposo Tavares
Rua Salto Grande,São Paulo,130,3,2,2,750000,False,Sumaré
Rua Doutor Nério Nunes,São Paulo,300,3,1,5,800000,False,Jardim Germânia
,São Paulo,248,4,3,4,20000,True,Sumarezinho
Rua Wagih Assad Abdalla,São Paulo,678,4,6,4,10000,True,Morumbi
Rua Nebraska,São Paulo,240,4,4,6,2950000,False,Brooklin Novo
Rua João Maria Carmona,São Paulo,130,2,2,3,470000,False,Vila Dalila
,São Paulo,177,3,5,2,1500000,False,Vila Cordeiro
,São Paulo,1000,5,7,6,16500000,False,Jardim Paulista
,São Paulo,140,2,2,2,480000,False,Vila Canero
Rua Herwis,São Paulo,160,3,2,4,462770,False,Vila Ema
Rua República do Iraque,São Paulo,248,3,4,2,2350000,False,Brooklin Paulista
Rua França Carvalho,São Paulo,210,3,3,6,1300000,False,Alto da Mooca
Avenida Pascoal da Rocha Falcão,São Paulo,300,4,4,3,990000,False,Jardim Santa Helena
Rua Marina Cintra,São Paulo,480,4,5,4,5500000,False,Jardim Europa
Rua Batista de Oliveira,São Paulo,294,2,1,4,1914000,False,Vila Formosa
,São Paulo,952,4,6,15,30000,True,Vila Morumbi
Rua Conceição Russomano Pugliese,São Paulo,100,2,2,2,1200000,False,Vila Indiana
,São Paulo,401,4,5,5,1850000,False,Brooklin Paulista
,São Paulo,90,4,3,3,600000,False,Vila Primavera
,São Paulo,200,3,2,3,1050000,False,Brooklin Paulista
Rua Deputado Fábio Aranha,São Paulo,447,4,5,4,4000000,False,Pacaembu
Rua Oliveira Peixoto,São Paulo,120,3,3,8,1250000,False,Aclimação
,São Paulo,345,5,4,3,2550000,False,Sumaré
,São Paulo,80,2,1,5,300000,False,Brasilândia
,São Paulo,135,2,2,2,863010,False,Lapa
Rua Mário,São Paulo,157,3,4,3,1350000,False,Vila Romana
,São Paulo,180,4,2,3,724000,False,Vila do Encontro
,São Paulo,600,4,2,10,12000000,False,Jardim Europa
,São Paulo,330,3,4,2,1800000,False,Campo Belo
,São Paulo,220,3,4,3,1200000,False,Lar São Paulo
Rua Constantino Fraga,São Paulo,140,2,1,3,850000,False,Vila Leopoldina
,São Paulo,200,3,5,3,1200000,False,Jardim Ernestina
,São Paulo,723,3,4,4,15000000,False,Jardim Paulista
,São Paulo,1817,5,8,6,12000000,False,Cidade Jardim
,São Paulo,750,4,5,4,3100000,False,Chácara Santo Antônio
Rua Mourato Coelho,São Paulo,133,6,2,1,1390000,False,Pinheiros
Rua Engenheiro Sá Rocha,São Paulo,490,5,5,10,2400000,False,Vila Ida
Rua Manduri,São Paulo,420,4,6,4,25000,True,Jardim Paulistano
Rua Tanabi,São Paulo,143,3,3,1,1200000,False,Água Branca
,São Paulo,714,5,7,4,3400000,False,Santo Amaro
Rua Heitor Peixoto,São Paulo,180,5,2,4,991000,False,Cambuci
Rua Miquelino Gabriel Fraga,São Paulo,252,4,4,4,4000,True,Vila Noca
Rua Marquês de Maricá,São Paulo,100,5,3,5,1200000,False,Sacomã
Rua João Batista Leme da Silva,São Paulo,174,4,4,2,1219000,False,Vila Madalena
,São Paulo,496,4,6,6,4100000,False,Vila Ida
,São Paulo,112,3,2,1,719000,False,Jabaquara
,São Paulo,320,3,5,4,1900000,False,Morumbi
Rua Aroaba,São Paulo,1045,2,1,1,10000000,False,Vila Leopoldina
Rua Sônia Ribeiro,São Paulo,907,4,7,8,5800000,False,Campo Belo
Rua Laplace,São Paulo,392,4,6,4,4280000,False,Brooklin
Rua Doutor Inácio Arruda,São Paulo,350,3,2,5,1272000,False,Vila Monumento
,São Paulo,338,5,6,4,3100000,False,Jardim da Glória
,São Paulo,572,4,6,7,15000,True,Jardim Guedala
Rua João de Santa Maria,São Paulo,184,4,6,3,1280000,False,Vila Brasilina
Rua da Paz,São Paulo,595,4,7,4,3200000,False,Alto da Boa Vista
,São Paulo,180,3,2,2,990000,False,Santo Amaro
,São Paulo,600,4,6,3,16500000,False,Jardim Europa
,São Paulo,150,3,1,2,350000,False,Vila Buenos Aires
,São Paulo,240,3,4,6,795000,False,Jardim Jabaquara
,São Paulo,127,3,3,3,650000,False,Jardim Morro Verde
,São Paulo,769,5,6,10,21000,True,Jardim Panorama D'Oeste
Rua Maria Celina,São Paulo,180,3,2,2,797900,False,Cursino
Praça Graciliano Ramos,São Paulo,236,4,2,3,1450000,False,Vila Mariana
Rua Mesquita,São Paulo,260,3,3,3,1800000,False,Vila Deodoro
,São Paulo,450,4,5,4,3500000,False,Alto de Pinheiros
Rua Viaza,São Paulo,110,2,1,2,545000,False,Jardim Aeroporto
,São Paulo,440,5,5,6,3000000,False,Alto de Pinheiros
,São Paulo,330,3,6,6,1700000,False,Jardim Bonfiglioli
,São Paulo,492,3,5,6,4200000,False,Alto de Pinheiros
Rua Miguel Teles Júnior,São Paulo,106,2,2,1,480000,False,Cambuci
,São Paulo,414,4,8,6,1400000,False,Parque dos Príncipes
Rua Pirandello,São Paulo,643,4,7,8,4800000,False,Brooklin Paulista
,São Paulo,220,3,3,4,1200000,False,Vila Sônia
,São Paulo,540,4,8,4,1600000,False,Caxingui
,São Paulo,423,4,4,5,3500000,False,Boaçava
,São Paulo,467,4,7,5,2990000,False,Jardim Marajoara
Avenida Sanatório,São Paulo,100,1,1,1,250000,False,Jardim Modelo
Rua Ferdinando Laboriau,São Paulo,450,4,3,4,2350000,False,Pacaembu
Rua Coronel Diogo,São Paulo,166,6,6,1,1060000,False,Jardim da Glória
Rua Piraçununga,São Paulo,63,2,1,1,298000,False,Vila Bertioga
Rua Santos Dumont,São Paulo,567,5,6,4,3490000,False,Jardim Petrópolis
,São Paulo,140,3,4,2,950000,False,Vila Olímpia
,São Paulo,346,4,6,6,25000,True,Jardim Paulista
,São Paulo,742,3,9,8,23000,True,Planalto Paulista
Avenida Diogo Gomes Carneiro,São Paulo,145,3,2,2,820000,False,Jardim Rosa Maria
Rua Ipiranga,São Paulo,120,2,3,2,590000,False,Jardim Aeroporto
,São Paulo,245,4,3,4,1090000,False,Parque dos Príncipes
Rua Itaquera,São Paulo,460,4,5,4,2800000,False,Pacaembu
Rua Armando Petrella,São Paulo,600,4,8,6,16000000,False,Jardim Panorama
Praça El Salvador,São Paulo,420,3,4,6,1800000,False,Interlagos
,São Paulo,900,4,5,8,8400000,False,Cidade Jardim
Rua Emboabas,São Paulo,404,3,3,4,1387000,False,Brooklin
Avenida República do Líbano,São Paulo,434,4,6,3,45000,True,Ibirapuera
Rua Brigadeiro Gama Barcelos,São Paulo,350,3,2,4,890000,False,Parque Jabaquara
,São Paulo,400,3,2,8,1500000,False,Bela Aliança
,São Paulo,450,4,5,2,3500000,False,Alto de Pinheiros
,São Paulo,390,4,1,3,2650000,False,Chácara Santo Antônio
Rua Oliveira Peixoto,São Paulo,120,3,3,8,1250000,False,Aclimação
,São Paulo,345,5,4,3,2550000,False,Sumaré
,São Paulo,80,2,1,5,300000,False,Brasilândia
,São Paulo,135,2,2,2,863010,False,Lapa
Rua dos Povoadores,São Paulo,167,2,2,1,780000,False,Vila Antonina
Rua Maria Leonete da Silva Nóbrega,São Paulo,270,4,6,5,1950000,False,Vila Ida
Rua Amaro Leite,São Paulo,312,3,2,2,760000,False,Socorro
,São Paulo,550,4,4,5,10000,True,Vila Tramontano
Rua Doutor Jesuíno de Abreu,São Paulo,285,4,5,6,1450000,False,Jardim Morumbi
,São Paulo,175,3,4,2,1200000,False,Jardim Bélgica
,São Paulo,140,3,3,2,1090000,False,Brooklin Paulista
Avenida Lasar Segall,São Paulo,460,3,4,2,772000,False,Vila Celeste
Rua Eusébio de Paula Marcondes,São Paulo,120,2,1,2,350000,False,Rio Pequeno
Rua Campina da Taborda,São Paulo,350,3,4,2,1800000,False,Planalto Paulista
,São Paulo,320,3,5,3,2200000,False,Campo Belo
Rua Dona Balduína,São Paulo,320,4,7,3,3200000,False,Sumaré
Rua Alabastro,São Paulo,300,5,6,3,8000,True,Aclimação
Rua Doutor Paulo Queiroz,São Paulo,520,3,2,2,450000,False,Jardim Nove de Julho
Rua Ajuritiba,São Paulo,90,2,1,6,500000,False,Jardim Oriental
,São Paulo,500,4,5,5,3700000,False,Santo Amaro
Rua Emboabas,São Paulo,300,4,4,3,1700000,False,Brooklin Paulista
,São Paulo,450,3,5,6,2440000,False,Jardim Marajoara
,São Paulo,420,4,6,8,3500000,False,Chácara Santo Antônio
Rua Mário Jorge,São Paulo,46,1,2,2,945000,False,Alto da Lapa
Rua Filipe Cardoso,São Paulo,340,3,4,4,2300000,False,Cursino
Rua Mil Oitocentos e Vinte e Dois,São Paulo,130,3,2,2,636000,False,Ipiranga
,São Paulo,121,2,2,2,750000,False,Vila Cruzeiro
Rua Froben,São Paulo,202,3,2,2,799000,False,Vila Leopoldina
,São Paulo,123,3,3,3,580000,False,Vila Santa Catarina
,São Paulo,250,4,5,3,2022000,False,Vila Madalena
,São Paulo,600,4,6,5,3980000,False,Jardim Petrópolis
Rua Carlos Petit,São Paulo,200,3,4,3,1900000,False,Vila Mariana
,São Paulo,215,3,2,1,2200000,False,Cidade Monções
,São Paulo,200,3,2,4,5000,True,Chácara Santo Antônio
Rua Traipu,São Paulo,280,5,2,1,2490000,False,Pacaembu
Rua General Nestor Passos,São Paulo,132,3,4,3,800000,False,Jardim Paraíso
,São Paulo,600,4,6,3,16500000,False,Jardim Europa
,São Paulo,150,3,1,2,350000,False,Vila Buenos Aires
,São Paulo,240,3,4,6,795000,False,Jardim Jabaquara
,São Paulo,127,3,3,3,650000,False,Jardim Morro Verde
,São Paulo,769,5,6,10,21000,True,Jardim Panorama D'Oeste
,São Paulo,644,4,6,6,4800000,False,Brooklin Paulista
Rua das Begônias,São Paulo,406,4,4,6,2800000,False,Cidade Jardim
,São Paulo,594,5,6,6,2550000,False,Jardim Leonor
Alameda Calicut,São Paulo,450,4,6,8,3750000,False,Chácara Santo Antônio
Rua Abadiânia,São Paulo,183,3,3,2,635000,False,Vila Guilhermina
Avenida Itacira,São Paulo,1000,5,7,14,6000000,False,Planalto Paulista
Rua das Malvas,São Paulo,368,3,4,6,4500000,False,Cidade Jardim
Rua Iguatemi,São Paulo,125,3,2,1,2500000,False,Itaim Bibi
Rua Tordesilhas,São Paulo,286,4,5,4,1700000,False,Lapa
Rua Henri Dunant,São Paulo,140,3,3,2,1250000,False,Santo Amaro
,São Paulo,170,3,3,4,780000,False,Jardim Londrina
Rua Jesuíno Bandeira,São Paulo,195,2,2,3,600000,False,Vila Romana
Rua Francisco Farel,São Paulo,310,3,5,2,3064000,False,Pinheiros
Rua Estefânia Mendes Pereira,São Paulo,180,3,4,1,1700000,False,Santana
Rua Leais Paulistanos,São Paulo,226,3,1,1,800000,False,Ipiranga
Rua Raul Adalberto de Campos,São Paulo,350,3,4,2,10000,True,Vila Madalena
Rua Dardanelos,São Paulo,104,3,2,2,850000,False,Alto da Lapa
Rua Heitor de Morais,São Paulo,468,6,5,6,10000000,False,Pacaembu
,São Paulo,941,4,7,14,7900000,False,Jardim Cordeiro
Rua José Renato Pantoja,São Paulo,160,3,3,4,1100000,False,Vila Sonia
,São Paulo,329,4,4,3,1490000,False,Vila Romana
Rua Matias Roxo,São Paulo,100,2,2,3,650000,False,Vila Leopoldina
Rua Democracia,São Paulo,100,2,2,1,445000,False,Vila Brasilina
Rua Tapirapés,São Paulo,250,4,4,10,900000,False,Balneário Mar Paulista
,São Paulo,60,1,1,3,300000,False,Vila Califórnia
,São Paulo,190,3,4,2,2000000,False,Sumaré
Travessa Noa,Noa,72,3,2,2,640000,False,
Rua Mário Ruas Alves,São Paulo,240,3,4,2,630000,False,Vila Anhangüera
Rua Professor José Geraldo de Lima,São Paulo,150,3,3,2,650000,False,Vila Tiradentes
Rua Artur de Souza Marques,São Paulo,850,5,8,6,9000000,False,Vila Tramontano
,São Paulo,115,3,3,2,1400000,False,Chácara Japonesa
,São Paulo,274,4,3,2,420000,False,Jardim Ponte Rasa
Rua Manuel Pereira Guimarães,São Paulo,203,3,4,2,1580000,False,Granja Julieta
,São Paulo,389,4,5,6,12000,True,Jardim Everest
,São Paulo,103,3,2,2,450000,False,Vila Bela
Rua Nazaré Paulista,São Paulo,244,4,4,3,1800000,False,Vila Madalena
Rua Visconde de Porto Seguro,São Paulo,1296,5,12,8,5700000,False,Santo Amaro
Rua Bastos Pereira,São Paulo,440,4,4,3,7000000,False,Vila Nova Conceição
,São Paulo,150,4,3,1,350000,False,Jardim Marília
,São Paulo,85,2,2,2,380000,False,Parque São Lucas
,São Paulo,300,4,4,3,1550000,False,Instituto de Previdência
,São Paulo,250,3,2,2,3650000,False,Jardim Paulista
,São Paulo,427,4,4,8,3400000,False,Pacaembu
Rua Augusto de Toledo,São Paulo,210,2,4,2,1200000,False,Cambuci
,São Paulo,375,3,4,3,2190000,False,Brooklin Paulista
Rua Alvorada do Sul,São Paulo,777,4,6,4,8500000,False,Jardim Guedala
Rua Domingos Neto,São Paulo,80,1,1,2,450000,False,Vila Marari
Rua Doutor Queirós Guimarães,São Paulo,411,4,6,6,2500000,False,Jardim Guedala
Rua Zacarias de Góis,São Paulo,533,4,3,4,5500000,False,Brooklin
,São Paulo,800,4,6,4,3900000,False,Jardim Cordeiro
Rua Teixeira Mendes,São Paulo,180,4,2,2,750000,False,Liberdade
,São Paulo,533,4,5,6,2200000,False,Real Parque
Rua Alves Guimarães,São Paulo,120,4,3,4,2600000,False,Pinheiros
Rua Silveira Sampaio,São Paulo,1000,5,7,6,50000,True,Fazenda Morumbi
,São Paulo,480,3,3,4,3800000,False,Sumaré
Rua Tenente Sotomano,São Paulo,66,3,2,2,450000,False,Jardim Brasil
,São Paulo,153,4,3,4,2100000,False,Santo Amaro
Avenida Quarto Centenário,São Paulo,724,6,4,8,38000,True,Jardim Luzitânia
Rua Angustura,São Paulo,320,4,6,10,2200000,False,Vila da Saúde
Rua Antônio Cubas,São Paulo,150,3,4,3,700000,False,Vila Santa Edwiges
Rua Tapes,São Paulo,152,5,5,4,839000,False,Jardim Aeroporto
,São Paulo,520,4,3,8,1700000,False,Parque dos Príncipes
Rua Bandeirante Sampaio Soares,São Paulo,484,5,6,6,6700000,False,Vila Morumbi
Rua Manoel da Rocha Lins,São Paulo,250,5,4,2,559000,False,Rio Bonito
Rua Roque Giangrande Filho,São Paulo,100,2,1,2,600000,False,Jardim Itapeva
Rua Berlioz,São Paulo,294,5,2,5,2200000,False,Alto de Pinheiros
Rua Almirante Soares Dutra,São Paulo,370,4,4,4,1800000,False,Morumbi
Rua Alemanha,São Paulo,540,3,5,3,7699000,False,Jardim Europa
,São Paulo,545,4,6,4,8500000,False,Jardim Guedala
,São Paulo,300,3,4,4,958000,False,Vila Brasílio Machado
Rua São Mateus,São Paulo,160,3,4,4,1500000,False,Granja Julieta
Avenida Cupecê,São Paulo,167,2,3,1,693000,False,Jardim Prudência
Rua Hermínio Lemos,São Paulo,200,3,5,4,1250000,False,Cambuci
Rua Conselheiro João Alfredo,São Paulo,290,3,4,2,640000,False,Mooca
Rua Lomas Valentinas,São Paulo,300,4,5,4,3300000,False,Alto da Lapa
Avenida Moaci,São Paulo,380,3,6,4,1690000,False,Planalto Paulista
Rua Cássio de Almeida,São Paulo,110,2,1,1,380000,False,Vila Guilherme
Rua Eva Bloch,São Paulo,150,4,3,4,1600000,False,Bosque da Saúde
Rua Fonseca da Costa,São Paulo,321,4,2,3,980000,False,Bosque da Saúde
,São Paulo,140,3,3,2,1100000,False,Campo Belo
Rua Vitorino Carmilo,São Paulo,165,3,4,1,790000,False,Barra Funda
Rua Franca do Imperador,São Paulo,640,3,2,5,350000,False,Jardim Vera Cruz
Rua Ibaragui Nissui,São Paulo,270,4,6,4,2120000,False,Jardim Vila Mariana
Rua Benjamim Lima,São Paulo,150,2,4,2,950000,False,Jabaquara
,São Paulo,170,3,3,2,947000,False,Mooca
Rua Jurupari,São Paulo,179,3,4,4,630000,False,Jardim Oriental
Rua Domingos Lopes,São Paulo,200,2,2,2,980000,False,Campo Belo
Rua Marechal Bitencourt,São Paulo,1200,3,10,14,16000000,False,Jardim Paulista
Rua Aleixo da Silva,São Paulo,132,3,3,4,830000,False,Vila Almeida
Rua São Bernardo,São Paulo,129,3,2,5,850000,False,Cidade Mãe do Céu
,São Paulo,358,3,5,5,2500000,False,Granja Julieta
Rua Penápolis,São Paulo,300,3,2,4,2900000,False,Pacaembu
Rua Curucáia,São Paulo,150,2,4,2,820000,False,Saúde
,São Paulo,751,5,4,6,4000000,False,Jardim Guedala
,São Paulo,176,3,3,4,745000,False,Jardim Patente
Avenida Ramalho Ortigão,São Paulo,100,2,3,2,678000,False,Vila Gumercindo
Avenida Bagiru,São Paulo,272,3,5,3,2200000,False,Alto de Pinheiros
Rua Cruçaí,São Paulo,123,3,1,2,820000,False,Vila São José
,São Paulo,400,4,2,4,12000,True,Vila Madalena
Avenida Jandira,São Paulo,140,3,4,2,790000,False,Indianópolis
,São Paulo,363,4,6,3,1700000,False,Chácara Monte Alegre
Rua Atlântica,São Paulo,380,4,5,10,17000,True,Jardim América
Parque Domingos Luís,São Paulo,300,2,3,5,2300000,False,Jardim São Paulo
,São Paulo,120,2,2,1,670000,False,Brooklin Paulista
,São Paulo,121,2,3,2,750000,False,Vila Sônia
,São Paulo,157,2,2,1,1250000,False,Pinheiros
Rua Campo Grande,São Paulo,244,3,3,3,1600000,False,Vila Leopoldina
,São Paulo,420,3,6,8,6500000,False,Jardim Paulistano
Rua das Jabuticabeiras,São Paulo,857,4,4,5,8900000,False,Cidade Jardim
Rua Guilherme Rehder,São Paulo,261,3,4,2,850000,False,Parque Jabaquara
,São Paulo,180,2,2,1,750000,False,Vila Prudente
,São Paulo,150,3,3,2,1650000,False,Vila Nova Conceição
,São Paulo,340,7,6,4,1596000,False,Santana
Rua Duarte Monis Barreto,São Paulo,540,3,4,10,14000,True,Jardim dos Estados
Rua Pamplona,São Paulo,156,4,3,2,2340000,False,Jardim Paulista
Rua Conde de Porto Alegre,São Paulo,500,3,6,4,3200000,False,Campo Belo
Rua Jequitai,São Paulo,138,4,5,2,1500000,False,Indianópolis
,São Paulo,350,5,4,4,2800000,False,Santo Amaro
,São Paulo,535,3,4,4,2980000,False,Vila Sônia
Rua Livi,São Paulo,153,3,5,2,2200000,False,Vila Madalena
,São Paulo,180,3,1,3,3000000,False,Jardim Paulistano
,São Paulo,232,3,3,4,890000,False,Jardim Colombo
,São Paulo,380,5,8,6,2870000,False,Brooklin Paulista
,São Paulo,700,4,4,5,20000,True,Cidade Jardim
,São Paulo,545,4,1,10,8500000,False,Jardim Guedala
,São Paulo,680,6,6,4,2700000,False,Vila Progredior
Rua Visconde de Aguiar Toledo,São Paulo,195,3,4,2,1750000,False,Vila Congonhas
Rua Manuel Jacinto,São Paulo,180,3,4,6,897000,False,Vila Morse
,São Paulo,830,5,7,5,2900000,False,Jardim Guedala
Rua Laiana,São Paulo,435,4,1,6,4500000,False,Boaçava
Rua Estuário,São Paulo,450,4,7,6,2350000,False,Chácara Monte Alegre
Rua Alasca,São Paulo,650,5,5,8,17500000,False,Jardim América
Rua Alvorada do Sul,São Paulo,330,4,5,2,2900000,False,Jardim Guedala
,São Paulo,872,4,5,7,18000000,False,Jardim Europa
Avenida Boschetti,São Paulo,115,2,3,2,405000,False,Vila Medeiros
,São Paulo,344,4,4,3,6400000,False,Vila Nova Conceição
,São Paulo,124,3,1,2,650000,False,Vila Anhangüera
Rua Paulo Barian,São Paulo,160,1,1,2,500000,False,Jardim Raposo Tavares
Rua Joaquim Cândido de Azevedo Marques,São Paulo,495,4,2,4,2500000,False,Vila Morumbi
Rua Osvaldo Leite Ribeiro,São Paulo,653,4,5,4,1636700,False,Jardim Morumbi
Rua Manduri,São Paulo,455,4,4,3,3620000,False,Jardim Paulistano
Rua Antônio da Veiga,São Paulo,137,2,2,2,565000,False,Vila do Castelo
,São Paulo,490,5,5,6,2400000,False,Vila Ida
Rua Caa,Açu,150,3,2,2,699000,False,
Rua Vigário João de Pontes,São Paulo,503,4,3,4,4350000,False,Santo Amaro
Rua Bastos Tigre,São Paulo,112,2,1,6,500000,False,Jardim Niteroi
Rua Barão do Triunfo,São Paulo,220,3,4,2,1910000,False,Brooklin Paulista
Avenida Manoel dos Reis Araújo,São Paulo,356,4,5,4,1600000,False,Jardim Marajoara
Rua Geórgia,São Paulo,270,3,5,2,1500000,False,Brooklin Paulista
Rua Luís Arnoni,São Paulo,480,4,6,4,1500000,False,Vila Irmãos Arnoni
Rua Professor Sílvio de Sá e Silva,São Paulo,296,5,5,3,999900,False,Parque São Domingos
,São Paulo,644,4,6,4,28000,True,Cidade Jardim
Rua das Grumixamas,São Paulo,310,5,1,5,2800000,False,Vila Parque Jabaquara
Rua Muniz de Sousa,São Paulo,480,3,4,4,2000000,False,Aclimação
,São Paulo,240,3,5,2,2700000,False,Jardim Europa
Rua Wagih Assad Abdalla,São Paulo,678,4,7,4,12000,True,Morumbi
Rua Silveira Campos,São Paulo,180,3,1,2,900000,False,Cambuci
,São Paulo,180,3,3,3,470000,False,Jardim Monte Kemel
,São Paulo,138,3,3,1,950000,False,Sumaré
,São Paulo,160,4,4,2,1150000,False,Campo Belo
,São Paulo,615,4,5,6,3700000,False,Morumbi
Rua Oseas Gomes de Oliveira,São Paulo,563,4,2,4,2000000,False,Parque dos Príncipes
Rua Batinga,São Paulo,130,3,2,2,480000,False,Vila Nova Mazzei
Avenida Moaci,São Paulo,380,3,3,4,1690000,False,Planalto Paulista
Praça Barão Pinto Lima,São Paulo,520,4,6,8,4350000,False,Boaçava
Rua Dom Macário,São Paulo,312,3,4,6,1400000,False,Vila da Saúde
Avenida Iraí,São Paulo,420,4,6,4,1990000,False,Indianópolis
,São Paulo,218,3,6,2,980000,False,Ipiranga
Rua Dona Balduína,São Paulo,450,4,5,3,3000000,False,Sumaré
Rua Princesa Isabel,São Paulo,140,3,3,2,1250000,False,Brooklin
Rua Zequinha de Abreu,São Paulo,500,5,5,3,3200000,False,Pacaembu
Rua Cristiano Viana,São Paulo,286,4,5,7,2999800,False,Cerqueira César
Rua Teixeira Pinto,São Paulo,390,4,3,6,5500000,False,Jardim Paulista
Rua Arthur Soter Lopes da Silva,São Paulo,140,3,2,2,660000,False,Jardim Esmeralda
Avenida Indianópolis,São Paulo,330,4,4,3,2490000,False,Indianópolis
Rua Manuel Marques Simões,São Paulo,1300,5,7,6,4200000,False,Cidade Jardim
Rua Keisuke Koza,São Paulo,180,2,3,4,500000,False,Jardim Trussardi
,São Paulo,120,3,2,3,700000,False,Vila Guedes
Rua Professor Miguel Maurício da Rocha,São Paulo,420,4,5,5,2400000,False,Brooklin Paulista
,São Paulo,270,3,3,4,960000,False,Vila Congonhas
Rua Pires de Oliveira,São Paulo,441,5,9,6,15000,True,Chácara Santo Antônio
Avenida Manoel dos Reis Araújo,São Paulo,537,5,11,6,5000000,False,Jardim Marajoara
Rua Salvador de Edra,São Paulo,230,4,4,2,980000,False,Saúde
Rua João Gomes Barbosa,São Paulo,230,3,3,2,689000,False,Jardim Alvorada
Rua Jorge Tibiriçá,São Paulo,300,6,4,2,1600000,False,Vila Mariana
,São Paulo,736,4,5,6,25000,True,Vila Morumbi
Rua Guararapes,São Paulo,150,4,3,2,5000,True,Brooklin
Rua Gaurama,São Paulo,450,7,8,6,2199997,False,Jardim Franca
Rua São Benedito,São Paulo,372,5,3,10,10000000,False,Santo Amaro
Rua Macambará,São Paulo,139,3,4,2,1440000,False,Cidade Monções
,São Paulo,130,2,3,2,360000,False,Jardim Vivan
,São Paulo,330,4,4,4,1400000,False,Brooklin Paulista
Praça Pinheiro da Cunha,São Paulo,220,3,5,4,1272000,False,Ipiranga
,São Paulo,283,4,5,4,1799010,False,Lapa
,São Paulo,191,4,4,5,1350000,False,Granja Julieta
,São Paulo,520,4,6,4,45000,True,Jardim Europa
,São Paulo,200,7,5,1,1200000,False,Jardim Vila Carrão
Rua Utinga,São Paulo,1500,5,8,4,25000000,False,Chácara Flora
,São Paulo,750,6,6,6,19990,True,Vila Nova Conceição
Rua Conde D'Eu,São Paulo,200,3,2,4,1790000,False,Santo Amaro
Rua Descalvado,São Paulo,400,4,2,4,2400000,False,Sumaré
Rua Marapuama,São Paulo,88,1,1,1,2790,True,Alto da Lapa
,São Paulo,140,2,1,1,1900000,False,Pinheiros
Rua Júlio Verne,São Paulo,288,4,6,2,2190000,False,Jardim Hípico
Rua Guaraiuva,São Paulo,90,2,1,1,880000,False,Cidade Monções
Rua Anatólia,São Paulo,615,4,8,8,5000000,False,Boaçava
,São Paulo,94,2,1,1,445000,False,Sacomã
Rua Doutor Sales Gomes Júnior,São Paulo,90,3,2,2,550000,False,Vila Paulo Silas
,São Paulo,451,4,4,3,4000000,False,Alto de Pinheiros
,São Paulo,313,6,4,5,650000,False,Jardim Castelo
Rua Florianópolis,São Paulo,180,2,1,1,650000,False,Vila Bertioga
,São Paulo,850,3,3,10,65000,True,Jardim América
Rua Itália,São Paulo,600,3,3,10,10500000,False,Jardim Europa
Rua Dom Raimundo Brito,São Paulo,145,3,1,2,1200000,False,Aclimação
Rua Henrique Martins,São Paulo,420,4,4,2,3800000,False,Jardim Paulista
,São Paulo,546,4,7,5,3500000,False,Morumbi
Rua Doutor José Estefno,São Paulo,350,4,6,4,2700000,False,Jardim Vila Mariana
,São Paulo,120,2,2,4,800000,False,Jardim Santo Amaro
Rua Mariano Procópio,São Paulo,538,4,2,4,1600000,False,Vila Monumento
Rua Pascoal Pais,São Paulo,210,3,5,4,2000000,False,Vila Cordeiro
Avenida das Magnólias,São Paulo,260,3,5,4,2700000,False,Cidade Jardim
Rua Vapabussu,São Paulo,130,2,3,2,600000,False,Jardim Aeroporto
,São Paulo,750,4,4,4,18000000,False,Jardim Europa
,São Paulo,216,1,1,3,380000,False,Vila Barbosa
Rua Francisco de Vitória,São Paulo,220,3,3,4,1400000,False,Jardim Vila Mariana
Rua Damiro de Oliveira Volpe,São Paulo,140,2,3,2,2350000,False,Vila Nova Conceição
Rua Guarei,São Paulo,104,3,2,2,460000,False,Vila Bertioga
,São Paulo,170,3,4,4,1300000,False,Vila Inah
Rua Luiz Nunes,São Paulo,200,3,2,1,250000,False,Parque Ramos Freitas
Rua Antônio de Macedo Soares,São Paulo,380,3,4,5,2819000,False,Campo Belo
,São Paulo,120,2,3,3,600000,False,Parque Imperial
Rua Keisuke Koza,São Paulo,200,3,4,2,1100000,False,Jardim Trussardi
Avenida Itacira,São Paulo,322,4,5,4,1950000,False,Planalto Paulista
,São Paulo,850,4,4,4,18000,True,Jardim Guedala
Rua Timbó,São Paulo,170,3,2,2,940000,False,Mooca
,São Paulo,102,2,1,1,470000,False,Campininha
,São Paulo,490,4,4,4,5000000,False,Jardim Paulista
Avenida Moaci,São Paulo,160,3,4,3,1020000,False,Planalto Paulista
Avenida Sílvio Sciumbata,São Paulo,945,4,7,5,2680000,False,Interlagos
Rua Atalaia,São Paulo,400,4,6,3,2800000,False,Sumaré
Avenida Biarritz,São Paulo,284,4,8,4,2009000,False,Vila Represa
,São Paulo,526,4,4,3,11000000,False,Jardim Paulista
,São Paulo,166,2,3,2,430000,False,Vila Bela
Rua Marcelino Champagnat,São Paulo,367,4,6,5,3100000,False,Jardim da Glória
Rua Geórgia,São Paulo,160,3,3,4,1700000,False,Brooklin Paulista
Rua Mil Oitocentos e Vinte e Dois,São Paulo,282,4,3,2,950000,False,Ipiranga
Rua Mário,São Paulo,150,3,4,2,1170000,False,Vila Romana
,São Paulo,560,4,6,9,7000,True,Alto de Pinheiros
Rua Eugênio da Silva,São Paulo,254,3,3,4,721000,False,Horto Florestal
Rua Brito Peixoto,São Paulo,380,4,3,2,8500,True,Vila Cordeiro
Rua Urbanizadora,São Paulo,269,3,4,5,7000,True,Sumaré
,São Paulo,642,4,5,6,5200000,False,Jardim Everest
Rua Giovanni Gianesi,São Paulo,110,2,3,1,3700,True,Vila Cordeiro
Rua Marajá,55,150,4,2,1,420000,False,Açu
,São Paulo,170,3,4,4,1050000,False,Vila Bertioga
,São Paulo,137,3,5,2,1000000,False,Jardim Prudência
Rua Marquês de Lages,São Paulo,360,4,3,4,790000,False,Vila Moraes
Avenida Morumbi,São Paulo,400,4,3,4,1600000,False,Morumbi
,São Paulo,363,3,5,4,1600000,False,Brooklin Paulista
,São Paulo,110,3,4,1,1011000,False,Vila Mariana
,São Paulo,600,6,6,8,5500000,False,Indianópolis
,São Paulo,351,4,3,4,2200000,False,Santo Amaro
Rua Berlioz,São Paulo,362,4,6,5,4500000,False,Vila Ida
,São Paulo,64,2,1,1,280000,False,Jaraguá
Rua Belmiro Zanetti Esteves,São Paulo,190,3,4,2,649900,False,Vila Mira
,São Paulo,249,3,3,4,25000,True,Jardim Paulista
Rua Judite de Bueno de Azevedo,São Paulo,120,3,1,1,550000,False,Vila São José
Avenida Professor Fonseca Rodrigues,São Paulo,343,4,7,4,8634300,False,Alto de Pinheiros
Rua Embuaçu,São Paulo,150,3,3,3,800000,False,Vila Mariana
,São Paulo,330,4,3,2,7000,True,Sumaré
,São Paulo,350,3,4,5,1500000,False,Vila Oratório
Rua das Açucenas,São Paulo,500,4,7,4,5400000,False,Cidade Jardim
Rua Jani Penoy Arcuri,São Paulo,250,1,1,4,450000,False,Jardim Peri
,São Paulo,210,3,2,2,387000,False,Jardim Coimbra
Rua Álvaro Rodrigues,São Paulo,300,3,4,2,1700000,False,Vila Cordeiro
,São Paulo,515,5,6,5,13500000,False,Jardim Paulistano
Rua Aburá,São Paulo,80,2,3,2,490000,False,Sítio do Mandaqui
,São Paulo,270,4,3,3,1200000,False,Mooca
,São Paulo,375,4,4,3,2400000,False,Cidade Monções
Rua Acaiacá,São Paulo,300,3,3,8,599000,False,Cidade Líder
Rua Aratanji,São Paulo,250,3,5,4,850000,False,Vila Nova Cachoeirinha
,São Paulo,265,4,5,5,2900000,False,Jardim da Glória
,São Paulo,467,3,6,3,6000000,False,Jardim Paulista
Rua Vercínio Pereira de Souza,São Paulo,140,1,1,2,260000,False,Jardim Tietê
Avenida Mauro Marques da Silva,São Paulo,80,2,1,2,375000,False,Vila Antônio
,São Paulo,420,3,5,3,1980000,False,Santo Amaro
Rua Benedito Felizardo,São Paulo,37000,4,2,4,2900000,False,Sítio Represa
Rua Araxiá,São Paulo,456,4,5,3,2350000,False,Jardim Guedala
,São Paulo,180,3,3,3,870000,False,Vila Suzana
Rua Doutor Carneiro Maia,São Paulo,138,2,2,2,850000,False,Vila Água Funda
,São Paulo,353,3,4,6,2100000,False,Alto da Lapa
,São Paulo,190,3,2,3,957010,False,Vila Romana
Rua Miguel Sutil,São Paulo,130,2,1,2,1200000,False,Vila Cordeiro
Rua Ilhota,São Paulo,280,4,4,4,600000,False,Vila Carrão
,São Paulo,500,4,5,3,9000000,False,Jardim Paulista
Rua das Ameixeiras,São Paulo,170,3,5,2,600000,False,Conjunto Residencial Jardim Canaã
Rua Escobar Ortiz,São Paulo,352,4,4,3,6340000,False,Vila Nova Conceição
,São Paulo,190,4,3,3,8000,True,Vila Mariana
,São Paulo,300,3,2,6,2500000,False,Jardim Vila Mariana
,São Paulo,250,3,4,4,1300000,False,Jardim Santo Amaro
,São Paulo,340,3,1,5,1810000,False,Vila Lúcia
Rua das Hortênsias,São Paulo,170,3,3,2,930000,False,Mirandópolis
,São Paulo,150,3,4,3,1220000,False,Jardim Anália Franco
,São Paulo,250,4,5,4,2200000,False,Brooklin Paulista
Rua Dom Silvério Pimenta,São Paulo,171,3,5,5,1350000,False,Vila Gumercindo
,São Paulo,172,2,3,2,4400000,False,Jardim Europa
Rua Matilde Diez,São Paulo,453,3,1,5,780000,False,Vila do Castelo
,São Paulo,235,3,3,1,6000,True,Pinheiros
Rua Octávio Modolin,São Paulo,85,2,2,2,370000,False,Jardim Rosa Maria
Rua Capitão Garcindo,São Paulo,434,5,4,4,20000,True,Pacaembu
,São Paulo,125,3,4,2,600000,False,Jardim Monte Kemel
,São Paulo,384,4,3,5,2014000,False,Vila Gomes Cardim
Rua Trinta e Um de Março,São Paulo,429,4,5,4,1000000,False,Fazenda Morumbi
Rua João Álvares Soares,São Paulo,200,4,6,6,2900000,False,Campo Belo
Rua Carlos Petit,São Paulo,400,11,5,3,2800000,False,Vila Mariana
Rua Elizabeth Trovão Usui,São Paulo,111,3,2,2,1600000,False,Vila Olímpia
Rua Bernardino Machado,São Paulo,893,7,9,4,3920000,False,Granja Julieta
,São Paulo,90,3,3,2,900000,False,Chácara Inglesa
,São Paulo,270,3,3,3,1650000,False,Santo Amaro
Avenida Manoel dos Reis Araújo,São Paulo,250,2,2,3,1800000,False,Jardim Marajoara
Rua Paraupava,São Paulo,135,3,3,2,670000,False,Belenzinho
Rua Cerro Corá,São Paulo,90,2,2,1,710000,False,Vila Romana
Rua Jacatirão,São Paulo,420,4,7,4,2500000,False,Chácara Monte Alegre
Rua Senador Milton Campos,São Paulo,190,3,3,2,1300000,False,Santo Amaro
Rua Engenheiro Osvaldo Andreani,São Paulo,120,2,4,2,670000,False,Vila Rio Branco
,São Paulo,572,4,6,7,15000,False,Jardim Guedala
Rua Luiz Galhanone,São Paulo,280,4,5,3,2500000,False,Jardim Viana
,São Paulo,200,3,2,2,2200000,False,Vila Progredior
Travessa Umberto Bignardi,São Paulo,190,11,8,2,2500000,False,Paraíso
,São Paulo,95,2,2,2,750000,False,Vila Monumento
,São Paulo,320,3,4,4,1980000,False,Vila Madalena
,São Paulo,750,6,9,6,2880000,False,Jardim da Glória
,São Paulo,184,1,1,1,827739,False,Morumbi
Rua Cardoso de Almeida,São Paulo,350,5,4,5,7000,True,Perdizes
,São Paulo,366,4,5,5,1650000,False,Cambuci
Rua Ministro Oscar Saraiva,São Paulo,160,3,2,2,700000,False,Vila Brasílio Machado
Rua Wagih Assad Abdalla,São Paulo,520,5,9,6,4800000,False,Morumbi
Rua Gaurama,São Paulo,450,5,6,5,2200000,False,Jardim Franca
Rua Luís Góis,São Paulo,197,2,1,1,1600000,False,Mirandópolis
,São Paulo,573,5,6,8,2015000,False,City América
,São Paulo,140,3,1,2,580000,False,Vila Bancária Munhoz
Rua Acuruá,São Paulo,290,4,3,2,2200000,False,Vila Romana
Rua Cristiano Viana,São Paulo,120,2,2,1,880000,False,Cerqueira César
Rua Viena,São Paulo,127,3,2,2,880000,False,Sacomã
Rua Conde de Porto Alegre,São Paulo,381,3,3,3,1900000,False,Campo Belo
Rua dos Beija,74,300,2,2,2,770000,False,Flores
,São Paulo,175,4,4,2,850000,False,Jardim Londrina
,São Paulo,333,5,1,2,1400000,False,Chácara Monte Alegre
,São Paulo,226,3,3,4,670000,False,Vila Ester
Rua São José,São Paulo,800,4,5,12,8200000,False,Santo Amaro
,São Paulo,140,2,3,1,1915000,False,Pinheiros
Rua Professor Henrique Neves Lefevre,São Paulo,947,4,5,10,9000000,False,Jardim Petrópolis
,São Paulo,200,4,4,1,3405000,False,Indianópolis
,São Paulo,133,2,4,3,1750000,False,Jardim Hípico
,São Paulo,210,4,4,2,1190000,False,Campo Belo
,São Paulo,680,4,6,4,4400000,False,Morumbi
,São Paulo,177,2,1,2,450000,False,Jardim Patente
,São Paulo,350,3,3,3,1850000,False,Pacaembu
Avenida Piassanguaba,São Paulo,260,3,4,2,2350000,False,Planalto Paulista
Rua Visconde de Guilhofrei,São Paulo,90,2,2,2,947000,False,Brooklin
Avenida Nhandu,São Paulo,280,3,4,2,890000,False,Planalto Paulista
,São Paulo,160,3,1,6,2400000,False,Vila Clementino
Rua Laiana,São Paulo,376,3,6,6,20000,True,Boaçava
Rua Nove de Julho,São Paulo,256,3,5,2,1800000,False,Santo Amaro
,São Paulo,107,1,1,1,188682,False,Vila Nova Curuçá
Rua Sousa Ramos,São Paulo,250,3,1,10,2500000,False,Vila Mariana
Rua Carlos Petit,São Paulo,290,3,1,3,2500000,False,Vila Mariana
,São Paulo,550,3,4,6,3598010,False,Sumaré
Rua Doutor João Batista de Lacerda,São Paulo,150,3,3,4,750000,False,Quarta Parada
,São Paulo,220,3,5,6,950000,False,Jardim Londrina
Rua Sônia Ribeiro,São Paulo,260,4,6,3,2300000,False,Brooklin
Rua Luís Gama,São Paulo,320,3,1,6,1200000,False,Cambuci
,São Paulo,917,3,6,11,9500000,False,Cidade Jardim
Rua Inácio Manuel Álvares,São Paulo,200,2,3,4,830000,False,Jardim Ester
,São Paulo,700,4,6,3,11000000,False,Jardim Paulista
,São Paulo,520,4,6,6,7500000,False,Jardim Paulista
Rua Escritor Abeguar Bastos,São Paulo,200,3,5,2,1600000,False,Indianópolis
Rua Laerte Assunção,São Paulo,400,4,6,5,7000000,False,Jardim Paulistano
,São Paulo,150,3,4,2,700000,False,Vila Morse
Avenida George Saville Dodd,São Paulo,750,5,8,9,7500000,False,Jardim Guedala
,São Paulo,250,3,4,6,2000000,False,Alto da Lapa
,São Paulo,110,3,2,1,550000,False,Brás
,São Paulo,780,5,8,6,4800000,False,Jardim dos Estados
Rua Doutor Francisco José Longo,São Paulo,150,2,3,3,4500,True,Chácara Inglesa
Rua Mesquita,São Paulo,150,3,4,2,1300000,False,Vila Deodoro
Rua Araporé,São Paulo,860,4,3,8,6000000,False,Jardim Guedala
Avenida Aratãs,São Paulo,265,3,3,2,990000,False,Indianópolis
,São Paulo,680,4,6,20,11500000,False,Jardim América
Rua Maria Celina,São Paulo,180,3,2,2,797900,False,Cursino
Praça Graciliano Ramos,São Paulo,236,4,2,3,1450000,False,Vila Mariana
Rua Mesquita,São Paulo,260,3,3,3,1800000,False,Vila Deodoro
Rua Clara Parente,São Paulo,84,3,3,3,680000,False,Vila Primavera
Rua Müler Carioba,São Paulo,181,3,3,4,950000,False,Cursino
,São Paulo,260,4,3,3,10000,True,Vila Andrade
,São Paulo,640,5,5,5,3500000,False,Campo Belo
Rua dos Chanes,São Paulo,170,4,4,2,2300000,False,Indianópolis
Rua Oliveira Pimentel,São Paulo,502,4,4,8,8900000,False,Jardim Paulista
Rua Manuel Antônio Carvalho,São Paulo,90,3,2,2,398000,False,Vila Clarice
Alameda dos Indígenas,São Paulo,314,3,4,4,1450000,False,Planalto Paulista
,São Paulo,114,2,2,2,530000,False,Alto da Mooca
Rua Manuel Navarro,São Paulo,470,4,8,4,3300000,False,Jardim Guedala
Rua Doutor José Maria Whitaker,São Paulo,259,3,2,2,1568000,False,Vila Sônia
Rua Granja Julieta,São Paulo,220,4,4,4,1600000,False,Granja Julieta
Rua Coelho de Carvalho,São Paulo,106,2,2,1,650000,False,Alto da Lapa
Rua Grécia,São Paulo,261,3,2,2,5750000,False,Jardim Europa
,São Paulo,120,3,1,2,2600,False,Instituto de Previdência
Rua Leandro Dupré,São Paulo,139,3,2,5,2800000,False,Vila Clementino
,São Paulo,270,3,5,5,1150000,False,Parque dos Príncipes
,São Paulo,198,4,3,5,6300000,False,Jardim Europa
Rua Rodrigo Cláudio,São Paulo,340,5,7,4,2500000,False,Aclimação
,São Paulo,230,4,4,2,1100000,False,Saúde
,São Paulo,900,4,4,4,4000000,False,Jardim Leonor
Rua Ernesto Manograsso,São Paulo,100,2,1,3,350000,False,Cidade São Mateus
,São Paulo,650,4,7,7,11000000,False,Jardim Paulista
,São Paulo,1200,5,5,8,14000000,False,Jardim América
Rua Tomé Portes,São Paulo,445,3,4,8,4000000,False,Brooklin Paulista
Rua Coronel Castro Faria,São Paulo,337,3,3,4,2200000,False,Vila Romana
Rua Edmon Mário Hage,São Paulo,331,3,3,4,850000,False,Planalto Paulista
Rua Eduardo Antônio de Paula,São Paulo,120,2,2,2,650000,False,Jardim Santa Adélia
,São Paulo,143,3,3,3,1600000,False,Cerqueira César
,São Paulo,115,3,2,2,560000,False,Jardim Cidade Pirituba
Rua Francisco Teles Dourado,São Paulo,320,4,3,4,1380000,False,Jardim Prudência
Rua Rainha Vitória Eugênia,São Paulo,89,2,1,1,525000,False,Vila Campestre
Rua Doutor Cid de Castro Prado,São Paulo,144,2,3,2,800000,False,Planalto Paulista
Avenida dos Bandeirantes,São Paulo,178,2,3,2,750000,False,Planalto Paulista
Alameda dos Guatás,São Paulo,210,3,5,2,1130000,False,Saúde
Rua Lutécia,São Paulo,308,2,1,1,1100000,False,Vila Nova Manchester
Rua Salvador Caruso,São Paulo,216,3,4,5,1450000,False,Vila Ipojuca
,São Paulo,140,3,4,2,2290000,False,Jardim Paulista
,São Paulo,388,3,7,8,4900000,False,Vila Tramontano
Avenida Diógenes Ribeiro de Lima,São Paulo,344,3,5,6,1915000,False,Alto da Lapa
,São Paulo,1200,5,5,6,5900000,False,Jardim Morumbi
Avenida Amarilis,São Paulo,840,4,6,8,5900000,False,Cidade Jardim
,São Paulo,872,3,4,7,18000000,False,Jardim Europa
Rua Joaquim Lima de Moraes,São Paulo,224,3,5,2,1500000,False,Santo Amaro
,São Paulo,125,3,4,3,650000,False,Ferreira
Rua Santo Irineu,São Paulo,150,3,2,3,950000,False,Bosque da Saúde
Rua Antônio Bento,São Paulo,476,4,5,3,5200000,False,Jardim Paulista
Rua Coronel Irlandino Sandoval,São Paulo,390,4,4,5,4900000,False,Jardim Paulistano
,São Paulo,1317,4,5,7,25000000,False,Jardim Europa
Rua Xavier Gouveia,São Paulo,230,2,2,1,980000,False,Parque Colonial
Rua Napoleão de Barros,São Paulo,130,2,1,1,950000,False,Vila Clementino
Rua Barão de São Gabriel,São Paulo,235,3,3,4,1600000,False,Bela Aliança
,São Paulo,547,4,4,4,3000000,False,Jardim Leonor
Rua Teixeira Pinto,São Paulo,517,4,6,4,9500000,False,Jardim Paulista
,São Paulo,230,3,4,8,845000,False,Jardim Cidália
,São Paulo,120,3,3,2,1250000,False,Perdizes
,São Paulo,1895,5,8,10,25000000,False,Cidade Jardim
,São Paulo,512,2,5,8,8100000,False,Jardim Luzitânia
Rua Professor Araújo Maciel,São Paulo,60,2,2,2,450000,False,Vila Fachini
Rua Teresa Lon,São Paulo,190,3,4,4,780000,False,Jardim Patente Novo
,São Paulo,238,5,6,2,2200000,False,Planalto Paulista
Rua Dom Lúcio de Sousa,São Paulo,172,4,1,1,849000,False,Vila Gumercindo
Rua Domingos Gonçalo,São Paulo,240,3,5,4,2300000,False,Jardim Campo Grande
Rua Zilda,São Paulo,223,3,2,3,640000,False,Casa Verde Alta
,São Paulo,300,4,4,2,2300000,False,Campo Belo
Rua Pau,10,464,5,4,4,4000000,False,Brasil
,São Paulo,420,4,4,2,3800000,False,Jardim Paulista
Rua Alexandre Dumas,São Paulo,200,2,4,3,1100000,False,Chácara Santo Antônio
,São Paulo,670,5,4,7,15000000,False,Alto de Pinheiros
Rua Pio IV,São Paulo,411,4,5,5,3500000,False,Jardim Vitoria Regia
Rua Clarence,São Paulo,160,3,5,2,1650000,False,Vila Cruzeiro
Rua Francisco Tapajós,São Paulo,82,3,2,1,520000,False,Vila Santo Estéfano
Rua Getúlio Vargas Filho,São Paulo,130,3,2,4,850000,False,Cidade Vargas
,São Paulo,180,3,3,2,1200000,False,Brooklin Paulista
,São Paulo,400,4,1,4,1600000,False,Morumbi
Avenida Manoel dos Reis Araújo,São Paulo,266,3,4,6,1400000,False,Jardim Marajoara
Rua Aziz Nader,São Paulo,700,4,3,5,16000,True,Jardim Petrópolis
Rua Veríssimo da Silva,São Paulo,97,2,3,2,385000,False,Jardim Nossa Senhora do Carmo
,São Paulo,220,3,3,6,420000,False,Cidade Ademar
Rua Marcos Fernandes,São Paulo,168,3,4,4,960000,False,Jardim da Saúde
,São Paulo,650,5,8,6,45000,True,Jardim Europa
,São Paulo,143,4,1,5,2940000,False,Saúde
,São Paulo,200,3,2,2,950000,False,Nova Piraju
Praça Contendas,São Paulo,96,2,2,3,850000,False,Vila Anhangüera
Avenida Manoel dos Reis Araújo,São Paulo,387,3,5,4,1800000,False,Jardim Marajoara
Rua Amandaba,São Paulo,300,3,4,3,1500000,False,Jardim Prudência
,São Paulo,600,4,4,4,15000,True,Cidade Jardim
Rua Arandu,São Paulo,87,1,2,2,900000,False,Itaim Bibi
Rua Itamonte,São Paulo,241,2,2,1,500000,False,Vila Medeiros
,São Paulo,415,3,3,2,2950000,False,Sumarezinho
Rua Jacarezinho,São Paulo,1300,5,8,10,18900000,False,Jardim Europa
Rua Melo Morais Filho,São Paulo,545,4,5,3,8500000,False,Jardim Guedala
Rua Araucária,São Paulo,251,3,3,3,929000,False,Jardim Franca
,São Paulo,150,3,4,2,1990000,False,Cidade Monções
Rua Alexandre Dumas,São Paulo,150,3,3,2,995000,False,Chácara Santo Antônio
Avenida Albert Einstein,São Paulo,790,5,9,9,6000000,False,Jardim Leonor
Rua Antônio Calixto Abrão,São Paulo,96,2,2,3,590000,False,Parque Imperial
Rua Engenheiro César Silveira Grilo,São Paulo,485,4,7,6,2700000,False,Jardim Marajoara
Rua Péricles,São Paulo,900,3,3,5,13000000,False,Jardim Petrópolis
Rua Coelho de Carvalho,São Paulo,220,3,4,4,1280000,False,Alto da Lapa
,São Paulo,100,3,1,2,530000,False,Vila Campo Grande
Rua Irmã Maria Amélia,São Paulo,182,3,4,2,590000,False,Vila Pirituba
Rua Guimarães Passos,São Paulo,210,4,4,3,1700000,False,Vila Mariana
Rua Bernardino de Campos,São Paulo,340,3,6,5,2500000,False,Campo Belo
Rua Escobar Ortiz,São Paulo,200,3,5,4,5850000,False,Vila Nova Conceição
,São Paulo,200,3,4,4,1060000,False,Aclimação
Rua Joaquim Cândido de Azevedo Marques,São Paulo,490,4,8,7,9000,True,Vila Morumbi
Rua Faustolo,São Paulo,205,3,1,1,900000,False,Lapa
Rua Cardoso de Almeida,São Paulo,350,5,4,5,7000,True,Perdizes
,São Paulo,366,4,5,5,1650000,False,Cambuci
Rua Ministro Oscar Saraiva,São Paulo,160,3,2,2,700000,False,Vila Brasílio Machado
Rua Wagih Assad Abdalla,São Paulo,520,5,9,6,4800000,False,Morumbi
Rua Gaurama,São Paulo,450,5,6,5,2200000,False,Jardim Franca
Rua Luís Góis,São Paulo,197,2,1,1,1600000,False,Mirandópolis
,São Paulo,573,5,6,8,2015000,False,City América
,São Paulo,140,3,1,2,580000,False,Vila Bancária Munhoz
Rua Acuruá,São Paulo,290,4,3,2,2200000,False,Vila Romana
Rua Cristiano Viana,São Paulo,120,2,2,1,880000,False,Cerqueira César
Rua Viena,São Paulo,127,3,2,2,880000,False,Sacomã
,São Paulo,130,2,4,1,950000,False,Cidade Monções
Rua Conde de Porto Alegre,São Paulo,381,3,3,3,1900000,False,Campo Belo
Rua dos Beija,74,300,2,2,2,770000,False,Flores
,São Paulo,175,4,4,2,850000,False,Jardim Londrina
,São Paulo,333,5,1,2,1400000,False,Chácara Monte Alegre
,São Paulo,226,3,3,4,670000,False,Vila Ester
Rua São José,São Paulo,800,4,5,12,8200000,False,Santo Amaro
,São Paulo,140,2,3,1,1915000,False,Pinheiros
Rua Professor Henrique Neves Lefevre,São Paulo,947,4,5,10,9000000,False,Jardim Petrópolis
,São Paulo,200,4,4,1,3405000,False,Indianópolis
,São Paulo,133,2,4,3,1750000,False,Jardim Hípico
,São Paulo,210,4,4,2,1190000,False,Campo Belo
Rua Alabastro,São Paulo,240,3,4,3,1550000,False,Aclimação
,São Paulo,150,2,2,4,745000,False,Vila Lageado
Rua Desembargador Vicente Penteado,São Paulo,358,3,5,8,6450000,False,Jardim América
Rua Xavier da Rocha,São Paulo,96,2,1,2,470000,False,Parque da Vila Prudente
,São Paulo,486,3,1,1,1900000,False,Bosque da Saúde
,São Paulo,150,3,1,2,1250000,False,Parque Jabaquara
,São Paulo,90,2,1,1,349800,False,Jardim D'Abril
Rua Gastão da Cunha,São Paulo,177,3,2,2,690000,False,Vila Paulista
Rua Comandante Ismael Guilherme,São Paulo,600,4,7,4,12000000,False,Jardim Luzitânia
,São Paulo,350,4,6,10,2300000,False,Santo Amaro
Rua Salvador Fiordelisio,São Paulo,77,3,4,2,599000,False,Vila Bertioga
,São Paulo,828,1,1,3,841750,False,Paraisópolis
Rua Oronzo Scattone,São Paulo,70,2,1,1,495000,False,Vila Gumercindo
,São Paulo,230,3,4,8,845000,False,Jardim Cidália
,São Paulo,120,3,3,2,1250000,False,Perdizes
,São Paulo,1895,5,8,10,25000000,False,Cidade Jardim
,São Paulo,512,2,5,8,8100000,False,Jardim Luzitânia
Rua Professor Araújo Maciel,São Paulo,60,2,2,2,450000,False,Vila Fachini
Rua Teresa Lon,São Paulo,190,3,4,4,780000,False,Jardim Patente Novo
,São Paulo,238,5,6,2,2200000,False,Planalto Paulista
Rua Dom Lúcio de Sousa,São Paulo,172,4,1,1,849000,False,Vila Gumercindo
Rua Domingos Gonçalo,São Paulo,240,3,5,4,2300000,False,Jardim Campo Grande
Rua Zilda,São Paulo,223,3,2,3,640000,False,Casa Verde Alta
,São Paulo,300,4,4,2,2300000,False,Campo Belo
Rua Pau,10,464,5,4,4,4000000,False,Brasil
,São Paulo,420,4,4,2,3800000,False,Jardim Paulista
Rua Alexandre Dumas,São Paulo,200,2,4,3,1100000,False,Chácara Santo Antônio
,São Paulo,670,5,4,7,15000000,False,Alto de Pinheiros
Rua Pio IV,São Paulo,411,4,5,5,3500000,False,Jardim Vitoria Regia
Rua Clarence,São Paulo,160,3,5,2,1650000,False,Vila Cruzeiro
Rua Francisco Tapajós,São Paulo,82,3,2,1,520000,False,Vila Santo Estéfano
,São Paulo,408,4,6,8,3300000,False,Alto de Pinheiros
,São Paulo,700,4,7,15,2500000,False,Jardim Leonor
,São Paulo,170,3,2,2,798000,False,Parque Colonial
Rua Muniz Barreiros,São Paulo,160,3,3,3,640000,False,Vila Formosa
,São Paulo,156,3,3,2,2200000,False,Campo Belo
Rua Joaquim Nabuco,São Paulo,647,5,2,5,3400000,False,Brooklin Paulista
,São Paulo,180,3,4,4,1950000,False,Jardim Novo Mundo
Avenida Lineu de Paula Machado,São Paulo,700,5,5,10,3600000,False,Jardim Everest
Rua Abreu Lemos,São Paulo,400,4,5,6,1790000,False,Jardim Franca
Rua João de Santa Maria,São Paulo,184,3,4,3,1280000,False,Vila Brasilina
Rua Cláudio Rossi,São Paulo,200,2,2,4,1200000,False,Jardim da Glória
,São Paulo,850,4,6,8,8500000,False,Jardim Guedala
,São Paulo,255,3,1,10,1900000,False,Bosque da Saúde
,São Paulo,397,4,6,5,2495000,False,Planalto Paulista
,São Paulo,75,2,2,3,586000,False,Parque Jabaquara
Rua Bernardino de Campos,São Paulo,173,3,4,2,880000,False,Campo Belo
Rua João Della Manna,São Paulo,380,3,6,8,1200000,False,Rolinópolis
Rua Estados Unidos,São Paulo,1200,4,6,24,65000000,False,Jardim América
,São Paulo,35677,3,3,4,2550000,False,Jardim da Glória
,São Paulo,400,4,6,3,4800000,False,Jardim Luzitânia
,São Paulo,89,2,1,1,480000,False,Mooca
Rua Diogo Freire,São Paulo,180,3,3,2,800000,False,Bosque da Saúde
Rua Saturnino dos Santos,São Paulo,203,6,4,4,800000,False,Cursino
Rua Manoel Benavente,São Paulo,240,9,6,1,600000,False,Vila Picinin
,São Paulo,106,3,3,2,450000,False,Mooca
Rua Girassol,São Paulo,180,3,3,2,3000000,False,Pinheiros
Rua Ministro José G. R. Alckmin,São Paulo,200,3,2,3,1290000,False,Santo Amaro
,São Paulo,550,4,7,3,13000,True,Morumbi
Rua Dom Luís de Bragança,São Paulo,194,3,3,2,1150000,False,Mirandópolis
,São Paulo,135,2,2,4,400000,False,Parque Nações Unidas
Rua Margarida Silveira Leite,São Paulo,120,2,1,1,700000,False,Alto da Mooca
Rua Godofredo Braga,São Paulo,100,2,1,1,420000,False,Vila Fachini
,São Paulo,432,4,2,10,2500000,False,Vila Anglo Brasileira
Rua Moura Brasil,São Paulo,300,3,3,4,1600000,False,Butantã
,São Paulo,170,3,3,3,920000,False,Jardim Bonfiglioli
Avenida Portugal,São Paulo,180,3,2,4,1700000,False,Brooklin Paulista
Rua Florânia,São Paulo,148,3,2,2,645000,False,Vila Nair
,São Paulo,345,4,6,4,1700000,False,Vila Tramontano
Rua Engenheiro Agenor Machado,São Paulo,151,3,2,3,2000000,False,Santo Amaro
,São Paulo,850,3,3,6,6000000,False,Fazenda Morumbi
,São Paulo,270,3,3,4,1500000,False,Vila Gumercindo
,São Paulo,120,3,1,3,600000,False,Parque Imperial
Rua Professor Wlademir Pereira,São Paulo,190,4,5,3,1300000,False,Vila São Silvestre
,São Paulo,2200,6,8,12,19000000,False,Retiro Morumbi
Rua Antônio Gomide,São Paulo,133,3,5,2,1200000,False,Planalto Paulista
Rua Ajururés,São Paulo,250,3,5,4,1100000,False,Brooklin Paulista
,São Paulo,650,4,3,4,1510000,False,Ipiranga
,São Paulo,303,3,2,3,2000000,False,Planalto Paulista
Rua Nossa Senhora do Pilar,São Paulo,100,3,3,2,690000,False,Jardim Trussardi
Rua Sônia Ribeiro,São Paulo,271,3,2,3,1485000,False,Brooklin
Rua Maestro Chiaffarelli,São Paulo,250,3,5,2,4560000,False,Jardim Paulista
Rua Osório,São Paulo,390,4,4,4,1750000,False,Vila Inah
,São Paulo,480,4,6,5,3000000,False,Campo Belo
,São Paulo,538,3,3,5,24000,True,Jardim Cordeiro
,São Paulo,152,5,5,4,839000,False,Jardim Aeroporto
,São Paulo,450,3,4,3,3500000,False,Cidade Jardim
Rua Joaquim Nabuco,São Paulo,647,5,2,5,3400000,False,Brooklin Paulista
Rua Doutor Altair Martins,São Paulo,100,2,2,6,550000,False,Jardim Maria Augusta
Rua Tapuçu,São Paulo,90,2,2,1,670000,False,Vila Sofia
Rua Ferreira de Araújo,São Paulo,180,3,2,10,3100000,False,Pinheiros
Rua Grajaú,São Paulo,250,3,4,2,2690000,False,Sumaré
,São Paulo,747,4,5,8,6300000,False,Jardim Petrópolis
Avenida Lins de Vasconcelos,São Paulo,125,3,5,2,900000,False,Cambuci
,São Paulo,350,4,2,5,18000,True,Brooklin
Rua Antistenes,São Paulo,75,2,1,2,345000,False,Jardim São Jorge
Rua Bélgica,São Paulo,750,5,8,8,18000000,False,Jardim Europa
Rua Pedro de Sousa Campos Filho,São Paulo,166,2,3,1,940000,False,Vila Madalena
,São Paulo,260,4,3,3,1600000,False,Indianópolis
,São Paulo,163,3,1,4,550000,False,Vila Caraguatá
Avenida Alcindo Ferreira,São Paulo,253,2,2,4,890000,False,Parque do Castelo
Rua Romão Gomes,São Paulo,177,4,5,3,2915000,False,Butantã
,São Paulo,816,5,8,8,4200000,False,Chácara Santo Antônio
,São Paulo,605,3,5,6,2900000,False,Jardim Cordeiro
,São Paulo,140,2,3,2,1250000,False,Jardim Petrópolis
Rua José dos Santos Júnior,São Paulo,168,3,2,1,1600000,False,Campo Belo
,São Paulo,558,4,6,4,4850000,False,Jardim Guedala
Rua Oliveira Dias,São Paulo,530,4,2,6,5000000,False,Jardim Paulista
Rua Escobar Ortiz,São Paulo,200,3,4,6,5300000,False,Vila Nova Conceição
Rua Alberto Faria,São Paulo,347,4,6,5,3400000,False,Alto de Pinheiros
Rua José Guilger Sobrinho,São Paulo,110,3,3,2,750000,False,Santo Amaro
,São Paulo,223,3,3,2,1600000,False,Planalto Paulista
,São Paulo,495,4,6,4,4300000,False,Cidade Jardim
Rua Regina Badra,São Paulo,345,3,3,3,2500000,False,Jardim dos Estados
Rua Henriqueta Salvadore Giacometti,São Paulo,104,3,1,2,430000,False,Terceira Divisão de Interlagos
Rua Ferreira do Alentejo,São Paulo,240,4,4,3,1535000,False,Jardim Caravelas
,São Paulo,133,3,2,2,850000,False,Parque Continental
,São Paulo,436,4,5,4,5200000,False,Jardim Luzitânia
,São Paulo,300,3,4,6,1080000,False,Jardim do Colégio
,São Paulo,110,2,3,2,485000,False,Vila Bela
,São Paulo,399,4,3,4,4500000,False,Jardim Paulistano
Rua Almirante Soares Dutra,São Paulo,400,4,1,2,3500000,False,Morumbi
,São Paulo,200,3,3,2,1550000,False,Chácara Santo Antônio
Rua Doutor José Maria Whitaker,São Paulo,535,3,6,4,2980000,False,Vila Sônia
,São Paulo,350,4,6,6,3800000,False,Pacaembu
,São Paulo,110,2,3,2,479900,False,Vila Bela
Rua Marechal Bina Machado,São Paulo,300,3,5,3,1480000,False,Jardim Marajoara
Rua Doutor Mário Vicente,São Paulo,210,3,4,2,950000,False,Vila Dom Pedro I
Rua Jairo de Almeida Machado,São Paulo,65,3,2,2,395000,False,Jaraguá
,São Paulo,390,4,5,5,5050000,False,Jardim Paulistano
Rua Amandaba,São Paulo,250,3,3,3,1700000,False,Jardim Prudência
Rua Antilhas,São Paulo,600,5,6,10,12000000,False,Jardim América
,São Paulo,247,3,4,3,15000,True,Paraíso do Morumbi
Avenida Ibijaú,São Paulo,120,2,3,4,2000000,False,Moema
Rua Godofredo Braga,São Paulo,126,2,2,3,379000,False,Vila Fachini
,São Paulo,141,2,1,1,945000,False,Vila Olímpia
Rua Marquês de Maricá,São Paulo,440,2,3,8,640000,False,Sacomã
Rua Diogo Freire,São Paulo,300,4,6,6,1700000,False,Bosque da Saúde
Rua Luisiânia,São Paulo,300,3,3,3,10000,True,Brooklin
Travessa Professor Orlando Alvarenga Gáudio,São Paulo,133,3,3,2,1070000,False,Santo Amaro
Rua Ipiranga,São Paulo,125,2,1,2,570000,False,Jardim Aeroporto
,São Paulo,342,3,3,6,4500,True,Bosque da Saúde
Rua Doutor Eduardo de Souza Aranha,São Paulo,166,2,3,2,2250000,False,Vila Nova Conceição
,São Paulo,575,3,3,3,9000000,False,Jardim Europa
,São Paulo,358,3,5,8,6500000,False,Jardim América
,São Paulo,300,3,3,1,12000,True,Jardim Europa
,São Paulo,375,3,4,3,2600000,False,Santo Amaro
Rua Coronel Irlandino Sandoval,São Paulo,390,4,1,5,5050000,False,Jardim Paulistano
Rua das Fiandeiras,São Paulo,304,4,5,2,3900000,False,Vila Olímpia
Rua Radiantes,São Paulo,708,5,6,10,4950000,False,Jardim Leonor
Rua José Varela,São Paulo,320,4,5,4,1300000,False,Interlagos
Rua Alfredo Norfini,São Paulo,200,4,5,2,1590000,False,Bosque da Saúde
Rua José de Alcântara,São Paulo,120,2,2,2,532000,False,Vila do Encontro
Rua Rocha Galvão,São Paulo,300,3,3,4,1085000,False,Jardim da Glória
Rua dos Macunis,São Paulo,240,3,4,8,1900000,False,Vila Madalena
Rua General Fonseca Teles,São Paulo,422,4,7,6,6800000,False,Jardim Paulista
,São Paulo,750,4,4,5,2650000,False,Fazenda Morumbi
,São Paulo,375,3,4,3,2600000,False,Santo Amaro
Rua Coronel Irlandino Sandoval,São Paulo,390,4,1,5,5050000,False,Jardim Paulistano
Rua das Fiandeiras,São Paulo,304,4,5,2,3900000,False,Vila Olímpia
,São Paulo,700,5,7,4,9000000,False,Jardim Europa
Rua Radiantes,São Paulo,708,5,6,10,4950000,False,Jardim Leonor
Rua José Varela,São Paulo,320,4,5,4,1300000,False,Interlagos
Rua Alfredo Norfini,São Paulo,200,4,5,2,1590000,False,Bosque da Saúde
Rua José de Alcântara,São Paulo,120,2,2,2,532000,False,Vila do Encontro
Rua Rocha Galvão,São Paulo,300,3,3,4,1085000,False,Jardim da Glória
Rua dos Macunis,São Paulo,240,3,4,8,1900000,False,Vila Madalena
Rua General Fonseca Teles,São Paulo,422,4,7,6,6800000,False,Jardim Paulista
,São Paulo,750,4,4,5,2650000,False,Fazenda Morumbi
,São Paulo,597,4,6,8,3900000,False,Morumbi
,São Paulo,120,2,2,2,380000,False,Parque Peruche
Rua Marques de Carvalho,São Paulo,100,3,1,4,851000,False,Cidade Mãe do Céu
,São Paulo,119,3,4,2,5000,True,Perdizes
"Rua Edson, ****",São Paulo,204,3,5,3,1800000,False,Campo Belo
Rua França,São Paulo,952,3,5,10,22000000,False,Jardim Europa
,São Paulo,150,2,1,2,500000,False,Chácara Belenzinho
Rua Marques,São Paulo,177,3,4,5,650000,False,Jardim Carlu
,São Paulo,334,3,1,4,2800000,False,Butantã
Avenida Odila,São Paulo,309,3,5,2,2300000,False,Planalto Paulista
,São Paulo,750,5,7,8,7800000,False,Jardim Guedala
Rua Brigadeiro Jordão,São Paulo,191,4,5,4,8000,True,Ipiranga
Rua Comandante Ismael Guilherme,São Paulo,499,4,5,3,9800000,False,Jardim Luzitânia
Rua Affonso Fernandes Reis,São Paulo,200,2,3,2,648000,False,Vila Medeiros
,São Paulo,450,6,2,7,6500,True,Jardim Morumbi
Rua Sampaio Vidal,São Paulo,420,4,2,2,15500,True,Jardim Paulistano
Rua Jamboaçu,São Paulo,124,2,2,2,650000,False,Vila Nair
,São Paulo,120,2,2,2,685000,False,Conjunto Residencial Butantã
,São Paulo,80,2,1,1,450000,False,Vila das Belezas
,São Paulo,292,3,4,4,2200000,False,Butantã
Rua Professora Altina Maynardi de Araújo,São Paulo,118,3,4,2,775000,False,Parque São Domingos
Rua Pedro de Toledo,São Paulo,260,2,3,5,4500000,False,Vila Clementino
Rua Pero Correia,São Paulo,144,3,3,5,850000,False,Vila Mariana
Rua General Pereira da Cunha,São Paulo,2200,6,9,15,19800000,False,Retiro Morumbi
Avenida Manoel dos Reis Araújo,São Paulo,595,2,3,6,1100000,False,Jardim Marajoara
Rua Romão Puiggari,São Paulo,68,2,1,1,315000,False,Vila Moraes
,São Paulo,207,3,1,3,980000,False,Vila Brasílio Machado
,São Paulo,450,4,7,8,25000,True,Sumaré
,São Paulo,294,4,6,5,5950000,False,Alto de Pinheiros
Rua Augusto Perroni,São Paulo,167,2,3,3,790000,False,Conjunto Residencial Butantã
Rua Alphonsus de Guimaraens,São Paulo,250,2,3,5,1200000,False,Santana
Rua Maestro Vasconcelos Chaves,São Paulo,60,1,1,2,270000,False,Vila Rui Barbosa
São Paulo,São Paulo,385,3,6,4,1800000,False,
Rua Paramu,São Paulo,75,2,3,2,440000,False,Vila Bela
Rua Pero Correia,São Paulo,144,3,2,5,890000,False,Vila Mariana
Rua Paragominas,São Paulo,140,2,2,1,350000,False,São Lucas
,São Paulo,400,4,6,6,2550000,False,Boaçava
Rua Engenheiro Elias Machado de Almeida,São Paulo,308,4,4,7,1319500,False,Caxingui
,São Paulo,253,4,4,3,1298000,False,Planalto Paulista
Rua Wanderley,São Paulo,130,2,2,1,900000,False,Perdizes
,São Paulo,303,2,6,6,990000,False,Jardim da Glória
Avenida Iraí,São Paulo,203,2,2,2,1250000,False,Indianópolis
,São Paulo,379,4,7,4,2100000,False,Jardim Petrópolis
,São Paulo,260,3,2,5,1690000,False,Planalto Paulista
,São Paulo,173,2,2,2,430000,False,Vila Lúcia
Rua Berlioz,São Paulo,658,3,4,4,2300000,False,Alto de Pinheiros
,São Paulo,237,2,1,5,650000,False,Vila Nair
,São Paulo,1100,4,6,8,12800000,False,Cidade Jardim
,São Paulo,150,2,1,1,370000,False,Burgo Paulista
Rua Irmã Clotilde,São Paulo,136,2,1,1,405000,False,Vila Formosa
Rua Emílio Pedutti,São Paulo,615,4,6,6,3700000,False,Morumbi
Rua Ipomeias,São Paulo,36,2,1,1,196000,False,Vila Bela
Rua Artur Thiré,São Paulo,160,4,6,3,850000,False,Vila da Saúde
,São Paulo,150,3,7,2,850000,False,Vila Polopoli
Rua Simão Dias da Fonseca,São Paulo,240,3,4,2,1700000,False,Cambuci
,São Paulo,196,2,4,2,2600000,False,Itaim Bibi
Rua Joaquim Lima de Moraes,São Paulo,224,3,3,2,1500000,False,Santo Amaro
Rua Nanuque,São Paulo,120,2,3,1,800000,False,Vila Leopoldina
Rua Olímpia Lemes da Silva,São Paulo,150,3,3,2,700000,False,Jardim das Vertentes
,São Paulo,165,1,1,1,700000,False,Chácara Inglesa
,São Paulo,128,3,1,2,730000,False,Santo Amaro
Rua João Vilhema,São Paulo,170,3,3,2,4800,True,Planalto Paulista
Rua Votuverava,São Paulo,736,5,3,12,4499000,False,Jardim Guedala
Rua Guaçuma,São Paulo,143,2,1,1,380000,False,Vila Califórnia
Rua Padre Germano Mayer,São Paulo,110,3,4,1,650000,False,Maranhão
Rua Itassuce,São Paulo,2500,3,7,12,12500000,False,Pacaembu
Avenida Barão do Rego Barros,São Paulo,450,4,10,8,1340999,False,Vila Congonhas
,São Paulo,650,5,7,8,5300000,False,Cidade Jardim
,São Paulo,124,2,1,5,590000,False,Vila Brasilina
Rua das Guassatungas,São Paulo,63,2,1,1,390000,False,Vila Parque Jabaquara
,São Paulo,340,3,2,2,2660000,False,Brooklin Paulista
,São Paulo,195,2,3,4,596000,False,Vila Paulista
Rua Marquês Olinda,São Paulo,300,7,3,2,1300000,False,Vila Dom Pedro I
Rua Manuel Rodrigues da Costa,São Paulo,140,3,2,3,619000,False,Vila Guedes
Rua Luisiania,São Paulo,260,3,2,4,2400000,False,Brooklin Paulista
Rua Geraldo Flausino Gomes,São Paulo,375,1,7,8,20000,True,Cidade Monções
,São Paulo,220,4,2,1,645000,False,Mooca
,São Paulo,950,4,7,11,15000000,False,Jardim Guedala
,São Paulo,215,3,3,2,749000,False,Rio Pequeno
Rua General Lauro Cavalcanti de Farias,São Paulo,180,3,4,2,699000,False,Jardim Mangalot
,São Paulo,68,2,3,1,400000,False,Vila Mazzei
Rua Itapacurai,São Paulo,160,4,3,2,800000,False,Paraíso do Morumbi
,São Paulo,126,3,2,2,930000,False,Chácara Inglesa
,São Paulo,300,7,4,2,1170000,False,Jardim Japão
,São Paulo,276,3,1,6,1800000,False,Vila Madalena
Rua Lactâncio,São Paulo,254,2,1,6,900000,False,Vila Nova Curuçá
Rua Mesquita,São Paulo,240,3,3,4,1450000,False,Vila Deodoro
,São Paulo,760,4,7,4,15000000,False,Jardim Paulista
,São Paulo,140,2,1,1,350000,False,Praia Paulistinha
Avenida Benjamim Mansur,São Paulo,126,3,2,2,870000,False,Instituto de Previdência
,São Paulo,498,4,6,6,15000,True,Vila Morumbi
,São Paulo,150,3,3,2,1780000,False,Cidade Monções
,São Paulo,354,4,6,2,10000,True,Vila Madalena
,São Paulo,94,1,1,1,200038,False,Vila Nova Curuçá
Rua Sibipiruna,São Paulo,720,3,3,6,5000000,False,Parque dos Príncipes
,São Paulo,117,3,1,3,550000,False,Vila Santa Catarina
Avenida Nossa Senhora da Assunção,São Paulo,200,4,3,5,1060000,False,Vila Butantã
,São Paulo,468,4,5,4,5700000,False,Jardim Paulista
Rua Evaristo da Veiga,São Paulo,125,2,3,2,749000,False,Catumbi
Rua Américo Vespucci,São Paulo,100,2,2,1,640000,False,Vila Prudente
,São Paulo,314,3,7,4,1450000,False,Planalto Paulista
,São Paulo,944,6,7,6,8000000,False,Boaçava
Rua Jean Arp,São Paulo,150,4,3,6,765000,False,São Judas
,São Paulo,900,4,7,8,35000,True,Retiro Morumbi
Rua José Baldino,São Paulo,120,3,1,2,480000,False,Vila Cleonice
Rua Tucuna,São Paulo,340,3,3,8,2300000,False,Pompeia
Rua Vergueiro,São Paulo,98,3,2,2,640000,False,
Rua Viriato Correia,São Paulo,405,2,4,2,6000,True,Fazenda Morumbi
Rua Inocêncio Nogueira,São Paulo,659,5,5,8,4800000,False,Cidade Jardim
Rua Kobe,São Paulo,190,4,1,1,585000,False,Jardim Japão
Rua Helvídio Gouveia,São Paulo,80,2,1,2,395000,False,Água Fria
Avenida Indianópolis,São Paulo,330,4,4,3,2490000,False,Indianópolis
,São Paulo,330,3,5,2,1800000,False,Campo Belo
,São Paulo,223,3,2,2,1700000,False,Planalto Paulista
Avenida Cardeal Motta,São Paulo,350,3,5,5,7000,True,City América
,São Paulo,70,1,1,2,953000,False,Vila Clementino
,São Paulo,147,2,1,2,650010,False,Vila Leopoldina
,São Paulo,240,3,3,3,1100000,False,Retiro Morumbi
Rua Doutor Alberto da Silveira,São Paulo,480,3,4,3,3300000,False,Cidade Jardim
,São Paulo,536,3,7,5,5100000,False,Alto de Pinheiros
,São Paulo,80,3,3,2,850000,False,Alto da Lapa
Avenida Professor José Maria Alkmin,São Paulo,150,3,2,3,650000,False,Jardim Ester
,São Paulo,205,2,1,3,680000,False,Bosque da Saúde
Rua Izabel de Oliveira,São Paulo,224,3,4,4,725000,False,Piqueri
,São Paulo,160,2,1,2,700000,False,Jabaquara
Largo da Batalha,São Paulo,300,3,4,3,5250000,False,Jardim Luzitânia
,São Paulo,378,4,3,4,2400000,False,Sumaré
Rua Brigadeiro Gama Barcelos,São Paulo,350,3,4,4,800000,False,Parque Jabaquara
Rua Romão Puiggari,São Paulo,120,2,1,2,540000,False,Vila Moraes
Rua Ribeiro Lacerda,São Paulo,241,3,6,4,1540000,False,Bosque da Saúde
,São Paulo,346,3,5,4,3000000,False,Jardim Santo Amaro
,São Paulo,140,3,1,3,870000,False,Vila Gumercindo
Avenida Doutor Cardoso de Melo,São Paulo,200,2,3,2,2900000,False,Vila Olímpia
Avenida Benedito Ferreira Silva,São Paulo,280,3,6,4,1500000,False,Interlagos
,São Paulo,240,3,1,3,1500000,False,Vila Mariana
,São Paulo,80,2,1,2,426000,False,Vila Antonina
,São Paulo,482,4,5,6,2300000,False,Cidade Jardim
Rua Alessandro Araldi,São Paulo,179,3,4,3,820000,False,Jardim dos Pinheiros
Rua Pires de Oliveira,São Paulo,750,4,6,5,3100000,False,Chácara Santo Antônio
Avenida das Magnólias,São Paulo,450,4,5,4,2200000,False,Cidade Jardim
Avenida Diógenes Ribeiro de Lima,São Paulo,439,3,4,5,3180000,False,Alto de Pinheiros
Rua Alberto Faria,São Paulo,398,4,5,3,5950000,False,Alto de Pinheiros
,São Paulo,517,4,5,4,9500000,False,Jardim Paulista
Avenida das Corujas,São Paulo,109,3,2,2,1830000,False,Sumarezinho
Rua Almerindo Alziro Paganini,São Paulo,104,2,2,2,425000,False,Jardim Popular
Alameda dos Uapês,São Paulo,100,2,3,2,850000,False,Planalto Paulista
Rua Pirajá,São Paulo,200,3,2,2,660000,False,Mooca
Rua José Alencar Castelo Branco,São Paulo,130,3,3,3,1100000,False,Siciliano
,São Paulo,216,3,3,2,13000,True,Cidade Vargas
,São Paulo,233,3,2,1,1200000,False,Cambuci
Rua Engenheiro Janot Pacheco,São Paulo,342,4,7,5,2600000,False,Vila Progredior
Rua Princesa Leopoldina,São Paulo,212,3,3,3,1980000,False,Alto da Lapa
Rua Doutor João Maia,São Paulo,311,4,6,3,2200000,False,Aclimação
Rua Árabe,São Paulo,300,3,3,2,1600000,False,Vila Clementino
Rua Mariana Correia,São Paulo,254,4,1,4,22000,True,Jardim Paulistano
Rua Moura Brasil,São Paulo,300,3,2,2,1600000,False,Butantã
Rua São Ludgero,São Paulo,246,4,4,3,2550000,False,Granja Julieta
Rua Vigário João Álvares,São Paulo,92,3,2,2,580000,False,Vila Monumento
Rua Vicente José de Almeida,São Paulo,218,3,5,3,1150000,False,Cupecê
,São Paulo,400,4,5,4,11000,True,Jardim Luzitânia
Rua Guararema,São Paulo,175,3,6,3,1060000,False,Bosque da Saúde
Rua dos Franceses,São Paulo,236,3,1,4,1150000,False,Morro dos Ingleses
,São Paulo,286,3,5,2,2600000,False,Alto de Pinheiros
,São Paulo,363,4,6,6,2120000,False,Vila Inah
Rua Barão de Itaim,São Paulo,483,4,5,3,3900000,False,Granja Julieta
,São Paulo,120,2,2,1,670000,False,Brooklin Paulista
,São Paulo,121,2,3,2,750000,False,Vila Sônia
,São Paulo,157,2,2,1,1250000,False,Pinheiros
,São Paulo,750,4,8,8,3600000,False,Sumaré
Rua João Batista Leme da Silva,São Paulo,170,3,2,2,1280000,False,Vila Madalena
Rua Celso Vieira,São Paulo,145,3,2,2,579900,False,Vila Pereira Barreto
,São Paulo,563,4,6,4,2500000,False,Jardim Guedala
Rua Acruás,São Paulo,160,3,3,4,1099000,False,Campo Belo
Avenida Onze de Junho,São Paulo,140,3,3,2,1500000,False,Vila Clementino
,São Paulo,775,5,7,4,8000,True,Cidade Jardim
,São Paulo,250,4,5,3,2000000,False,Vila Madalena
Rua Domingos Barbieri,São Paulo,120,4,2,4,1280000,False,Instituto de Previdência
Rua Paris,São Paulo,141,3,2,2,1490000,False,Sumaré
Rua Adelina Gasparian,São Paulo,138,3,2,3,785000,False,Parque Continental
Rua Raimundo Mattiuzzo,São Paulo,250,2,1,1,500000,False,Vila Araguaia
Rua Belarmino Barreto,São Paulo,95,2,2,2,370000,False,Vila Fachini
Avenida Afonso Mariano Fagundes,São Paulo,180,3,2,2,797000,False,Saúde
,São Paulo,530,5,7,4,5000000,False,Cidade Jardim
,São Paulo,850,4,7,10,13500000,False,Jardim Paulista
Rua Engenheiro Sá Rocha,São Paulo,456,4,4,4,4500000,False,Vila Ida
,São Paulo,453,4,5,4,2200000,False,Jardim Panorama
,São Paulo,134,3,1,2,1000000,False,Vila Sao Paulo
Rua Doutor Domingos de Sylos,São Paulo,144,3,4,2,800000,False,Brooklin
,São Paulo,489,4,5,4,23000,True,Jardim Guedala
Rua Conde D'Eu,São Paulo,188,3,4,3,1830000,False,Santo Amaro
Rua Utinga,São Paulo,1500,5,8,4,25000000,False,Chácara Flora
,São Paulo,180,3,1,2,998000,False,Vila Cruzeiro
Rua Roque Petrella,São Paulo,223,3,6,4,14000,True,Vila Cordeiro
,São Paulo,496,4,4,3,14000,True,Jardim Guedala
Rua Antônio de Andrade Rebelo,São Paulo,850,4,8,8,35000,True,Retiro Morumbi
,São Paulo,202,3,1,4,1500000,False,Jardim da Saúde
,São Paulo,150,3,3,4,3000,True,Super Quadra Morumbi
Rua Acutiranha,São Paulo,356,3,5,3,2280000,False,Jardim Panorama
Rua Francisco Carvalho Henriques,São Paulo,253,3,6,6,1300000,False,Lar São Paulo
,São Paulo,300,4,1,4,4800000,False,Jardim das Bandeiras
,São Paulo,643,4,4,7,18000000,False,Jardim Europa
Praça Doutor Silas Botelho,São Paulo,375,4,3,2,11000,True,Sumaré
Avenida Lopes de Azevedo,São Paulo,1000,5,7,6,12500000,False,Jardim Guedala
Rua Doutor Cristiano de Sousa,São Paulo,341,4,4,4,1300000,False,Jardim Leonor
Avenida Mahatma Gandhi,São Paulo,380,3,8,6,1680000,False,Interlagos
Rua Gustavo da Silveira,São Paulo,175,4,3,2,580000,False,Vila Santa Catarina
,São Paulo,400,2,1,4,2150000,False,Pacaembu
Rua Menaldo Rodrigues,São Paulo,580,4,5,4,5900000,False,Jardim Luzitânia
,São Paulo,172,3,1,2,1590000,False,Vila Monte Alegre
Rua Péricles,São Paulo,652,3,6,3,12000,True,Jardim Petrópolis
,São Paulo,100,2,1,1,370000,False,Vila Caraguatá
,São Paulo,196,3,1,2,890000,False,Jardim da Saúde
,São Paulo,116,3,1,2,680000,False,Vila Brasílio Machado
Rua Brigadeiro Gama Barcelos,São Paulo,143,3,2,4,890000,False,Parque Jabaquara
Alameda dos Anapurus,São Paulo,600,4,7,6,3300000,False,Indianópolis
Travessa Herval D'Oeste,São Paulo,140,2,3,3,2990,True,Rio Pequeno
Rua Eliseu Visconti,São Paulo,744,4,7,4,30000,True,Paineiras do Morumbi
Rua Professor Castro Soromenho,São Paulo,112,2,3,2,850000,False,Vila Congonhas
,São Paulo,409,4,1,4,4500000,False,Cidade Jardim
Rua Florindo Braglia,São Paulo,230,4,4,3,1200000,False,Jardim São Paulo
Rua Piave,São Paulo,380,3,4,6,1900000,False,Vila Inah
Rua Pau,380,658,5,7,8,7900000,False,Brasil
,São Paulo,130,3,4,2,1080000,False,Jardim Heliomar
Rua Marcos Fernandes,São Paulo,96,2,1,2,950000,False,Jardim da Saúde
Rua Wanderley,São Paulo,210,3,4,2,1500000,False,Perdizes
Rua Eduardo Valim,São Paulo,140,3,3,2,565000,False,Jardim Botucatu
,São Paulo,290,3,5,3,3000000,False,Chácara Santo Antônio
Avenida Lacerda Franco,São Paulo,180,3,4,2,1040000,False,Cambuci
,São Paulo,196,3,3,4,850000,False,Jardim Jussara
,São Paulo,123,3,4,3,1600000,False,Granja Julieta
,São Paulo,450,4,3,5,12000,True,Pacaembu
Rua Aparaó,São Paulo,463,4,5,6,2750000,False,Vila Inah
Rua Comendador Roberto Ugolini,São Paulo,390,4,4,6,1200000,False,Parque da Mooca
,São Paulo,220,3,2,2,565000,False,Vila Ivg
Rua Umberto Corradi,São Paulo,600,4,7,4,2300000,False,Vila Gomes Cardim
Rua Cônego Antônio Lessa,São Paulo,150,3,1,2,1100000,False,Parque da Mooca
,São Paulo,224,3,5,2,7000,True,Perdizes
,São Paulo,365,4,5,4,3500000,False,Vila Monumento
Rua Galiza,São Paulo,90,3,1,2,530000,False,Socorro
Rua Tito Prates da Fonseca,São Paulo,138,4,4,2,595000,False,Vila Moinho Velho
,São Paulo,60,2,1,2,360000,False,Vila Curuçá
,São Paulo,160,4,2,2,480000,False,Vila Caraguatá
,São Paulo,793,4,7,5,2680000,False,Interlagos
Rua São Fortunato,São Paulo,371,3,5,10,1295000,False,Interlagos
,São Paulo,1000,4,3,4,20000,True,Jardim América
Rua Engenheiro Mário Pamponet,São Paulo,210,4,4,3,1900000,False,Vila Madalena
Alameda Joaquim Eugênio de Lima,São Paulo,400,5,5,4,6000000,False,Jardim Paulista
Rua Dom Miguel Costa,São Paulo,180,3,3,3,870000,False,Vila Gumercindo
,São Paulo,418,4,5,4,4100000,False,Alto de Pinheiros
,São Paulo,238,3,3,2,8000,True,Perdizes
,São Paulo,181,3,5,4,890000,False,Paraíso do Morumbi
Rua Barão de Almeida Valim,São Paulo,85,3,2,3,600000,False,Vila Jurema
,São Paulo,500,2,1,2,850000,False,Saúde
,São Paulo,70,2,1,1,430000,False,Bosque da Saúde
Rua Olivério Pilar,São Paulo,200,3,3,6,600000,False,Vila Primavera
Rua Coronel Bento Noronha,São Paulo,934,5,8,7,14000000,False,Jardim Paulistano
,São Paulo,600,5,4,6,6000000,False,Cidade Jardim
Rua Magino Roberto de Oliveira,São Paulo,100,3,2,2,420000,False,Vila Independência
Rua Princesa Leopoldina,São Paulo,140,2,2,4,1250000,False,Alto da Lapa
,São Paulo,648,5,5,4,2200000,False,Jardim Leonor
,São Paulo,279,3,1,2,750000,False,Vila Monumento
,São Paulo,220,3,1,2,650000,False,Vila Vera
Rua Madalena de Morais,8888,742,4,8,6,9800,True,
,São Paulo,230,3,3,4,1800000,False,Caxingui
Rua Oliveira Lima,São Paulo,140,3,2,3,690000,False,Cambuci
,São Paulo,153,3,1,2,660000,False,Água Funda
Rua Maria Inácia da Conceição,São Paulo,500,4,5,5,1200000,False,Vila Carrão
Avenida Itacira,São Paulo,155,2,1,2,1200000,False,Planalto Paulista
,São Paulo,500,3,6,4,5000000,False,Cidade Jardim
Rua Içana,São Paulo,350,3,2,2,2800000,False,Jardim Paulistano
,São Paulo,160,4,1,2,799000,False,Bosque da Saúde
Avenida das Magnólias,São Paulo,850,4,4,10,11000000,False,Cidade Jardim
,São Paulo,144,3,1,1,900000,False,Mirandópolis
,São Paulo,348,3,4,4,1000000,False,Vila Romero
Rua Mário,São Paulo,150,3,3,2,1250000,False,Vila Romana
Rua Suarão,São Paulo,136,2,1,1,440000,False,Vila Prudente
Rua Consórcio,São Paulo,271,1,3,4,10000,True,Vila Nova Conceição
,São Paulo,200,2,2,2,5000,True,Lapa
Rua Chafic Ganem,São Paulo,140,3,2,4,665000,False,Vila das Mercês
Rua Arapixi,São Paulo,350,4,7,10,1750000,False,Chácara Monte Alegre
Rua Almirante Pereira Guimarães,São Paulo,457,4,2,7,2200000,False,Pacaembu
Rua Robélia,São Paulo,632,5,7,6,3000000,False,Jardim Prudência
,São Paulo,519,4,4,3,2450000,False,Vila Madalena
,São Paulo,150,3,2,2,1040000,False,Liberdade
Rua Lourenço de Almeida Prado,São Paulo,1200,6,7,8,9000000,False,Vila Tramontano
,São Paulo,250,3,1,2,1380000,False,Vila Gumercindo
Rua Doutor Odon Carlos de Figueiredo Ferraz,São Paulo,305,4,6,5,1350000,False,Parque São Domingos
Rua Herval,São Paulo,250,4,5,4,15000,True,Belenzinho
Rua Santos Dumont,São Paulo,567,5,5,4,3490000,False,Jardim Petrópolis
Rua Arizona,São Paulo,180,3,5,5,1300000,False,Cidade Monções
Avenida Santo Amaro,São Paulo,95,2,2,1,545000,False,Brooklin Paulista
Rua Joaquim Cândido de Azevedo Marques,São Paulo,580,4,5,10,2300000,False,Vila Morumbi
Rua Doutor João Dalmácio Azevedo,São Paulo,900,4,6,8,8400000,False,Cidade Jardim
Rua Antônio Cantarella,São Paulo,143,3,3,2,614800,False,Vila Santo Estéfano
Avenida Mahatma Gandhi,São Paulo,380,3,8,6,1680000,False,Interlagos
Rua Gustavo da Silveira,São Paulo,175,4,3,2,580000,False,Vila Santa Catarina
,São Paulo,400,2,1,4,2150000,False,Pacaembu
Rua Menaldo Rodrigues,São Paulo,580,4,5,4,5900000,False,Jardim Luzitânia
,São Paulo,172,3,1,2,1590000,False,Vila Monte Alegre
Rua Péricles,São Paulo,652,3,6,3,12000,True,Jardim Petrópolis
,São Paulo,100,2,1,1,370000,False,Vila Caraguatá
,São Paulo,196,3,1,2,890000,False,Jardim da Saúde
,São Paulo,116,3,1,2,680000,False,Vila Brasílio Machado
Rua Brigadeiro Gama Barcelos,São Paulo,143,3,2,4,890000,False,Parque Jabaquara
Alameda dos Anapurus,São Paulo,600,4,7,6,3300000,False,Indianópolis
Travessa Herval D'Oeste,São Paulo,140,2,3,3,2990,True,Rio Pequeno
Rua Eliseu Visconti,São Paulo,744,4,7,4,30000,True,Paineiras do Morumbi
Rua Professor Castro Soromenho,São Paulo,112,2,3,2,850000,False,Vila Congonhas
,São Paulo,409,4,1,4,4500000,False,Cidade Jardim
Rua Florindo Braglia,São Paulo,230,4,4,3,1200000,False,Jardim São Paulo
Rua Piave,São Paulo,380,3,4,6,1900000,False,Vila Inah
Rua Pau,380,658,5,7,8,7900000,False,Brasil
Rua Sacadura Cabral,São Paulo,37,1,2,1,510000,False,Lapa
Rua Padre Vicente Heckel,São Paulo,274,3,2,6,939000,False,Parque Jabaquara
,São Paulo,193,3,3,4,950000,False,Parque Jabaquara
,São Paulo,627,3,5,4,13000000,False,Jardim Luzitânia
Rua André Saraiva,São Paulo,125,2,2,2,689000,False,Vila Sônia
,São Paulo,240,3,1,3,850000,False,Vila Isa
,São Paulo,640,5,7,7,6000000,False,Jardim Cordeiro
,São Paulo,168,3,3,2,450000,False,Vila Talarico
Rua Juvenal Galeno,São Paulo,270,4,4,2,890000,False,Jardim da Saúde
Rua Izabel Velho,São Paulo,116,3,4,2,490000,False,Vila São Vicente
Rua Professor Vahia de Abreu,São Paulo,94,3,4,1,1200000,False,Vila Olímpia
Rua Rosalino Silva,São Paulo,129,3,3,3,620000,False,Jardim Itapeva
Rua Canudos,São Paulo,230,3,2,3,1200000,False,Jardim da Glória
Rua Canudos,São Paulo,229,3,2,3,1199999,False,Jardim da Glória
Rua Auguste Clesinger,São Paulo,273,5,5,3,1270000,False,Vila do Bosque
,São Paulo,330,3,2,3,1250000,False,Jardim Peri
Rua Marcondes de Andrade,São Paulo,177,3,2,3,980000,False,Vila São José
Rua Doutor Monteiro Tapajós,São Paulo,121,3,2,2,590000,False,Vila Santo Estéfano
Rua Sônia Ribeiro,São Paulo,250,4,4,4,1750000,False,Campo Belo
,São Paulo,214,4,5,4,2500000,False,Campo Belo
Rua Guaxatuba,São Paulo,202,2,1,4,1000000,False,Santo Amaro
Rua Honduras,São Paulo,360,4,6,8,7497000,False,Jardim Paulista
,São Paulo,165,4,4,2,1249000,False,Saúde
Rua Primavera,São Paulo,350,3,3,4,25000,True,Jardim Paulista
Rua Mendes Pais,São Paulo,564,3,5,3,8500000,False,Vila Nova Conceição
Travessa Professor Dalmo Belfort de Mattos,São Paulo,67,2,1,1,257600,False,Jardim Miriam
Largo São Rafael,São Paulo,103,3,2,2,750000,False,Mooca
,São Paulo,225,4,1,5,1390000,False,Vila Dom Pedro I
,São Paulo,146,3,1,1,480000,False,Vila Vera
,São Paulo,160,8,3,5,8500,True,Sumaré
Avenida Manoel dos Reis Araújo,São Paulo,500,3,6,6,2300000,False,Jardim Marajoara
,São Paulo,185,4,5,4,2100000,False,Santo Amaro
,São Paulo,282,4,2,4,1705000,False,Vila Monumento
,São Paulo,110,3,3,2,650000,False,Vila Brasílio Machado
Rua Roger Chaffee,São Paulo,345,4,6,4,2500000,False,Interlagos
Rua Giácomo Carissimi,São Paulo,120,3,2,2,580000,False,Vila Adalgisa
Rua Xavier da Rocha,São Paulo,96,2,1,2,470000,False,Parque da Vila Prudente
,São Paulo,486,3,1,1,1900000,False,Bosque da Saúde
,São Paulo,150,3,1,2,1250000,False,Parque Jabaquara
,São Paulo,90,2,1,1,349800,False,Jardim D'Abril
Rua Gastão da Cunha,São Paulo,177,3,2,2,690000,False,Vila Paulista
Rua Comandante Ismael Guilherme,São Paulo,600,4,7,4,12000000,False,Jardim Luzitânia
,São Paulo,350,4,6,10,2300000,False,Santo Amaro
Rua Salvador Fiordelisio,São Paulo,77,3,4,2,599000,False,Vila Bertioga
,São Paulo,828,1,1,3,841750,False,Paraisópolis
Rua Oronzo Scattone,São Paulo,70,2,1,1,495000,False,Vila Gumercindo
Rua Luís da Silva Araújo,São Paulo,287,4,6,6,1090000,False,Jardim Leonor Mendes de Barros
Rua Mário Gonçalves de Oliveira,São Paulo,750,4,7,5,15000,True,Fazenda Morumbi
,São Paulo,280,4,6,4,14500,True,Alto de Pinheiros
,São Paulo,120,2,2,1,670000,False,Bosque da Saúde
Rua Marechal Bina Machado,São Paulo,271,4,5,4,1800000,False,Jardim Marajoara
Avenida Amarilis,São Paulo,840,4,6,8,5900000,False,Cidade Jardim
Rua Marechal Bina Machado,São Paulo,450,3,2,4,2500000,False,Jardim Marajoara
Rua Getúlio Vargas Filho,São Paulo,130,3,2,4,850000,False,Cidade Vargas
Rua Miranda Guerra,São Paulo,500,4,12,5,3000000,False,Jardim Petrópolis
,São Paulo,180,3,3,2,1200000,False,Brooklin Paulista
,São Paulo,400,4,1,4,1600000,False,Morumbi
Avenida Manoel dos Reis Araújo,São Paulo,266,3,4,6,1400000,False,Jardim Marajoara
Rua Aziz Nader,São Paulo,700,4,3,5,16000,True,Jardim Petrópolis
Rua Veríssimo da Silva,São Paulo,97,2,3,2,385000,False,Jardim Nossa Senhora do Carmo
,São Paulo,220,3,3,6,420000,False,Cidade Ademar
,São Paulo,393,4,1,3,2800000,False,Fazenda Morumbi
Rua Marcos Fernandes,São Paulo,168,3,4,4,960000,False,Jardim da Saúde
,São Paulo,650,5,8,6,45000,True,Jardim Europa
,São Paulo,143,4,1,5,2940000,False,Saúde
,São Paulo,200,3,2,2,950000,False,Nova Piraju
Praça Contendas,São Paulo,96,2,2,3,850000,False,Vila Anhangüera
Avenida Manoel dos Reis Araújo,São Paulo,387,3,5,4,1800000,False,Jardim Marajoara
Rua Amandaba,São Paulo,300,3,4,3,1500000,False,Jardim Prudência
,São Paulo,600,4,4,4,15000,True,Cidade Jardim
Rua Arandu,São Paulo,87,1,2,2,900000,False,Itaim Bibi
Rua Itamonte,São Paulo,241,2,2,1,500000,False,Vila Medeiros
,São Paulo,601,3,5,10,80000,True,Jardim América
Rua General Calado,São Paulo,194,4,4,2,900000,False,Vila Regente Feijó
Rua Feliciano Maia,São Paulo,600,5,4,10,30000,True,Jardim Paulista
Rua João Batista Leme da Silva,São Paulo,190,3,2,2,1045000,False,Vila Madalena
Rua Senador Otávio Mangabeira,São Paulo,350,5,6,5,2000000,False,Jardim Morumbi
Rua Piatá,São Paulo,55,3,1,1,345000,False,Vila Isolina Mazzei
Rua Sílvia Celeste de Campos,São Paulo,670,5,6,7,15000000,False,Alto de Pinheiros
Rua Amélia Barsotti Simi,São Paulo,400,3,3,7,1480000,False,Jardim Riviera
Rua Veneza,São Paulo,450,3,1,2,15000,True,Jardim Paulista
Rua Doutor Dolzani,São Paulo,106,2,2,1,448970,False,Jardim da Glória
,São Paulo,244,3,1,3,900000,False,Vila Santa Catarina
Rua Tebas,São Paulo,400,3,6,6,2800000,False,Jardim Brasil
Rua Mesquita,São Paulo,200,3,1,2,3800000,False,Vila Deodoro
Rua Doutor Queirós Guimarães,São Paulo,400,4,5,4,3850000,False,Jardim Guedala
,São Paulo,364,3,3,3,1500000,False,Jardim Prudência
,São Paulo,150,2,3,1,1050000,False,Santo Amaro
Rua Fujie Nitta,São Paulo,147,3,3,2,970000,False,Brooklin Paulista
,São Paulo,600,4,6,3,11000000,False,Jardim Paulista
Rua Ferdinando Laboriau,São Paulo,450,4,4,4,2350000,False,Pacaembu
,São Paulo,280,4,6,6,2100000,False,Pacaembu
Rua Sacadura Cabral,São Paulo,37,1,2,1,510000,False,Lapa
Rua Padre Vicente Heckel,São Paulo,274,3,2,6,939000,False,Parque Jabaquara
,São Paulo,193,3,3,4,950000,False,Parque Jabaquara
,São Paulo,627,3,5,4,13000000,False,Jardim Luzitânia
Rua André Saraiva,São Paulo,125,2,2,2,689000,False,Vila Sônia
,São Paulo,240,3,1,3,850000,False,Vila Isa
,São Paulo,640,5,7,7,6000000,False,Jardim Cordeiro
,São Paulo,168,3,3,2,450000,False,Vila Talarico
Rua Juvenal Galeno,São Paulo,270,4,4,2,890000,False,Jardim da Saúde
Rua Izabel Velho,São Paulo,116,3,4,2,490000,False,Vila São Vicente
Rua Professor Vahia de Abreu,São Paulo,94,3,4,1,1200000,False,Vila Olímpia
Rua Rosalino Silva,São Paulo,129,3,3,3,620000,False,Jardim Itapeva
Rua Canudos,São Paulo,230,3,2,3,1200000,False,Jardim da Glória
Rua Canudos,São Paulo,229,3,2,3,1199999,False,Jardim da Glória
Rua Auguste Clesinger,São Paulo,273,5,5,3,1270000,False,Vila do Bosque
,São Paulo,330,3,2,3,1250000,False,Jardim Peri
,São Paulo,572,4,6,7,15000,False,Jardim Guedala
Rua Padre Madureira,São Paulo,808,4,4,8,4200000,False,Jardim Guedala
Rua Luiz Galhanone,São Paulo,280,4,5,3,2500000,False,Jardim Viana
Rua Geórgia,São Paulo,250,3,3,3,1850000,False,Brooklin Paulista
,São Paulo,200,3,2,2,2200000,False,Vila Progredior
Travessa Umberto Bignardi,São Paulo,190,11,8,2,2500000,False,Paraíso
,São Paulo,95,2,2,2,750000,False,Vila Monumento
,São Paulo,320,3,4,4,1980000,False,Vila Madalena
,São Paulo,750,6,9,6,2880000,False,Jardim da Glória
,São Paulo,184,1,1,1,827739,False,Morumbi
Rua Cardoso de Almeida,São Paulo,350,5,4,5,7000,True,Perdizes
,São Paulo,366,4,5,5,1650000,False,Cambuci
Rua Ministro Oscar Saraiva,São Paulo,160,3,2,2,700000,False,Vila Brasílio Machado
Rua Wagih Assad Abdalla,São Paulo,520,5,9,6,4800000,False,Morumbi
Rua Gaurama,São Paulo,450,5,6,5,2200000,False,Jardim Franca
Rua Luís Góis,São Paulo,197,2,1,1,1600000,False,Mirandópolis
Rua Antônio Barletta,São Paulo,280,4,1,5,8000,True,Vila Madalena
,São Paulo,573,5,6,8,2015000,False,City América
,São Paulo,140,3,1,2,580000,False,Vila Bancária Munhoz
Rua Acuruá,São Paulo,290,4,3,2,2200000,False,Vila Romana
Rua Cristiano Viana,São Paulo,120,2,2,1,880000,False,Cerqueira César
Rua Viena,São Paulo,127,3,2,2,880000,False,Sacomã
,São Paulo,130,2,4,1,950000,False,Cidade Monções
Rua Conde de Porto Alegre,São Paulo,381,3,3,3,1900000,False,Campo Belo
Rua dos Beija,74,300,2,2,2,770000,False,Flores
,São Paulo,175,4,4,2,850000,False,Jardim Londrina
,São Paulo,333,5,1,2,1400000,False,Chácara Monte Alegre
,São Paulo,226,3,3,4,670000,False,Vila Ester
Rua São José,São Paulo,800,4,5,12,8200000,False,Santo Amaro
,São Paulo,140,2,3,1,1915000,False,Pinheiros
Rua Professor Henrique Neves Lefevre,São Paulo,947,4,5,10,9000000,False,Jardim Petrópolis
,São Paulo,200,4,4,1,3405000,False,Indianópolis
,São Paulo,133,2,4,3,1750000,False,Jardim Hípico
,São Paulo,210,4,4,2,1190000,False,Campo Belo
Rua Alabastro,São Paulo,240,3,4,3,1550000,False,Aclimação
,São Paulo,150,2,2,4,745000,False,Vila Lageado
,São Paulo,96,3,4,2,800000,False,Cambuci
Rua Antônio La Giudice,São Paulo,125,2,1,2,330000,False,Jardim Aricanduva
Rua Madalena de Morais,São Paulo,726,4,8,9,4500000,False,Jardim Leonor
,São Paulo,141,3,1,2,700000,False,Vila Brasilina
Rua Agostinho Nunes de Abreu,São Paulo,126,2,1,2,394550,False,Catumbi
Rua Amélia Barsotti Simi,São Paulo,225,3,4,6,1170000,False,Praia Azul
,São Paulo,118,3,2,2,750000,False,Vila Anhangüera
Rua Carlos Rath,São Paulo,283,4,3,5,8000,True,Alto de Pinheiros
Rua João de Santa Maria,São Paulo,184,3,6,3,1280000,False,Vila Brasilina
Rua Boa Esperança do Sul,São Paulo,406,4,1,4,2700000,False,Jardim Guedala
Rua Angatuba,São Paulo,687,4,6,4,10000000,False,Pacaembu
Rua Izonzo,São Paulo,100,3,3,2,606000,False,Sacomã
,São Paulo,400,4,5,4,13000,True,Vila Madalena
Avenida Iraí,São Paulo,300,3,2,4,2200000,False,Indianópolis
,São Paulo,127,3,1,5,1190000,False,Jardim da Saúde
,São Paulo,400,4,6,6,2650000,False,Jardim Marajoara
,São Paulo,297,3,1,6,1600000,False,Bosque da Saúde
Rua Doutor João Vieira Neves,São Paulo,140,3,2,3,550000,False,Jardim Esmeralda
Rua Guariuba,São Paulo,134,3,1,1,420000,False,Vila Campanela
Rua Antônio Dario Menezes,São Paulo,141,3,3,4,800000,False,Vila Romano
Rua Geremia Lunardelli,São Paulo,200,3,5,4,900000,False,Jardim Peri Peri
,São Paulo,340,3,1,8,1280000,False,Vila Bela
Rua General Pereira da Cunha,São Paulo,2200,6,6,12,19000000,False,Retiro Morumbi
Rua Doutor Heitor Rodrigues de Souza,São Paulo,354,4,5,3,12000,True,Cidade Vargas
Rua Aracitaba,São Paulo,463,3,6,4,1950000,False,Morumbi
Rua Rocinha,São Paulo,160,5,4,3,990000,False,Bosque da Saúde
Praça Monsenhor Galvão de Sousa,São Paulo,558,4,8,6,22000,True,Jardim Guedala
Rua Comandante Ismael Guilherme,São Paulo,566,3,4,6,12000000,False,Jardim Luzitânia
Rua Conde D'Eu,São Paulo,150,3,3,2,2100000,False,Santo Amaro
Rua Laplace,São Paulo,634,5,4,4,2800000,False,Brooklin
Rua Honorato Faustino,São Paulo,535,4,5,4,8000000,False,Alto de Pinheiros
,São Paulo,850,5,4,6,50000,True,Jardim América
,São Paulo,893,4,8,10,11000000,False,Parque dos Príncipes
,São Paulo,2000,5,11,30,90000,True,Retiro Morumbi
Rua Atalanta,São Paulo,200,3,2,3,700000,False,Jardim São Paulo
,São Paulo,110,3,2,2,650000,False,Vila Brasílio Machado
Rua Ribeiro do Vale,São Paulo,250,3,1,3,1600000,False,Brooklin Paulista
,São Paulo,285,4,3,3,636000,False,Vila Simone
Rua Antônio Loureiro,São Paulo,200,3,2,4,650000,False,Vila Santa Catarina
Rua Araporé,São Paulo,450,5,5,5,3100000,False,Jardim Guedala
,São Paulo,800,3,2,4,1600000,False,Alto da Mooca
Rua Arcipreste Andrade,São Paulo,120,2,1,1,800000,False,Ipiranga
Rua Pedro Inácio de Araújo,São Paulo,98,2,1,2,590000,False,Vila São Silvestre
Rua General Gaudie Ley,São Paulo,350,4,5,8,1600000,False,Interlagos
Rua Cornélio Procópio,São Paulo,165,2,2,2,899000,False,Saúde
,São Paulo,177,3,2,3,2875000,False,Vila Nova Conceição
Rua Ossian Terceiro Teles,São Paulo,250,3,4,3,1100000,False,Jardim Prudência
Rua Mário Enzio Pasqualucci,São Paulo,133,3,4,2,850000,False,Vila São Francisco
Estrada Velha da Penha,São Paulo,125,2,2,2,530000,False,Tatuapé
Rua Capitão José Inocêncio Taques Alvim,São Paulo,147,3,3,3,890000,False,Santo Amaro
Rua Comandante Ismael Guilherme,São Paulo,600,3,6,4,12000000,False,Jardim Luzitânia
Avenida Dória,São Paulo,130,2,2,1,650000,False,Vila Alexandria
Rua Balata,São Paulo,276,3,3,6,950000,False,Jardim Guairaca
Rua Armando Brussolo,São Paulo,254,3,3,2,1900000,False,Vila Romana
Rua Sargento Antenor Teixeira,São Paulo,350,4,2,1,940000,False,Jabaquara
Rua Maria Celina,São Paulo,140,3,3,2,799000,False,Vila Firmiano Pinto
Avenida Ipanema,São Paulo,75,2,2,2,700000,False,Veleiros
,São Paulo,72,2,1,2,380000,False,Vila Nivi
Rua Ubaíra,São Paulo,200,3,4,4,1990000,False,Indianópolis
,São Paulo,173,2,2,4,1250000,False,Vila Dom Pedro I
Rua Dom Luís Felipe de Orleans,São Paulo,100,2,2,1,499998,False,Vila Maria Baixa
Rua Jacques Félix,São Paulo,200,3,3,4,7920000,False,Vila Nova Conceição
,São Paulo,135,3,1,2,1190000,False,Saúde
,São Paulo,190,3,1,2,1400000,False,Vila São Paulo
,São Paulo,568,4,5,4,5500000,False,Jardim Vitória Régia
,São Paulo,196,3,5,2,2700000,False,Itaim Bibi
Rua Milton Soares,São Paulo,100,2,2,2,350000,False,Jardim Sarah
Rua Visconde de Taunay,São Paulo,125,2,2,2,950000,False,Vila Cruzeiro
Rua dos Trilhos,São Paulo,165,3,1,1,800000,False,Mooca
Rua Groenlândia,São Paulo,420,4,5,5,8500000,False,Jardim América
Rua Guaninas,São Paulo,115,3,2,2,573000,False,Jardim Aeroporto
Rua Amélia Augusta Rodrigues,São Paulo,120,3,2,2,261252,False,Cidade São Mateus
,São Paulo,146,3,1,1,480000,False,Vila Vera
,São Paulo,160,8,3,5,8500,True,Sumaré
Avenida Manoel dos Reis Araújo,São Paulo,500,3,6,6,2300000,False,Jardim Marajoara
,São Paulo,185,4,5,4,2100000,False,Santo Amaro
,São Paulo,282,4,2,4,1705000,False,Vila Monumento
,São Paulo,110,3,3,2,650000,False,Vila Brasílio Machado
Rua Roger Chaffee,São Paulo,345,4,6,4,2500000,False,Interlagos
Rua Giácomo Carissimi,São Paulo,120,3,2,2,580000,False,Vila Adalgisa
,São Paulo,260,3,4,3,5250000,False,Jardim Luzitânia
Rua Simão de Toledo Piza,São Paulo,157,2,1,2,640000,False,Vila Libanesa
Rua Antônio Dario Menezes,São Paulo,141,3,1,4,800000,False,Vila Romano
,São Paulo,200,3,4,3,1000000,False,Jardim da Glória
,São Paulo,233,3,2,5,2000000,False,Jardim da Glória
Rua Cayowaá,São Paulo,280,3,1,2,1200000,False,Perdizes
,São Paulo,347,4,4,6,2100000,False,Bosque da Saúde
Rua do Minho,São Paulo,300,4,7,4,13000,True,Jardim Luzitânia
,São Paulo,380,7,5,6,2900000,False,Vila Madalena
,São Paulo,288,3,1,6,1200000,False,Bosque da Saúde
,São Paulo,360,3,4,6,2400000,False,Alto da Lapa
Rua Orozimbo Maia,São Paulo,220,6,7,6,2000000,False,Alto da Mooca
,São Paulo,70,1,1,2,953000,False,Vila Clementino
,São Paulo,150,3,1,2,700000,False,Vila Moinho Velho
Travessa Nicolas Jancu,São Paulo,367,3,4,4,1684000,False,Jardim Virginia Bianca
Rua Ana Vieira de Carvalho,São Paulo,350,3,4,5,3900000,False,Jardim Panorama
Rua Nhu,Guaçu,75,2,2,2,750000,False,
Rua João Cordeiro,São Paulo,480,4,10,4,1580000,False,Vila Carrão
,São Paulo,250,4,4,5,1800000,False,Santana
,São Paulo,330,5,6,5,2280000,False,Brooklin Paulista
,São Paulo,986,4,6,3,4000000,False,Retiro Morumbi
Avenida Santo Albano,São Paulo,265,3,5,8,689000,False,Vila Vera
Rua Melo Morais Filho,São Paulo,545,4,6,10,8500000,False,Jardim Guedala
,São Paulo,235,3,3,7,2300000,False,Vila Ida
Avenida Professor Rubens Gomes de Souza,São Paulo,500,4,5,6,9000000,False,Jardim Cordeiro
,São Paulo,102,2,4,2,1200000,False,Cidade Monções
,São Paulo,410,3,5,4,4000000,False,Cidade Jardim
Rua Comendador Bichara Moherdauí,São Paulo,798,5,7,8,4950000,False,Jardim Leonor
Rua Esmeralda,São Paulo,120,3,4,2,1000000,False,Aclimação
,São Paulo,352,4,4,3,1800000,False,Chácara Monte Alegre
Rua Professor Araújo Maciel,São Paulo,158,4,2,2,550000,False,Vila Fachini
,São Paulo,300,4,6,4,4300000,False,Jardim Europa
Rua Caracas,São Paulo,156,3,3,2,2184000,False,Vila Nova Conceição
,São Paulo,650,4,1,12,2600000,False,Bosque da Saúde
Rua México,São Paulo,581,3,3,20,30000000,False,Jardim América
,São Paulo,868,4,4,9,6000000,False,Morumbi
,São Paulo,288,4,3,4,1200000,False,Vila Sônia
Rua Bartolomeu Rampini,São Paulo,200,4,1,1,300000,False,Parque Maria Fernandes
Avenida Vicente Paiva,São Paulo,715,4,6,8,4500000,False,Vila Progredior
,São Paulo,420,4,4,4,3180000,False,Jardim Guedala
,São Paulo,296,4,4,4,6200000,False,Fazenda Morumbi
Rua Carmo do Cajuru,São Paulo,650,4,6,4,3500000,False,Jardim Guedala
Rua Mário,São Paulo,169,3,3,2,1100000,False,Vila Romana
Rua Conde D'Eu,São Paulo,800,5,1,6,6000000,False,Santo Amaro
,São Paulo,232,3,3,2,1280000,False,Vila Lúcia
Rua Reverendo Israel Vieira Ferreira,São Paulo,260,4,4,3,760000,False,Vila Medeiros
,São Paulo,211,3,1,2,1000000,False,Vila Gumercindo
Rua República do Iraque,São Paulo,350,4,7,4,3490000,False,Campo Belo
Rua Líbero Ripole,São Paulo,214,3,5,2,1150000,False,Jardim Umuarama
Rua Melo Morais Filho,São Paulo,545,4,5,10,8500000,False,Jardim Guedala
,São Paulo,200,3,1,4,850000,False,Vila Moraes
Rua David Ben Gurion,São Paulo,179,4,5,4,900000,False,Jardim Monte Kemel
,São Paulo,700,5,5,4,11500000,False,Jardim Paulista
Rua Arataca,São Paulo,500,3,5,4,3500000,False,Chácara Monte Alegre
Rua Henri Poincare,São Paulo,97,2,2,1,467000,False,Jardim Coimbra
Rua Alemanha,São Paulo,570,5,8,6,45000,True,Jardim Europa
Rua Engenheiro Sá Rocha,São Paulo,331,4,4,5,19900,True,Vila Ida
,São Paulo,443,4,7,7,18000,True,Jardim Guedala
Rua Nova Pátria,São Paulo,230,3,4,4,1280000,False,Bosque da Saúde
Rua Eva Bloch,São Paulo,150,4,3,4,1802000,False,Bosque da Saúde
,São Paulo,496,4,3,5,3800000,False,Jardim Paulistano
Alameda dos Indígenas,São Paulo,314,3,3,4,1450000,False,Planalto Paulista
Rua Saramenha,São Paulo,330,3,5,5,1850000,False,Sumaré
,São Paulo,200,2,2,4,1650000,False,Santo Amaro
Rua Bernardo Sanches,São Paulo,309,2,3,2,2800000,False,Real Parque
Rua Rubem de Souza,São Paulo,390,3,2,3,1400000,False,Vila Inglesa
Rua Bom Pastor,São Paulo,370,4,4,5,1200000,False,Ipiranga
,São Paulo,334,3,3,4,1696000,False,Lar São Paulo
,São Paulo,841,6,7,4,5000000,False,Cidade Jardim
,São Paulo,195,3,1,2,650000,False,Vila Brasílio Machado
Rua André Rebouças,São Paulo,75,2,2,1,400000,False,Vila Piauí
Rua Maestro Chiaffarelli,São Paulo,210,2,4,2,3600000,False,Jardim Paulista
Rua Porto Rico,São Paulo,701,4,4,6,20200000,False,Jardim América
,São Paulo,220,2,5,4,2700000,False,Moema
,São Paulo,175,3,4,3,1900000,False,Brooklin Paulista
Avenida Eugênio Bartolomai,São Paulo,290,3,3,4,1290000,False,Jardim Santa Helena
Rua Domingos Gonçalo,São Paulo,273,3,4,4,2300000,False,Jardim Campo Grande
,São Paulo,170,6,3,1,1800000,False,Jardim Paulista
,São Paulo,272,4,5,5,1300000,False,Brooklin Paulista
Rua Sargento Francisco Boeming,São Paulo,135,2,2,1,600000,False,Jardim Anhanguera
Largo da Batalha,São Paulo,300,3,7,3,5250000,False,Jardim Luzitânia
Rua Alcindo Guanabara,São Paulo,400,3,1,4,2500000,False,Jardim da Glória
Rua Doutor Fernandes Coelho,São Paulo,490,5,3,5,7000000,False,Pinheiros
,São Paulo,517,4,1,4,9500000,False,Jardim Paulista
Rua Ribeiro do Vale,São Paulo,250,3,4,3,1590000,False,Brooklin Paulista
,São Paulo,496,4,6,4,14000,True,Jardim Guedala
,São Paulo,173,3,1,5,1100000,False,Jardim da Saúde
Rua Josefina Arnoni,São Paulo,370,3,5,4,899000,False,Vila Irmãos Arnoni
,São Paulo,307,4,5,4,2900000,False,Alto de Pinheiros
,São Paulo,165,3,5,3,1000000,False,Cambuci
Rua Sanharó,São Paulo,286,2,4,4,1700000,False,Jardim Guedala
,São Paulo,300,3,8,5,2759000,False,Vila Bela Aliança
Alameda dos Nhambiquaras,São Paulo,355,3,6,4,4950000,False,Indianópolis
Rua Doutor Sebastião Lappetina Russo,São Paulo,164,3,3,2,700000,False,Jardim Promissão
Rua Ushi Kamia,São Paulo,104,2,1,1,277780,False,Parque Ramos Freitas
Rua Alemanha,São Paulo,550,3,4,4,7700000,False,Jardim Europa
,São Paulo,300,4,4,6,7500,True,Brooklin Paulista
Rua Áurea Batista dos Santos,São Paulo,240,3,3,2,850000,False,Vila Morse
,São Paulo,330,2,1,4,950000,False,Belenzinho
,São Paulo,108,3,3,1,690000,False,Ipiranga
Rua Saclara,São Paulo,90,3,3,3,280000,False,Vila Industrial
Rua Antônio Peres Mulla,São Paulo,176,3,2,2,800000,False,Vila Carrão
Rua Múrcia,São Paulo,145,3,2,2,650000,False,Parque Sevilha
,São Paulo,583,4,1,12,3000000,False,Vila Brasilina
,São Paulo,880,4,3,12,65000,True,Jardim América
Rua Maurício de Castilho,São Paulo,310,3,3,2,1350000,False,Vila Monumento
Rua Noruega,São Paulo,878,4,8,8,15000000,False,Jardim Europa
,São Paulo,388,3,5,8,4900000,False,Vila Tramontano
Rua Rodovalho Junior,São Paulo,223,4,3,2,650000,False,Penha de França
Rua Gregório Paes de Almeida,São Paulo,400,4,3,5,2650000,False,Vila Madalena
Avenida Manoel dos Reis Araújo,São Paulo,342,5,5,8,10000,True,Jardim Marajoara
,São Paulo,500,4,6,8,35000,True,Jardim Paulista
Rua Tomé Portes,São Paulo,375,4,7,5,1850000,False,Brooklin Paulista
Rua Santos Dumont,São Paulo,567,5,9,4,3490000,False,Jardim Petrópolis
Rua Luís Gonzaga de Sylos,São Paulo,60,2,1,1,317990,False,Jardim Aricanduva
Rua João Borba,São Paulo,161,3,3,2,790000,False,Vila Bertioga
,São Paulo,273,4,5,4,1200000,False,Vila São José
,São Paulo,173,3,5,4,1100000,False,Vila Monumento
Rua César Marengo,São Paulo,100,2,2,1,360000,False,Vila Campo Grande
Avenida Manoel dos Reis Araújo,São Paulo,595,2,3,6,1100000,False,Jardim Marajoara
Rua Romão Puiggari,São Paulo,68,2,1,1,315000,False,Vila Moraes
,São Paulo,207,3,1,3,980000,False,Vila Brasílio Machado
,São Paulo,450,4,7,8,25000,True,Sumaré
,São Paulo,294,4,6,5,5950000,False,Alto de Pinheiros
Rua Augusto Perroni,São Paulo,167,2,3,3,790000,False,Conjunto Residencial Butantã
Rua Alphonsus de Guimaraens,São Paulo,250,2,3,5,1200000,False,Santana
Rua Maestro Vasconcelos Chaves,São Paulo,60,1,1,2,270000,False,Vila Rui Barbosa
São Paulo,São Paulo,385,3,6,4,1800000,False,
Rua Paramu,São Paulo,75,2,3,2,440000,False,Vila Bela
Rua Pero Correia,São Paulo,144,3,2,5,890000,False,Vila Mariana
Rua Paragominas,São Paulo,140,2,2,1,350000,False,São Lucas
,São Paulo,400,4,6,6,2550000,False,Boaçava
Rua Engenheiro Elias Machado de Almeida,São Paulo,308,4,4,7,1319500,False,Caxingui
,São Paulo,253,4,4,3,1298000,False,Planalto Paulista
Rua Doutor Maurício de Lacerda,São Paulo,198,3,3,2,2332000,False,São Judas
Rua Wanderley,São Paulo,130,2,2,1,900000,False,Perdizes
Rua Conde de Porto Alegre,São Paulo,291,3,4,2,15000,True,Campo Belo
Rua Rocinha,São Paulo,160,5,4,3,990000,False,Bosque da Saúde
Praça Monsenhor Galvão de Sousa,São Paulo,558,4,8,6,22000,True,Jardim Guedala
Rua Comandante Ismael Guilherme,São Paulo,566,3,4,6,12000000,False,Jardim Luzitânia
Rua Conde D'Eu,São Paulo,150,3,3,2,2100000,False,Santo Amaro
Rua Laplace,São Paulo,634,5,4,4,2800000,False,Brooklin
Rua Honorato Faustino,São Paulo,535,4,5,4,8000000,False,Alto de Pinheiros
,São Paulo,850,5,4,6,50000,True,Jardim América
,São Paulo,893,4,8,10,11000000,False,Parque dos Príncipes
,São Paulo,2000,5,11,30,90000,True,Retiro Morumbi
Rua Atalanta,São Paulo,200,3,2,3,700000,False,Jardim São Paulo
,São Paulo,110,3,2,2,650000,False,Vila Brasílio Machado
Rua Ribeiro do Vale,São Paulo,250,3,1,3,1600000,False,Brooklin Paulista
,São Paulo,285,4,3,3,636000,False,Vila Simone
Rua Antônio Loureiro,São Paulo,200,3,2,4,650000,False,Vila Santa Catarina
Rua Araporé,São Paulo,450,5,5,5,3100000,False,Jardim Guedala
,São Paulo,800,3,2,4,1600000,False,Alto da Mooca
Rua Arcipreste Andrade,São Paulo,120,2,1,1,800000,False,Ipiranga
Rua Pedro Inácio de Araújo,São Paulo,98,2,1,2,590000,False,Vila São Silvestre
Rua General Gaudie Ley,São Paulo,350,4,5,8,1600000,False,Interlagos
Rua Cornélio Procópio,São Paulo,165,2,2,2,899000,False,Saúde
,São Paulo,177,3,2,3,2875000,False,Vila Nova Conceição
Rua Ossian Terceiro Teles,São Paulo,250,3,4,3,1100000,False,Jardim Prudência
Rua Mário Enzio Pasqualucci,São Paulo,133,3,4,2,850000,False,Vila São Francisco
Estrada Velha da Penha,São Paulo,125,2,2,2,530000,False,Tatuapé
Rua Capitão José Inocêncio Taques Alvim,São Paulo,147,3,3,3,890000,False,Santo Amaro
Rua Comandante Ismael Guilherme,São Paulo,600,3,6,4,12000000,False,Jardim Luzitânia
Avenida Dória,São Paulo,130,2,2,1,650000,False,Vila Alexandria
Rua Balata,São Paulo,276,3,3,6,950000,False,Jardim Guairaca
Rua Armando Brussolo,São Paulo,254,3,3,2,1900000,False,Vila Romana
Rua Sargento Antenor Teixeira,São Paulo,350,4,2,1,940000,False,Jabaquara
Rua Maria Celina,São Paulo,140,3,3,2,799000,False,Vila Firmiano Pinto
Rua Marituba,São Paulo,390,4,3,4,2250000,False,Chácara Monte Alegre
Avenida Ipanema,São Paulo,75,2,2,2,700000,False,Veleiros
,São Paulo,72,2,1,2,380000,False,Vila Nivi
Rua Ubaíra,São Paulo,200,3,4,4,1990000,False,Indianópolis
Rua Bom Pastor,São Paulo,370,4,4,5,1200000,False,Ipiranga
,São Paulo,334,3,3,4,1696000,False,Lar São Paulo
,São Paulo,841,6,7,4,5000000,False,Cidade Jardim
,São Paulo,195,3,1,2,650000,False,Vila Brasílio Machado
Rua André Rebouças,São Paulo,75,2,2,1,400000,False,Vila Piauí
Rua Maestro Chiaffarelli,São Paulo,210,2,4,2,3600000,False,Jardim Paulista
Rua Porto Rico,São Paulo,701,4,4,6,20200000,False,Jardim América
,São Paulo,220,2,5,4,2700000,False,Moema
,São Paulo,175,3,4,3,1900000,False,Brooklin Paulista
Avenida Eugênio Bartolomai,São Paulo,290,3,3,4,1290000,False,Jardim Santa Helena
Rua Domingos Gonçalo,São Paulo,273,3,4,4,2300000,False,Jardim Campo Grande
,São Paulo,170,6,3,1,1800000,False,Jardim Paulista
,São Paulo,272,4,5,5,1300000,False,Brooklin Paulista
Rua Sargento Francisco Boeming,São Paulo,135,2,2,1,600000,False,Jardim Anhanguera
Largo da Batalha,São Paulo,300,3,7,3,5250000,False,Jardim Luzitânia
Rua Alcindo Guanabara,São Paulo,400,3,1,4,2500000,False,Jardim da Glória
Rua Doutor Fernandes Coelho,São Paulo,490,5,3,5,7000000,False,Pinheiros
,São Paulo,517,4,1,4,9500000,False,Jardim Paulista
Rua Ribeiro do Vale,São Paulo,250,3,4,3,1590000,False,Brooklin Paulista
,São Paulo,496,4,6,4,14000,True,Jardim Guedala
,São Paulo,173,3,1,5,1100000,False,Jardim da Saúde
Rua Josefina Arnoni,São Paulo,370,3,5,4,899000,False,Vila Irmãos Arnoni
,São Paulo,307,4,5,4,2900000,False,Alto de Pinheiros
,São Paulo,165,3,5,3,1000000,False,Cambuci
Rua Sanharó,São Paulo,286,2,4,4,1700000,False,Jardim Guedala
,São Paulo,300,3,8,5,2759000,False,Vila Bela Aliança
Alameda dos Nhambiquaras,São Paulo,355,3,6,4,4950000,False,Indianópolis
Rua Doutor Sebastião Lappetina Russo,São Paulo,164,3,3,2,700000,False,Jardim Promissão
Rua Ushi Kamia,São Paulo,104,2,1,1,277780,False,Parque Ramos Freitas
Rua Alemanha,São Paulo,550,3,4,4,7700000,False,Jardim Europa
,São Paulo,300,4,4,6,7500,True,Brooklin Paulista
Rua Áurea Batista dos Santos,São Paulo,240,3,3,2,850000,False,Vila Morse
,São Paulo,330,2,1,4,950000,False,Belenzinho
,São Paulo,108,3,3,1,690000,False,Ipiranga
Rua Saclara,São Paulo,90,3,3,3,280000,False,Vila Industrial
Rua Antônio Peres Mulla,São Paulo,176,3,2,2,800000,False,Vila Carrão
Rua Antônio Alves Santos,São Paulo,120,2,2,2,360000,False,Vila Cunha Bueno
,São Paulo,460,4,5,4,5500000,False,Pinheiros
,São Paulo,110,3,1,2,790000,False,Vila Brasílio Machado
,São Paulo,291,3,5,3,3900000,False,Alto de Pinheiros
,São Paulo,120,3,2,2,763200,False,Vila Congonhas
,São Paulo,500,5,5,4,900000,False,Chácara Mafalda
Rua Sampaio Vidal,São Paulo,250,3,5,4,7500,True,Jardim Paulistano
,São Paulo,131,3,1,2,850000,False,Bosque da Saúde
Rua Orlando Ferraiuolo,São Paulo,340,3,2,3,999000,False,Vila Brasilina
,São Paulo,265,3,4,5,1600000,False,Sumaré
,São Paulo,252,3,2,6,1500000,False,Vila Nova Caledônia
Rua D'Ouro,São Paulo,415,3,5,8,7980000,False,Jardim Luzitânia
,São Paulo,167,3,1,3,795000,False,Vila Anhangüera
,São Paulo,350,3,2,2,10000,True,Sumaré
Rua José Vicente,São Paulo,450,4,3,8,1600000,False,Tremembé
Rua Nicolau Magnoli,São Paulo,263,3,3,4,1300000,False,Chácara Meyer
Rua Professor Francisco Maffei,São Paulo,453,3,7,6,2120000,False,Interlagos
Rua Manuel Jacinto,São Paulo,261,3,3,2,800000,False,Vila Morse
Rua da Cipaúba,São Paulo,140,3,3,2,480000,False,Vila São Domingos
,São Paulo,170,3,4,10,965000,False,Parque da Mooca
,São Paulo,783,5,6,8,7500000,False,Jardim Guedala
Rua General Almério de Moura,São Paulo,600,3,4,6,2750000,False,Vila Tramontano
,São Paulo,200,4,4,2,890000,False,Indianópolis
Rua Timbó,São Paulo,170,3,3,2,890000,False,Mooca
Rua Edgard Pereira,São Paulo,160,3,4,3,860000,False,Vila Guarani
Rua Coronel Deraldo Jordão,São Paulo,125,3,4,2,880000,False,Vila Firmiano Pinto
Rua Sernambitiba,São Paulo,128,2,3,4,650000,False,Vila Império
Rua Paulo Orozimbo,São Paulo,550,4,6,2,2700000,False,Cambuci
Rua Manoel Pires do Valle,São Paulo,170,3,2,3,549000,False,Vila Domitila
Rua Constantino de Sousa,São Paulo,440,4,5,4,1800000,False,Campo Belo
Rua Pierre de Beranger,São Paulo,140,3,3,6,900000,False,Campo Grande
Rua Jacinto Ribeiro,São Paulo,264,4,3,2,640000,False,Jardim das Vertentes
Rua Francisco Riva,São Paulo,100,2,1,2,350000,False,Conjunto Habitacional Barreira Grande
,São Paulo,292,2,2,2,830010,False,Lapa de Baixo
,São Paulo,200,3,3,4,1350000,False,Alto da Lapa
Rua Moura Brasil,São Paulo,450,3,3,4,1600000,False,Butantã
Rua Tapes,São Paulo,152,5,7,4,839000,False,Jardim Aeroporto
Rua Francisco Zicardi,São Paulo,340,3,2,3,1800000,False,Jardim Anália Franco
,São Paulo,170,3,4,4,1800000,False,Jardim Vila Mariana
Rua Pau,Brasil,790,4,5,8,7410000,False,
,São Paulo,46,1,1,1,250000,False,Vila Marieta
Rua Urbanizadora,São Paulo,280,5,2,5,3000000,False,Sumaré
Alameda Franca,São Paulo,150,9,2,1,2600000,False,Jardim Paulista
,São Paulo,128,3,1,2,730000,False,Santo Amaro
Rua João Vilhema,São Paulo,170,3,3,2,4800,True,Planalto Paulista
Rua Votuverava,São Paulo,736,5,3,12,4499000,False,Jardim Guedala
Rua Guaçuma,São Paulo,143,2,1,1,380000,False,Vila Califórnia
Rua Francisco Dias Velho,São Paulo,200,3,4,3,1300000,False,Vila Cordeiro
Rua Padre Germano Mayer,São Paulo,110,3,4,1,650000,False,Maranhão
Rua Itassuce,São Paulo,2500,3,7,12,12500000,False,Pacaembu
Avenida Barão do Rego Barros,São Paulo,450,4,10,8,1340999,False,Vila Congonhas
,São Paulo,650,5,7,8,5300000,False,Cidade Jardim
,São Paulo,427,4,6,10,1350000,False,Bosque da Saúde
,São Paulo,140,3,1,2,895000,False,Bosque da Saúde
,São Paulo,124,2,1,5,590000,False,Vila Brasilina
Rua das Guassatungas,São Paulo,63,2,1,1,390000,False,Vila Parque Jabaquara
,São Paulo,340,3,2,2,2660000,False,Brooklin Paulista
,São Paulo,195,2,3,4,596000,False,Vila Paulista
Rua Marquês Olinda,São Paulo,300,7,3,2,1300000,False,Vila Dom Pedro I
Rua Manuel Rodrigues da Costa,São Paulo,140,3,2,3,619000,False,Vila Guedes
Rua Luisiania,São Paulo,260,3,2,4,2400000,False,Brooklin Paulista
Rua Geraldo Flausino Gomes,São Paulo,375,1,7,8,20000,True,Cidade Monções
Rua Constantino de Sousa,São Paulo,203,3,2,2,1280000,False,Campo Belo
,São Paulo,220,4,2,1,645000,False,Mooca
,São Paulo,950,4,7,11,15000000,False,Jardim Guedala
,São Paulo,215,3,3,2,749000,False,Rio Pequeno
Rua General Lauro Cavalcanti de Farias,São Paulo,180,3,4,2,699000,False,Jardim Mangalot
,São Paulo,68,2,3,1,400000,False,Vila Mazzei
Rua Itapacurai,São Paulo,160,4,3,2,800000,False,Paraíso do Morumbi
,São Paulo,126,3,2,2,930000,False,Chácara Inglesa
,São Paulo,300,7,4,2,1170000,False,Jardim Japão
,São Paulo,276,3,1,6,1800000,False,Vila Madalena
Rua Plínio Salgado,São Paulo,142,3,2,2,749000,False,Jardim Peri Peri
,São Paulo,322,4,4,10,14000,True,Consolação
,São Paulo,90,2,1,2,490000,False,Vila Sônia
,São Paulo,463,5,5,6,2990000,False,Planalto Paulista
Rua Moura Brasil,São Paulo,300,3,2,4,1600000,False,Butantã
Rua Manuel Silva Neto,São Paulo,210,4,2,3,740000,False,Vila Macedópolis
,São Paulo,165,4,1,4,850000,False,Vila Moraes
Rua Antônio Nadruz Dib,São Paulo,256,3,5,4,823400,False,Chora Menino
Rua Olegário Mariano,8888,620,4,8,6,4400000,False,
Rua Francisco Santo Suosso,São Paulo,135,2,2,1,372000,False,Educandário
Avenida José Carlos Pace,São Paulo,320,4,5,6,1800000,False,Interlagos
,São Paulo,273,2,3,3,636000,False,Vila Nair
Rua Almirante Lobo,São Paulo,125,3,2,1,530000,False,Ipiranga
Rua Cubatão,São Paulo,470,5,5,8,6500000,False,Vila Mariana
Rua Holanda,São Paulo,780,4,9,8,11900000,False,Jardim Europa
,São Paulo,400,2,4,4,2150000,False,Pacaembu
Rua Jandiro Joaquim Pereira,São Paulo,460,4,4,6,2550000,False,Jardim Leonor
Praça Santos Coimbra,São Paulo,550,4,5,6,3600000,False,Morumbi
Rua Doutor Dolzani,São Paulo,160,3,3,3,1600000,False,Jardim da Glória
,São Paulo,236,4,3,5,1200000,False,Vila Arriete
,São Paulo,340,3,4,3,3980000,False,Jardim Paulista
,São Paulo,379,6,6,4,4990000,False,Bosque da Saúde
,São Paulo,171,4,1,2,945000,False,Vila Anhangüera
Rua Chamantá,São Paulo,240,3,3,3,800000,False,Vila Prudente
Rua Portugal,São Paulo,693,4,4,6,16000000,False,Jardim Europa
,São Paulo,300,3,5,4,2900000,False,Cambuci
Rua Araporé,São Paulo,517,4,8,7,4461000,False,Jardim Guedala
Rua Doutor João Dalmácio Azevedo,São Paulo,1000,4,6,8,8400000,False,Cidade Jardim
Rua Dom Tomás Costa e Lima,São Paulo,1075,4,5,14,50000,True,Vila Tramontano
Rua Professor Apolinário Porto Alegre,São Paulo,81,2,1,2,319800,False,Jardim D'Abril
,São Paulo,242,3,1,2,1060000,False,Jardim Prudência
,São Paulo,725,5,6,5,21999000,False,Jardim Europa
Rua Doutor Rubens de Azevedo Marques,São Paulo,209,3,4,3,1600000,False,Chácara Monte Alegre
Rua Irmãos Leme,São Paulo,180,2,3,2,800000,False,Tatuapé
,São Paulo,600,4,1,7,18000000,False,Jardim Guedala
,São Paulo,200,2,4,2,1080000,False,Chácara Santo Antônio
,São Paulo,190,3,3,3,735000,False,Parque Continental
,São Paulo,161,4,1,8,850000,False,Vila das Mercês
,São Paulo,250,3,2,2,680000,False,Jardim Sarah
,São Paulo,154,3,1,4,500000,False,Saúde
Rua Primavera,São Paulo,665,4,3,6,5500000,False,Jardim Paulista
Rua Emílio do Lago,São Paulo,175,2,1,2,500000,False,Jardim Vila Formosa
,São Paulo,140,3,3,2,600000,False,Rio Pequeno
Rua Arlindo Veiga dos Santos,São Paulo,87,3,2,1,795000,False,Vila Campo Grande
,São Paulo,136,2,1,1,480000,False,Vila Formosa
Rua Iraci,São Paulo,200,3,3,2,2500000,False,Jardim Paulistano
Rua General Sena Vasconcelos,São Paulo,400,4,6,5,1700000,False,Jardim Guedala
Rua Racine,São Paulo,400,4,7,5,2650000,False,Alto da Lapa
Avenida Ireré,São Paulo,356,4,5,4,2500000,False,Planalto Paulista
Rua Comendador Roque Licciardi,São Paulo,200,3,4,7,1200000,False,Jardim das Vertentes
,São Paulo,250,3,1,3,750000,False,Vila Arriete
Travessa Pacheco Lima,São Paulo,106,3,2,1,420000,False,Vila Ema
Rua Bartolomeu Paes,São Paulo,187,3,4,6,900000,False,Vila Anastácio
Rua Brentano,São Paulo,160,3,2,2,1349000,False,Vila Hamburguesa
Rua Geremia Lunardelli,São Paulo,90,2,1,2,800000,False,Jardim Peri Peri
Avenida Itacira,São Paulo,636,4,5,4,35000,True,Planalto Paulista
Rua Guararapes,São Paulo,560,3,4,6,1300000,False,Lapa
Rua Engenheiro Toledo Malta,São Paulo,140,3,2,2,680000,False,Saúde
Rua Padre Agostinho Mendicute,São Paulo,120,3,2,2,980000,False,Sumaré
Rua Angá,São Paulo,234,2,2,1,957000,False,Vila Formosa
Rua Ubatã,São Paulo,180,2,1,4,530000,False,Cidade Dutra
,São Paulo,660,3,5,12,9000000,False,Pacaembu
Avenida Nova Cantareira,São Paulo,349,4,6,5,855159,False,Tucuruvi
Rua Iquiririm,São Paulo,200,4,2,3,1200000,False,Vila Indiana
Avenida Moaci,São Paulo,380,3,6,4,1690000,False,Planalto Paulista
,São Paulo,300,4,3,8,1095000,False,Vila Alpina
Rua Correia de Lemos,São Paulo,80,2,1,3,2200000,False,Chácara Inglesa
Avenida Manoel dos Reis Araújo,São Paulo,266,3,3,5,9000,True,Jardim Marajoara
Rua Araporã,São Paulo,61,2,2,2,419000,False,Vila Polopoli
Avenida Sílvio Sciumbata,São Paulo,180,2,2,6,750000,False,Interlagos
,São Paulo,350,3,4,3,1750000,False,Vila Congonhas
Rua Cláudio Rossi,São Paulo,180,3,2,2,650000,False,Jardim da Glória
Rua Doutor Gentil Leite Martins,São Paulo,266,3,2,4,1500000,False,Vila Nova Caledônia
,São Paulo,500,3,4,8,1850000,False,Brooklin Paulista
,São Paulo,300,3,5,4,1600000,False,Butantã
Rua Vicente Pelosi,São Paulo,120,3,3,2,878000,False,Vila Gomes
Rua das Hortênsias,São Paulo,180,3,3,2,970000,False,Mirandópolis
,São Paulo,200,3,1,1,1200000,False,Belenzinho
Avenida Piassanguaba,São Paulo,190,3,4,1,650000,False,Planalto Paulista
Rua Costa Aguiar,São Paulo,230,3,2,2,1100000,False,Ipiranga
Rua Tapes,São Paulo,152,5,7,4,839000,False,Jardim Aeroporto
Rua Francisco Zicardi,São Paulo,340,3,2,3,1800000,False,Jardim Anália Franco
,São Paulo,170,3,4,4,1800000,False,Jardim Vila Mariana
Rua Pau,Brasil,790,4,5,8,7410000,False,
,São Paulo,46,1,1,1,250000,False,Vila Marieta
Rua Urbanizadora,São Paulo,280,5,2,5,3000000,False,Sumaré
Alameda Franca,São Paulo,150,9,2,1,2600000,False,Jardim Paulista
,São Paulo,128,3,1,2,730000,False,Santo Amaro
Rua João Vilhema,São Paulo,170,3,3,2,4800,True,Planalto Paulista
Rua Votuverava,São Paulo,736,5,3,12,4499000,False,Jardim Guedala
Rua Guaçuma,São Paulo,143,2,1,1,380000,False,Vila Califórnia
Rua Francisco Dias Velho,São Paulo,200,3,4,3,1300000,False,Vila Cordeiro
Rua Padre Germano Mayer,São Paulo,110,3,4,1,650000,False,Maranhão
Rua Itassuce,São Paulo,2500,3,7,12,12500000,False,Pacaembu
Avenida Barão do Rego Barros,São Paulo,450,4,10,8,1340999,False,Vila Congonhas
,São Paulo,650,5,7,8,5300000,False,Cidade Jardim
,São Paulo,427,4,6,10,1350000,False,Bosque da Saúde
,São Paulo,140,3,1,2,895000,False,Bosque da Saúde
,São Paulo,124,2,1,5,590000,False,Vila Brasilina
Rua das Guassatungas,São Paulo,63,2,1,1,390000,False,Vila Parque Jabaquara
,São Paulo,340,3,2,2,2660000,False,Brooklin Paulista
,São Paulo,195,2,3,4,596000,False,Vila Paulista
Rua Marquês Olinda,São Paulo,300,7,3,2,1300000,False,Vila Dom Pedro I
Rua Manuel Rodrigues da Costa,São Paulo,140,3,2,3,619000,False,Vila Guedes
Rua Luisiania,São Paulo,260,3,2,4,2400000,False,Brooklin Paulista
Rua Geraldo Flausino Gomes,São Paulo,375,1,7,8,20000,True,Cidade Monções
Rua Constantino de Sousa,São Paulo,203,3,2,2,1280000,False,Campo Belo
,São Paulo,220,4,2,1,645000,False,Mooca
,São Paulo,950,4,7,11,15000000,False,Jardim Guedala
,São Paulo,215,3,3,2,749000,False,Rio Pequeno
Rua General Lauro Cavalcanti de Farias,São Paulo,180,3,4,2,699000,False,Jardim Mangalot
,São Paulo,68,2,3,1,400000,False,Vila Mazzei
Rua Itapacurai,São Paulo,160,4,3,2,800000,False,Paraíso do Morumbi
,São Paulo,126,3,2,2,930000,False,Chácara Inglesa
,São Paulo,300,7,4,2,1170000,False,Jardim Japão
,São Paulo,276,3,1,6,1800000,False,Vila Madalena
Rua Lactâncio,São Paulo,254,2,1,6,900000,False,Vila Nova Curuçá
Rua Duque de Caxias,São Paulo,7126,7,2,20,80000,True,Santo Amaro
Rua Mesquita,São Paulo,240,3,3,4,1450000,False,Vila Deodoro
,São Paulo,760,4,7,4,15000000,False,Jardim Paulista
,São Paulo,140,2,1,1,350000,False,Praia Paulistinha
Avenida Benjamim Mansur,São Paulo,126,3,2,2,870000,False,Instituto de Previdência
,São Paulo,498,4,6,6,15000,True,Vila Morumbi
,São Paulo,150,3,3,2,1780000,False,Cidade Monções
Rua Doutor Inácio Arruda,São Paulo,240,3,4,5,1300000,False,Vila Monumento
,São Paulo,354,4,6,2,10000,True,Vila Madalena
,São Paulo,94,1,1,1,200038,False,Vila Nova Curuçá
,São Paulo,300,3,4,4,1800000,False,Jardim da Saúde
Rua Sibipiruna,São Paulo,720,3,3,6,5000000,False,Parque dos Príncipes
,São Paulo,117,3,1,3,550000,False,Vila Santa Catarina
Avenida Nossa Senhora da Assunção,São Paulo,200,4,3,5,1060000,False,Vila Butantã
,São Paulo,468,4,5,4,5700000,False,Jardim Paulista
Rua Evaristo da Veiga,São Paulo,125,2,3,2,749000,False,Catumbi
Rua Américo Vespucci,São Paulo,100,2,2,1,640000,False,Vila Prudente
Rua Conceição Veloso,São Paulo,118,3,2,1,1200000,False,Vila Mariana
,São Paulo,381,4,1,6,1900000,False,Jardim da Saúde
Rua Adriano Silva,São Paulo,445,4,4,8,2450000,False,Parque dos Príncipes
,São Paulo,314,3,7,4,1450000,False,Planalto Paulista
,São Paulo,944,6,7,6,8000000,False,Boaçava
Rua Jean Arp,São Paulo,150,4,3,6,765000,False,São Judas
,São Paulo,900,4,7,8,35000,True,Retiro Morumbi
Rua José Baldino,São Paulo,120,3,1,2,480000,False,Vila Cleonice
Rua Tucuna,São Paulo,340,3,3,8,2300000,False,Pompeia
Rua Vergueiro,São Paulo,98,3,2,2,640000,False,
Rua Cavintu,São Paulo,140,3,2,5,470000,False,Vila Neila
,São Paulo,400,4,5,5,2450000,False,Morumbi
,São Paulo,461,4,5,7,2650000,False,Alto de Pinheiros
Rua José Galdino da Silva,São Paulo,237,3,5,8,1200000,False,Interlagos
Rua Mennucci,São Paulo,130,2,2,1,550000,False,Jabaquara
,São Paulo,270,3,4,3,2100000,False,Jardim Cordeiro
Avenida Amarilis,São Paulo,840,4,5,8,5900000,False,Cidade Jardim
Rua Wanderley,São Paulo,130,2,2,1,800000,False,Pacaembu
Rua Portugal,São Paulo,319,3,4,2,5000000,False,Jardim Europa
,São Paulo,382,4,1,4,2400000,False,Granja Julieta
,São Paulo,82,2,2,2,467000,False,Vila Gomes
,São Paulo,400,3,4,4,2197000,False,Caxingui
Rua Paulo da Costa Leite,São Paulo,260,4,2,4,2800000,False,Jardim Riviera
Rua Rafael Carrozzo,São Paulo,181,3,5,4,890000,False,Paraíso do Morumbi
Rua Doutor Wladimir do Amaral,São Paulo,240,3,5,6,1100000,False,Jardim Peri Peri
Rua Dona Balduína,São Paulo,450,4,4,5,3750000,False,Sumaré
Avenida Água Funda,São Paulo,250,6,5,2,784000,False,Vila Guarani
Rua Turquia,São Paulo,500,4,8,4,12000000,False,Jardim Europa
,São Paulo,277,3,3,2,2400000,False,Vila Madalena
,São Paulo,160,3,1,2,690000,False,Vila Dom Pedro I
Rua Jorge Tibiriçá,São Paulo,240,3,2,2,6000,True,Vila Mariana
,São Paulo,580,4,5,4,3200000,False,Vila Madalena
Rua João Dias Cerqueira,São Paulo,175,3,4,3,635000,False,Bortolândia
Rua Georgina de Albuquerque,São Paulo,197,4,4,3,849000,False,Parque Jabaquara
Rua Berlinghieri,São Paulo,176,4,4,3,520000,False,Jardim Dracena
Rua das Camélias,São Paulo,143,3,4,3,900000,False,Mirandópolis
,São Paulo,289,4,3,6,1600000,False,Chácara Monte Alegre
Rua Colombo Florence,São Paulo,286,4,4,5,850000,False,Parque Fongaro
,São Paulo,135,2,1,1,669000,False,Bosque da Saúde
Rua Filipe de Lorenzo,São Paulo,160,3,2,3,580000,False,Vila Isolina Mazzei
Rua Terra Branca,São Paulo,90,2,1,1,300004,False,Vila Paranaguá
,São Paulo,210,3,1,4,870000,False,Saúde
Rua dos Viajantes,São Paulo,186,4,2,1,690000,False,Vila Monumento
,São Paulo,128,3,2,1,950000,False,Vila Cruzeiro
,São Paulo,248,3,5,3,3900000,False,Alto de Pinheiros
,São Paulo,200,3,3,2,340000,False,Vila Ayrosa
Rua Orestes Colombari,São Paulo,85,2,2,3,380000,False,Jardim Cláudia
Avenida Manoel dos Reis Araújo,São Paulo,457,4,6,4,2500000,False,Jardim Marajoara
,São Paulo,140,2,2,2,678000,False,Bosque da Saúde
Rua Alvorada do Sul,8888,678,4,8,8,6895000,False,
Rua Professora Haidêe Silva Martins,São Paulo,280,3,5,6,1750000,False,Jardim Campo Grande
,São Paulo,124,2,1,2,649990,False,Vila Nair
Travessa Joan Miró,São Paulo,390,4,6,5,1600000,False,Planalto Paulista
,São Paulo,650,4,6,8,48000,True,Jardim Paulista
,São Paulo,135,4,3,5,1050000,False,Jardim Dom Bosco
Rua José Piragibe,São Paulo,91,2,2,1,720000,False,Vila Indiana
Avenida Iraí,São Paulo,420,4,1,4,1990000,False,Indianópolis
,São Paulo,220,3,1,2,795000,False,Vila Vera
,São Paulo,100,3,2,2,465000,False,Jardim Ester
Rua José Modesto de Godói,São Paulo,90,4,3,2,470000,False,Saúde
,São Paulo,100,3,2,2,2500000,False,Indianópolis
Rua das Fiandeiras,São Paulo,300,3,4,2,3900000,False,Vila Olímpia
Rua Jabebira,São Paulo,750,5,9,4,8000000,False,Jardim Everest
Avenida Professor Fonseca Rodrigues,São Paulo,473,5,7,4,6600000,False,Alto de Pinheiros
Rua Francisco de Assis Araújo,São Paulo,98,3,2,3,509000,False,Jardim Ubirajara
,São Paulo,150,3,3,2,740000,False,Jardim Prudência
Rua Alemanha,São Paulo,550,4,8,4,15958000,False,Jardim Europa
Rua Palmeira D'Oeste,São Paulo,300,5,4,4,515000,False,Chácara Belenzinho
,São Paulo,850,9,8,25,28000,True,Consolação
Rua Barão de Juparanã,São Paulo,327,4,4,5,1600000,False,Vila Zelina
Rua Ermilo Borba Filho,São Paulo,250,4,2,2,970000,False,Campo Belo
,São Paulo,357,3,4,5,3600000,False,Alto de Pinheiros
Rua Padre Leonel Franca,São Paulo,250,2,2,2,600000,False,Vila Libanesa
Rua Nicolau Alayon,São Paulo,163,2,1,3,880000,False,Interlagos
,São Paulo,283,3,5,2,1150000,False,Vila Mariana
Rua Cordisburgo,São Paulo,850,4,4,6,6500000,False,Jardim Leonor
Rua Cássio Martins Vilaça,São Paulo,372,4,5,4,4650000,False,Pacaembu
,São Paulo,125,3,3,2,880000,False,Vila Firmiano Pinto
,São Paulo,270,3,4,5,1150000,False,Parque dos Príncipes
,São Paulo,120,2,1,2,477000,False,Chácara Mafalda
Rua Nove de Julho,São Paulo,250,3,4,3,1600000,False,Santo Amaro
,São Paulo,149,3,1,3,790000,False,Vila São José
Avenida das Magnólias,São Paulo,850,4,4,10,11000000,False,Cidade Jardim
,São Paulo,144,3,1,1,900000,False,Mirandópolis
Rua Salvador Simões,São Paulo,200,2,3,3,1200000,False,Vila Dom Pedro I
,São Paulo,348,3,4,4,1000000,False,Vila Romero
,São Paulo,280,3,1,6,1480000,False,Bosque da Saúde
Rua Mário,São Paulo,150,3,3,2,1250000,False,Vila Romana
Rua Suarão,São Paulo,136,2,1,1,440000,False,Vila Prudente
Rua Doutor Cristiano de Sousa,São Paulo,350,4,5,3,1396369,False,Jardim Leonor
Rua Galeno de Almeida,São Paulo,110,3,3,2,1399000,False,Pinheiros
,São Paulo,600,4,6,18,2600000,False,Vila Ipojuca
Rua José Raimundo,São Paulo,220,4,4,4,1065000,False,Jardim dos Prados
Rua Caramuru,São Paulo,223,1,4,2,1350000,False,Saúde
Rua Ytaipu,São Paulo,150,3,4,3,1200000,False,Mirandópolis
,São Paulo,210,3,1,2,5200000,False,Jardim Paulistano
Rua Antônio Macuco Alves,São Paulo,164,2,2,5,693000,False,Jardim Sarah
Rua Doutor Francisco Malta Cardoso,São Paulo,312,3,4,3,2800000,False,Jardim Cordeiro
Rua Doutor Fausto de Almeida Prado Penteado,São Paulo,1643,4,5,5,4500000,False,Jardim Sílvia
,São Paulo,380,3,5,4,2700000,False,Santo Amaro
Rua Barajuba,São Paulo,350,4,6,4,15500,True,Alto de Pinheiros
,São Paulo,90,2,2,2,750000,False,Conjunto Residencial Butantã
Rua Trasybulo Pinheiro de Albuquerque,São Paulo,264,3,5,4,1300000,False,Jardim Santa Helena
Rua Madalena,São Paulo,488,4,5,3,3300000,False,Vila Madalena
Rua Fábia,São Paulo,138,2,2,2,950000,False,Vila Romana
Rua Southey,São Paulo,175,4,3,2,1400000,False,Vila Dom Pedro I
Rua Tenente Henrique Gil Neto,São Paulo,180,3,2,3,1380000,False,Vila Mariana
,São Paulo,601,3,5,10,80000,True,Jardim América
Rua General Calado,São Paulo,194,4,4,2,900000,False,Vila Regente Feijó
Rua Feliciano Maia,São Paulo,600,5,4,10,30000,True,Jardim Paulista
Rua João Batista Leme da Silva,São Paulo,190,3,2,2,1045000,False,Vila Madalena
Rua Senador Otávio Mangabeira,São Paulo,350,5,6,5,2000000,False,Jardim Morumbi
Rua Piatá,São Paulo,55,3,1,1,345000,False,Vila Isolina Mazzei
Rua Sílvia Celeste de Campos,São Paulo,670,5,6,7,15000000,False,Alto de Pinheiros
Rua Amélia Barsotti Simi,São Paulo,400,3,3,7,1480000,False,Jardim Riviera
Rua Veneza,São Paulo,450,3,1,2,15000,True,Jardim Paulista
Rua Doutor Dolzani,São Paulo,106,2,2,1,448970,False,Jardim da Glória
,São Paulo,244,3,1,3,900000,False,Vila Santa Catarina
Rua Tebas,São Paulo,400,3,6,6,2800000,False,Jardim Brasil
Rua Mesquita,São Paulo,200,3,1,2,3800000,False,Vila Deodoro
Rua Doutor Queirós Guimarães,São Paulo,400,4,5,4,3850000,False,Jardim Guedala
,São Paulo,364,3,3,3,1500000,False,Jardim Prudência
,São Paulo,150,2,3,1,1050000,False,Santo Amaro
Rua Fujie Nitta,São Paulo,147,3,3,2,970000,False,Brooklin Paulista
,São Paulo,600,4,6,3,11000000,False,Jardim Paulista
Rua Ferdinando Laboriau,São Paulo,450,4,4,4,2350000,False,Pacaembu
,São Paulo,280,4,6,6,2100000,False,Pacaembu
Rua Sacadura Cabral,São Paulo,37,1,2,1,510000,False,Lapa
Rua Padre Vicente Heckel,São Paulo,274,3,2,6,939000,False,Parque Jabaquara
,São Paulo,193,3,3,4,950000,False,Parque Jabaquara
,São Paulo,627,3,5,4,13000000,False,Jardim Luzitânia
Rua André Saraiva,São Paulo,125,2,2,2,689000,False,Vila Sônia
,São Paulo,240,3,1,3,850000,False,Vila Isa
,São Paulo,900,5,7,10,5800000,False,Jardim Guedala
,São Paulo,640,5,7,7,6000000,False,Jardim Cordeiro
,São Paulo,168,3,3,2,450000,False,Vila Talarico
Rua Juvenal Galeno,São Paulo,270,4,4,2,890000,False,Jardim da Saúde
Rua Izabel Velho,São Paulo,116,3,4,2,490000,False,Vila São Vicente
Rua Professor Vahia de Abreu,São Paulo,94,3,4,1,1200000,False,Vila Olímpia
Rua Rosalino Silva,São Paulo,129,3,3,3,620000,False,Jardim Itapeva
Rua Canudos,São Paulo,230,3,2,3,1200000,False,Jardim da Glória
Rua Canudos,São Paulo,229,3,2,3,1199999,False,Jardim da Glória
Rua Auguste Clesinger,São Paulo,273,5,5,3,1270000,False,Vila do Bosque
,São Paulo,330,3,2,3,1250000,False,Jardim Peri
Rua Marcondes de Andrade,São Paulo,177,3,2,3,980000,False,Vila São José
Rua Doutor Monteiro Tapajós,São Paulo,121,3,2,2,590000,False,Vila Santo Estéfano
Rua Sônia Ribeiro,São Paulo,250,4,4,4,1750000,False,Campo Belo
,São Paulo,750,4,1,6,18000,True,Morumbi
,São Paulo,214,4,5,4,2500000,False,Campo Belo
Rua Guaxatuba,São Paulo,202,2,1,4,1000000,False,Santo Amaro
,São Paulo,130,3,3,2,570000,False,Jardim Ester
Rua Honduras,São Paulo,360,4,6,8,7497000,False,Jardim Paulista
,São Paulo,165,4,4,2,1249000,False,Saúde
Rua Primavera,São Paulo,350,3,3,4,25000,True,Jardim Paulista
,São Paulo,480,5,8,6,2900000,False,Brooklin Paulista
Rua Calíope,São Paulo,572,4,3,7,2553191,False,Jardim Guedala
,São Paulo,140,3,2,3,3200000,False,Saúde
,São Paulo,100,2,2,1,700000,False,Vila Dom Pedro I
Rua Pascoal Gomes de Lima,São Paulo,100,3,2,6,531000,False,Tremembé
Rua Brigadeiro Gama Barcelos,São Paulo,200,3,3,4,789500,False,Parque Jabaquara
,São Paulo,165,3,2,2,498000,False,Parque Savoy City
Rua Maestro Chiaffarelli,São Paulo,226,3,3,2,3200000,False,Jardim Paulista
,São Paulo,168,2,1,3,630000,False,Vila Moraes
Rua São Gall,São Paulo,351,5,7,5,1699999,False,Vila Ipojuca
Rua Gregório Paes de Almeida,São Paulo,400,3,3,5,15000,True,Vila Madalena
,São Paulo,124,2,2,2,995000,False,Indianópolis
,São Paulo,400,4,6,5,1700000,False,Jardim Guedala
Rua Engenheiro Artur de Miranda,São Paulo,180,3,2,3,900000,False,Butantã
Rua Parque da Fonte,São Paulo,600,3,2,4,3400000,False,Barro Branco
Rua Pedro Nascimento Ferrador,São Paulo,125,3,3,2,760000,False,Vila Prudente
Rua Doutor Ernani da Gama Corrêa,São Paulo,90,2,1,2,580000,False,Conjunto Residencial Butantã
Rua Nova Pátria,São Paulo,205,4,4,3,1490000,False,Bosque da Saúde
Rua Rodrigues Guião,São Paulo,130,3,3,1,2000000,False,Pinheiros
Rua Limonita,São Paulo,235,4,3,2,1100000,False,Quarta Parada
,São Paulo,90,2,3,2,430000,False,Jardim Ester Yolanda
Rua Japeacaba,São Paulo,238,3,3,3,1300000,False,Vila Albertina
Rua Pantojo,São Paulo,349,3,1,2,1277250,False,Vila Regente Feijó
,São Paulo,380,4,5,3,2500000,False,Jardim Novo Mundo
,São Paulo,120,3,2,2,525000,False,Vila Santos
Rua Professor Eduardo Monteiro,8888,550,3,5,6,4000000,False,
Rua João Bertacchi,São Paulo,241,2,1,2,361200,False,Jardim Cristal
Avenida Doutor Cardoso de Melo,São Paulo,300,4,1,8,950000,False,Vila Olímpia
Rua Demóstenes,São Paulo,286,3,5,4,1950000,False,Campo Belo
,São Paulo,288,3,3,6,1200000,False,Bosque da Saúde
Rua Luiz da Silva Leite,São Paulo,265,3,3,2,550000,False,Vila Olinda
Rua Antônio Macuco Alves,São Paulo,91,2,2,2,430000,False,Jardim Sarah
,São Paulo,389,4,4,4,5000000,False,Alto de Pinheiros
,São Paulo,330,4,4,4,1800000,False,Brooklin Paulista
Rua Félix de Sousa,São Paulo,220,3,3,9,1900000,False,Vila Congonhas
,São Paulo,1300,5,8,9,42000,True,Chácara Flora
Rua Melo Morais Filho,São Paulo,545,4,6,10,8500000,False,Jardim Guedala
,São Paulo,235,3,3,7,2300000,False,Vila Ida
Avenida Professor Rubens Gomes de Souza,São Paulo,500,4,5,6,9000000,False,Jardim Cordeiro
,São Paulo,102,2,4,2,1200000,False,Cidade Monções
,São Paulo,410,3,5,4,4000000,False,Cidade Jardim
Rua Comendador Bichara Moherdauí,São Paulo,798,5,7,8,4950000,False,Jardim Leonor
,São Paulo,405,5,1,5,1800000,False,Bosque da Saúde
Rua Bernard de Soissons,São Paulo,200,3,4,2,745000,False,Jardim das Vertentes
Rua da Paz,São Paulo,400,5,4,6,1750000,False,Alto da Boa Vista
Rua James Ensor,São Paulo,100,2,2,2,450000,False,Parque Regina
,São Paulo,365,4,5,5,2950000,False,Pacaembu
Rua Pedro Paulino de Andrade,São Paulo,150,3,4,2,780000,False,Jardim Heliomar
Rua Padre Bruno Ricco,São Paulo,390,5,4,4,5000,True,Parque São Lucas
Rua Flórida,São Paulo,220,4,6,3,2000000,False,Cidade Monções
Rua dos Jacintos,São Paulo,142,3,3,3,950000,False,Mirandópolis
,São Paulo,406,4,2,4,2500000,False,Indianópolis
Rua Doutor Lacerda de Oliveira,São Paulo,80,2,1,1,350000,False,Parque São Lucas
Rua Guararema,São Paulo,300,3,2,3,900000,False,Bosque da Saúde
,São Paulo,1800,6,9,10,19000000,False,Retiro Morumbi
Rua Francisco Alves Bezerra,São Paulo,105,2,2,1,445000,False,Parque Edu Chaves
Rua dos Militares,São Paulo,230,3,4,3,1200000,False,Vila Albertina
,São Paulo,256,5,5,6,2000000,False,Vila São Francisco
Rua José Rufino da Silva,São Paulo,179,3,2,2,401100,False,Jardim Primavera
,São Paulo,296,3,3,2,1020000,False,Vila Anhangüera
Rua Samambaia,São Paulo,150,2,2,3,790000,False,Vila Roseira II
Avenida Marcondes de Brito,São Paulo,480,3,3,5,1600000,False,Chácara Seis de Outubro
,São Paulo,550,4,5,6,12000,True,Pacaembu
Avenida Amarilis,São Paulo,840,4,6,8,5899000,False,Cidade Jardim
,São Paulo,230,3,2,3,1500000,False,Belenzinho
Rua Ituxi,São Paulo,73,2,3,1,896000,False,Saúde
Rua Paschoal Pellini,São Paulo,335,4,3,4,1800000,False,Jardim Prudência
Rua Inhambú,São Paulo,260,3,4,2,1930000,False,Vila Uberabinha
Rua Deputado Euvaldo Lodi,São Paulo,1245,4,6,4,40000,True,Retiro Morumbi
Rua Francisco Lages,São Paulo,90,2,1,2,500000,False,Vila Antônio
,São Paulo,125,3,2,1,2500000,False,Itaim Bibi
,São Paulo,200,2,3,2,2900000,False,Vila Olímpia
Rua João Batista Leme da Silva,São Paulo,190,3,2,2,1045000,False,Vila Madalena
Rua Senador Otávio Mangabeira,São Paulo,350,5,6,5,2000000,False,Jardim Morumbi
Rua Piatá,São Paulo,55,3,1,1,345000,False,Vila Isolina Mazzei
Rua Sílvia Celeste de Campos,São Paulo,670,5,6,7,15000000,False,Alto de Pinheiros
Rua Amélia Barsotti Simi,São Paulo,400,3,3,7,1480000,False,Jardim Riviera
Rua Veneza,São Paulo,450,3,1,2,15000,True,Jardim Paulista
Rua Doutor Dolzani,São Paulo,106,2,2,1,448970,False,Jardim da Glória
,São Paulo,244,3,1,3,900000,False,Vila Santa Catarina
Rua Tebas,São Paulo,400,3,6,6,2800000,False,Jardim Brasil
Rua Mesquita,São Paulo,200,3,1,2,3800000,False,Vila Deodoro
Rua Doutor Queirós Guimarães,São Paulo,400,4,5,4,3850000,False,Jardim Guedala
,São Paulo,364,3,3,3,1500000,False,Jardim Prudência
,São Paulo,150,2,3,1,1050000,False,Santo Amaro
Rua Fujie Nitta,São Paulo,147,3,3,2,970000,False,Brooklin Paulista
,São Paulo,600,4,6,3,11000000,False,Jardim Paulista
,São Paulo,180,3,1,2,850000,False,Vila Dom Pedro I
Rua Ferdinando Laboriau,São Paulo,450,4,4,4,2350000,False,Pacaembu
,São Paulo,280,4,6,6,2100000,False,Pacaembu
Rua Sacadura Cabral,São Paulo,37,1,2,1,510000,False,Lapa
Rua Padre Vicente Heckel,São Paulo,274,3,2,6,939000,False,Parque Jabaquara
,São Paulo,193,3,3,4,950000,False,Parque Jabaquara
,São Paulo,627,3,5,4,13000000,False,Jardim Luzitânia
Rua André Saraiva,São Paulo,125,2,2,2,689000,False,Vila Sônia
,São Paulo,240,3,1,3,850000,False,Vila Isa
,São Paulo,900,5,7,10,5800000,False,Jardim Guedala
,São Paulo,640,5,7,7,6000000,False,Jardim Cordeiro
,São Paulo,168,3,3,2,450000,False,Vila Talarico
Rua Juvenal Galeno,São Paulo,270,4,4,2,890000,False,Jardim da Saúde
Rua Izabel Velho,São Paulo,116,3,4,2,490000,False,Vila São Vicente
Rua Professor Vahia de Abreu,São Paulo,94,3,4,1,1200000,False,Vila Olímpia
Rua Rosalino Silva,São Paulo,129,3,3,3,620000,False,Jardim Itapeva
Rua Canudos,São Paulo,230,3,2,3,1200000,False,Jardim da Glória
Rua Canudos,São Paulo,229,3,2,3,1199999,False,Jardim da Glória
Rua Auguste Clesinger,São Paulo,273,5,5,3,1270000,False,Vila do Bosque
,São Paulo,330,3,2,3,1250000,False,Jardim Peri
Rua Marcondes de Andrade,São Paulo,177,3,2,3,980000,False,Vila São José
Rua Doutor Monteiro Tapajós,São Paulo,121,3,2,2,590000,False,Vila Santo Estéfano
Rua Sônia Ribeiro,São Paulo,250,4,4,4,1750000,False,Campo Belo
,São Paulo,750,4,1,6,18000,True,Morumbi
,São Paulo,214,4,5,4,2500000,False,Campo Belo
Rua Guaxatuba,São Paulo,202,2,1,4,1000000,False,Santo Amaro
,São Paulo,130,3,3,2,570000,False,Jardim Ester
Rua Honduras,São Paulo,360,4,6,8,7497000,False,Jardim Paulista
,São Paulo,165,4,4,2,1249000,False,Saúde
Rua Primavera,São Paulo,350,3,3,4,25000,True,Jardim Paulista
Rua Mendes Pais,São Paulo,564,3,5,3,8500000,False,Vila Nova Conceição
Travessa Professor Dalmo Belfort de Mattos,São Paulo,67,2,1,1,257600,False,Jardim Miriam
Largo São Rafael,São Paulo,103,3,2,2,750000,False,Mooca
,São Paulo,225,4,1,5,1390000,False,Vila Dom Pedro I
,São Paulo,146,3,1,1,480000,False,Vila Vera
,São Paulo,160,8,3,5,8500,True,Sumaré
Avenida Manoel dos Reis Araújo,São Paulo,500,3,6,6,2300000,False,Jardim Marajoara
,São Paulo,185,4,5,4,2100000,False,Santo Amaro
,São Paulo,282,4,2,4,1705000,False,Vila Monumento
,São Paulo,110,3,3,2,650000,False,Vila Brasílio Machado
Rua Roger Chaffee,São Paulo,345,4,6,4,2500000,False,Interlagos
,São Paulo,84,2,3,2,649000,False,Alto da Mooca
Rua Giácomo Carissimi,São Paulo,120,3,2,2,580000,False,Vila Adalgisa
,São Paulo,260,3,4,3,5250000,False,Jardim Luzitânia
Rua Simão de Toledo Piza,São Paulo,157,2,1,2,640000,False,Vila Libanesa
Rua Antônio Dario Menezes,São Paulo,141,3,1,4,800000,False,Vila Romano
,São Paulo,200,3,4,3,1000000,False,Jardim da Glória
,São Paulo,233,3,2,5,2000000,False,Jardim da Glória
Rua Cayowaá,São Paulo,280,3,1,2,1200000,False,Perdizes
,São Paulo,347,4,4,6,2100000,False,Bosque da Saúde
Rua do Minho,São Paulo,300,4,7,4,13000,True,Jardim Luzitânia
,São Paulo,380,7,5,6,2900000,False,Vila Madalena
,São Paulo,288,3,1,6,1200000,False,Bosque da Saúde
,São Paulo,360,3,4,6,2400000,False,Alto da Lapa
,São Paulo,80,3,2,2,605000,False,Vila Bertioga
Rua Orozimbo Maia,São Paulo,220,6,7,6,2000000,False,Alto da Mooca
,São Paulo,70,1,1,2,953000,False,Vila Clementino
Rua Barão da Foz,São Paulo,270,1,1,2,370000,False,Jardim Santa Fé
Rua Sampaio Vidal,São Paulo,180,3,3,1,2350000,False,Jardim Paulistano
,São Paulo,125,3,2,2,948000,False,Vila Elvira
Rua Vinte e Nove de Outubro,São Paulo,102,3,2,2,460000,False,Vila Matilde
,São Paulo,125,3,1,4,720000,False,Vila Romano
,São Paulo,900,5,1,10,35000,True,Jardim Paulista
,São Paulo,300,4,2,2,1300000,False,Vila Inah
Rua Sassaki,São Paulo,270,3,6,3,980000,False,Vila Marari
,São Paulo,257,4,1,4,1400000,False,Bosque da Saúde
,São Paulo,125,3,1,4,790000,False,Vila Romano
Rua Francisco Mesquita,São Paulo,115,3,3,2,650000,False,Vila Monte Alegre
,São Paulo,250,2,2,3,890000,False,Quinta da Paineira
Rua Felisberto Ranzini,São Paulo,180,3,2,2,850000,False,Vila Gumercindo
Rua Sanharó,São Paulo,700,5,6,10,5800000,False,Jardim Guedala
,São Paulo,250,3,5,4,990000,False,Jardim Virginia Bianca
,São Paulo,264,5,4,2,2700000,False,Pinheiros
Rua Amador Lourenço,São Paulo,125,3,2,2,490000,False,Vila Constança
Rua Caramuru,São Paulo,240,3,5,3,1300000,False,Saúde
São Paulo,São Paulo,490,3,4,4,5000000,False,
Travessa Doutor Ezequiel Antunes de Oliveira,São Paulo,170,2,3,1,2400000,False,Vila Nova Conceição
Rua Ernest Renam,São Paulo,323,3,2,2,841750,False,Paraisópolis
Rua Eduardo da Silva Magalhães,São Paulo,220,4,4,4,1200000,False,Parque Continental
Avenida Mahatma Gandhi,São Paulo,450,3,4,4,3000000,False,Interlagos
Rua dos Caetés,São Paulo,200,3,2,2,1700000,False,Perdizes
,São Paulo,300,3,4,3,6000000,False,Jardim Europa
Alameda Canuri,São Paulo,300,3,2,12,15000,True,Planalto Paulista
,São Paulo,85,2,1,1,385000,False,Jardim Guarau
Rua Marivaldo Fernandes,São Paulo,411,4,6,6,2000000,False,Interlagos
Rua Antônio Gomes de Lima,São Paulo,64,4,4,2,532000,False,Socorro
,São Paulo,708,5,7,5,5800000,False,Jardim Leonor
,São Paulo,125,3,5,5,900000,False,Jardim Taboão
Rua Professor Corrêa Brito,São Paulo,263,3,3,6,700000,False,Jardim da Pedreira
Rua Doutor José Cândido de Souza,São Paulo,600,4,5,8,4500000,False,Jardim Novo Mundo
Rua Mineiros do Tietê,São Paulo,185,2,1,1,403000,False,Vila Bancária Munhoz
Rua Nigéria,São Paulo,197,2,4,3,2565000,False,Itaim Bibi
,São Paulo,559,4,5,4,3000000,False,Caxingui
Rua Doutor Manuel Carlos de Figueiredo Ferraz,São Paulo,1758,6,8,15,13000000,False,Jardim Morumbi
Rua Vicente Góes e Aranha,São Paulo,735,6,4,6,12000,True,Vila Tramontano
Rua Soldado Ocimar Guimarães da Silva,São Paulo,60,2,1,2,465000,False,Vila Rio Branco
,São Paulo,101,2,1,2,800000,False,Vila Gumercindo
Praça Graciliano Ramos,São Paulo,250,4,5,3,1800000,False,Vila Mariana
Rua Diogo Rodrigues Marques,São Paulo,110,3,2,3,1400000,False,Jardim Luanda
,São Paulo,223,3,4,2,1430000,False,Brooklin Paulista
,São Paulo,100,3,2,1,655000,False,Vila Mariana
Rua Cosme de Souza,São Paulo,400,4,3,4,585000,False,Jardim Patente
Rua Matheus José Pires,São Paulo,78,2,1,2,350000,False,Terceira Divisão de Interlagos
,São Paulo,149,3,1,2,770000,False,Jardim Prudência
Rua Miralta,São Paulo,769,7,8,6,13990,True,Alto de Pinheiros
Rua Santa Eufêmia dos Fidalgos,São Paulo,200,2,3,6,1100000,False,Tremembé
Rua Oscar Guanabarino,São Paulo,210,3,2,3,7000,True,Aclimação
Avenida das Magnólias,São Paulo,800,4,6,8,10000000,False,Cidade Jardim
Avenida Francisco de Carvalho,São Paulo,104,2,4,2,689000,False,Jardim Ipanema
,São Paulo,120,2,3,2,2100000,False,Jardim Paulista
Rua Américo Alves Pereira Filho,São Paulo,250,3,3,1,790000,False,Vila Morumbi
,São Paulo,103,2,2,1,749000,False,Mirandópolis
Rua Clodomiro Furquim de Almeida,São Paulo,120,3,3,2,380000,False,Jardim Tietê
Rua Estado de Israel,São Paulo,107,3,4,1,850000,False,Vila Clementino
Rua Corumbiara,São Paulo,82,1,2,1,850000,False,Pinheiros
,São Paulo,624,4,5,5,3900000,False,Jardim Panorama
Alameda Jaú,São Paulo,795,3,7,6,11990000,False,Jardim Paulista
Rua Antônio Pinto do Rego Freitas,São Paulo,86,2,1,2,320000,False,Vila São Silvestre
Rua Artur Dias,São Paulo,120,3,5,3,1800000,False,Bosque da Saúde
Rua Cristóvão Camargo,São Paulo,135,3,1,1,429999,False,Vila Araguaia
,São Paulo,657,3,5,3,15000,True,Vila Morumbi
Rua Latif Fakhouri,São Paulo,170,3,3,4,900000,False,Vila Santa Catarina
Rua Heitor Peixoto,São Paulo,120,2,3,2,1050000,False,Cambuci
Rua Corneteiro de Jesus,São Paulo,250,3,4,2,1200000,False,Água Fria
Rua Granada,São Paulo,116,3,2,4,680000,False,Parque Sevilha
Rua Bericoponé,São Paulo,200,4,2,3,500000,False,Jardim Nove de Julho
,São Paulo,286,3,1,4,1950000,False,Bosque da Saúde
Rua Zacarias de Gois,São Paulo,240,5,4,3,950000,False,Parque Colonial
Rua Emboabas,São Paulo,350,4,5,4,2150000,False,Brooklin Paulista
,São Paulo,121,3,1,3,795000,False,Bosque da Saúde
,São Paulo,200,2,4,2,1995000,False,Pinheiros
,São Paulo,368,4,4,4,1950000,False,Vila Inah
,São Paulo,140,2,1,2,630000,False,Vila Santo Estéfano
,São Paulo,126,2,1,2,750000,False,Bosque da Saúde
Rua Carlos Tiago Pereira,São Paulo,180,4,5,4,1800000,False,Bosque da Saúde
Rua Timboré,São Paulo,160,3,4,6,670000,False,Jardim Oriental
,São Paulo,110,2,1,1,354000,False,Vila Gumercindo
Rua Pedro Teixeira,São Paulo,135,3,3,1,1300000,False,Vila Olímpia
Rua Banibás,São Paulo,250,3,5,4,2800000,False,Alto de Pinheiros
Rua Santa Beatriz,São Paulo,100,3,2,4,890000,False,Jardim Ibitirama
,São Paulo,184,3,1,2,840000,False,Vila Santa Catarina
,São Paulo,260,3,1,7,1500000,False,Bosque da Saúde
Rua Parque da Fonte,São Paulo,600,4,6,8,3780000,False,Barro Branco
Rua Inocêncio Nogueira,São Paulo,727,7,6,7,5799000,False,Cidade Jardim
Rua Evezu,São Paulo,243,3,3,4,1800000,False,Alto de Pinheiros
Rua Nicola Pisano,São Paulo,71,2,2,2,420000,False,Parque São Lucas
Rua Desembargador Teodomiro Dias,São Paulo,168,3,3,3,740000,False,Conjunto Residencial Butantã
Rua Palmares,São Paulo,350,5,4,3,2200000,False,Brooklin Paulista
,São Paulo,543,4,7,4,5850000,False,Jardim Guedala
Rua Manoel Alves de Azevedo,São Paulo,260,5,4,6,575000,False,Jardim São Luís
Rua Belmiro Schunk Zenha,São Paulo,148,2,2,2,640000,False,Vila Cordeiro
Rua João Dias Cerqueira,São Paulo,100,3,2,3,560000,False,Bortolândia
Rua Heloísa Penteado,São Paulo,91,2,2,3,615000,False,Vila Esperança
,São Paulo,114,3,2,3,860000,False,Vila Santa Catarina
Rua Ministro Apolônio Salles,São Paulo,180,3,2,2,550000,False,Jardim Tietê
,São Paulo,402,4,3,10,9800000,False,Jardim América
Rua Ministro Rodrigo Otávio,São Paulo,180,4,3,2,4300,True,Jabaquara
Rua Manuel Correia de Paiva,São Paulo,158,3,4,2,600000,False,Vila Marari
,São Paulo,135,3,2,3,1100000,False,Ipiranga
,São Paulo,449,3,3,5,7500000,False,Jardim Paulista
,São Paulo,200,2,3,2,1000000,False,Brooklin
Rua Professora Ludovina Credídio Peixoto,São Paulo,230,5,3,5,1500000,False,Vila Mariana
Rua Coronel Manuel Soares Neiva,São Paulo,100,2,1,1,400000,False,Vila Moraes
,São Paulo,285,3,2,3,1920000,False,Bosque da Saúde
,São Paulo,304,3,5,2,1700000,False,Chácara Monte Alegre
,São Paulo,800,4,3,10,1200000,False,Vila Paulo Silas
Rua Salvador Fiordelisio,São Paulo,301,3,4,5,2100000,False,Vila Bertioga
Rua São Francisco do Piauí,São Paulo,135,2,1,2,304500,False,Itaquera
,São Paulo,160,3,1,2,670000,False,Parque São Lucas
Rua Estados Unidos,São Paulo,230,5,6,5,15000,True,Jardim Paulista
,São Paulo,450,4,1,8,3500000,False,Chácara Santo Antônio
Rua São Pedro do Jequitinhonha,São Paulo,183,3,2,2,257600,False,Jardim São Carlos
,São Paulo,390,2,1,4,1000000,False,Vila do Encontro
Rua Dias de Toledo,São Paulo,150,3,2,5,950000,False,Saúde
,São Paulo,63,2,2,1,280000,False,Vila Carmosina
Rua François Carlier,São Paulo,94,3,3,2,532000,False,Vila Santa Teresa
Rua Doutor Arnaldo de Campos,São Paulo,104,2,1,1,430000,False,Vila Duarte
,São Paulo,912,4,6,10,32000000,False,Jardim Petrópolis
,São Paulo,231,3,3,3,5000,True,Jardim Vila Mariana
,São Paulo,180,4,3,5,1578010,False,Vila Pompéia
,São Paulo,150,3,4,3,850000,False,Jardim das Vertentes
,São Paulo,130,3,4,3,2350000,False,Jardim Paulistano
Rua Silvestre de Lima,São Paulo,416,6,4,6,1700000,False,Vila Monumento
,São Paulo,194,4,1,4,1490000,False,Jardim Campo Grande
Rua Leandro Dupré,São Paulo,100,3,3,2,850000,False,Vila Clementino
,São Paulo,330,3,5,3,3900000,False,Jardim Paulista
Rua Alessandro Manzoni,São Paulo,140,4,4,6,1000000,False,Vila Arriete
Rua Viaza,São Paulo,90,3,2,4,1000000,False,Campo Belo
,São Paulo,149,3,1,2,595000,False,Sacomã
Rua William Thomé Filho,São Paulo,165,4,3,4,1380000,False,Vila Clementino
Rua Moreira Cardoso,São Paulo,215,3,2,4,1100000,False,Jardim Aeroporto
Rua Homero Sales,São Paulo,260,3,3,4,859000,False,Parque São Domingos
Rua Júlio Verne,São Paulo,288,4,4,2,2190000,False,Jardim Hípico
Rua Doutor Antônio Roberto Neto,São Paulo,45,2,2,2,370000,False,Jardim Esmeralda
,São Paulo,936,4,6,5,26000000,False,Jardim América
Rua Jacques Félix,São Paulo,200,3,3,3,20000,True,Vila Nova Conceição
Rua Laplace,São Paulo,200,3,4,4,2350000,False,Brooklin
,São Paulo,200,3,2,3,1600000,False,Vila Paulista
Travessa Roberto Douglas Machado,São Paulo,170,2,4,2,3300000,False,Jardim Paulistano
,São Paulo,176,2,1,3,286000,False,Vila Barbosa
Rua Fernando Caldas,São Paulo,190,3,3,3,900000,False,Rolinópolis
,São Paulo,2000,5,11,30,90000,True,Retiro Morumbi
Rua Atalanta,São Paulo,200,3,2,3,700000,False,Jardim São Paulo
,São Paulo,110,3,2,2,650000,False,Vila Brasílio Machado
Rua Ribeiro do Vale,São Paulo,250,3,1,3,1600000,False,Brooklin Paulista
,São Paulo,285,4,3,3,636000,False,Vila Simone
,São Paulo,1800,6,10,20,19000000,False,Retiro Morumbi
Rua Antônio Loureiro,São Paulo,200,3,2,4,650000,False,Vila Santa Catarina
Rua Araporé,São Paulo,450,5,5,5,3100000,False,Jardim Guedala
,São Paulo,800,3,2,4,1600000,False,Alto da Mooca
Rua Arcipreste Andrade,São Paulo,120,2,1,1,800000,False,Ipiranga
Rua Pedro Inácio de Araújo,São Paulo,98,2,1,2,590000,False,Vila São Silvestre
Rua General Gaudie Ley,São Paulo,350,4,5,8,1600000,False,Interlagos
Rua Cornélio Procópio,São Paulo,165,2,2,2,899000,False,Saúde
,São Paulo,177,3,2,3,2875000,False,Vila Nova Conceição
Rua Ossian Terceiro Teles,São Paulo,250,3,4,3,1100000,False,Jardim Prudência
Rua Mário Enzio Pasqualucci,São Paulo,133,3,4,2,850000,False,Vila São Francisco
Estrada Velha da Penha,São Paulo,125,2,2,2,530000,False,Tatuapé
Rua Capitão José Inocêncio Taques Alvim,São Paulo,147,3,3,3,890000,False,Santo Amaro
Rua Comandante Ismael Guilherme,São Paulo,600,3,6,4,12000000,False,Jardim Luzitânia
Avenida Dória,São Paulo,130,2,2,1,650000,False,Vila Alexandria
Rua Balata,São Paulo,276,3,3,6,950000,False,Jardim Guairaca
Rua Armando Brussolo,São Paulo,254,3,3,2,1900000,False,Vila Romana
Rua Sargento Antenor Teixeira,São Paulo,350,4,2,1,940000,False,Jabaquara
Rua Maria Celina,São Paulo,140,3,3,2,799000,False,Vila Firmiano Pinto
Rua Marituba,São Paulo,390,4,3,4,2250000,False,Chácara Monte Alegre
Avenida Ipanema,São Paulo,75,2,2,2,700000,False,Veleiros
,São Paulo,72,2,1,2,380000,False,Vila Nivi
Rua Júlio Salusse,São Paulo,182,3,1,2,165000,False,Vila Aurea
Rua Ubaíra,São Paulo,200,3,4,4,1990000,False,Indianópolis
,São Paulo,173,2,2,4,1250000,False,Vila Dom Pedro I
Rua Jaime Cortezão,São Paulo,289,4,3,2,2500000,False,Granja Julieta
Rua Dom Luís Felipe de Orleans,São Paulo,100,2,2,1,499998,False,Vila Maria Baixa
Rua Jacques Félix,São Paulo,200,3,3,4,7920000,False,Vila Nova Conceição
,São Paulo,135,3,1,2,1190000,False,Saúde
,São Paulo,190,3,1,2,1400000,False,Vila São Paulo
,São Paulo,568,4,5,4,5500000,False,Jardim Vitória Régia
Rua Aziz Nader,São Paulo,1100,4,10,8,3500000,False,Jardim Petrópolis
Rua Doutor Flávio Américo Maurano,São Paulo,330,3,6,4,1690000,False,Fazenda Morumbi
Avenida Professor Vicente Ráo,São Paulo,520,3,3,2,2500000,False,Jardim Petrópolis
Rua Fructuoso Viana,São Paulo,145,3,3,3,689000,False,Horto Florestal
Rua Natal Pigassi,São Paulo,150,4,3,2,570000,False,Jardim Celeste
Rua Doutor Sabóia de Medeiros,São Paulo,220,3,3,1,780000,False,Vila Mariana
Rua Luís Pereira de Almeida,São Paulo,400,4,3,5,2700000,False,Jardins
,São Paulo,100,2,2,1,495000,False,Vila Antônio
,São Paulo,253,3,4,8,1650000,False,Jardim da Glória
Avenida Morumbi,São Paulo,400,4,2,4,1600003,False,Morumbi
,São Paulo,420,4,1,6,3000000,False,Bosque da Saúde
,São Paulo,450,4,1,10,2500000,False,Bosque da Saúde
,São Paulo,150,2,1,2,650000,False,Jardim Marajoara
Avenida Nossa Senhora do Sabará,São Paulo,70,2,1,1,380000,False,Vila Emir
Rua Laplace,São Paulo,750,5,8,8,4200000,False,Brooklin Paulista
Rua Tsutomi Suzuki,São Paulo,250,5,5,2,1490000,False,Jardim Leila
Rua Roque Petrella,São Paulo,271,3,5,4,12000,True,Vila Cordeiro
,São Paulo,159,3,1,2,640000,False,Vila Gumercindo
Rua Duque de Caxias,São Paulo,337,4,6,3,2549800,False,Santo Amaro
Rua Deolinda de Oliveira,São Paulo,138,3,2,3,540000,False,Vila das Mercês
Rua Doutor Abelardo Vergueiro César,São Paulo,90,4,4,2,630000,False,Vila Alexandria
Rua Kansas,São Paulo,160,3,4,4,1200000,False,Brooklin Paulista
Rua Dona Elisa Pereira de Barros,São Paulo,351,5,5,4,15000,True,Jardim Europa
,São Paulo,300,3,1,4,1600000,False,Butantã
,São Paulo,476,4,5,5,8200000,False,Jardim Luzitânia
,São Paulo,395,3,3,2,2200000,False,Conjunto Residencial Morada do Sol
Rua João Rugna,São Paulo,200,3,3,3,849000,False,Bosque da Saúde
Rua Arnaldo Vilhena,São Paulo,90,2,1,3,532000,False,Recanto dos Sonhos
Rua Antônio Salema,São Paulo,146,3,2,2,3600,True,Vila Morse
,São Paulo,90,2,3,1,369000,False,Jardim Tremembe
Rua Jorge Monteiro,São Paulo,190,3,2,2,900000,False,Jardim Guapira
,São Paulo,648,4,7,6,12500000,False,Jardim América
,São Paulo,180,3,4,4,1300000,False,Vila Anhangüera
,São Paulo,130,3,3,2,395000,False,Parque Casa de Pedra
Rua Dom Macário,São Paulo,103,2,3,2,622500,False,Saúde
Rua Edmundo Luiz Wagner,São Paulo,128,2,2,2,719999,False,Ipiranga
Rua Cristiano Viana,São Paulo,120,2,2,1,880000,False,Cerqueira César
,São Paulo,80,2,2,1,640000,False,Chácara Inglesa
Rua Professor Nova Gomes,São Paulo,261,3,5,2,1800000,False,Vila Madalena
,São Paulo,470,4,5,6,18000000,False,Jardim Paulista
Rua Antônio Marques Esteves,São Paulo,190,3,3,2,950000,False,Chácara Japonesa
,São Paulo,224,3,5,4,1648000,False,Planalto Paulista
Rua Eduardo,São Paulo,390,3,4,10,2000000,False,Vila Albertina
Rua Floresto Bandecchi,São Paulo,150,3,2,4,650000,False,Jaguaré
Rua Domingos Osvaldo Bataglia,São Paulo,280,3,4,2,1030000,False,Mirandópolis
Avenida Odila,São Paulo,224,3,3,4,1650000,False,Planalto Paulista
Rua General Bagueira,São Paulo,70,2,2,1,550000,False,Santana
Rua Sebastião Maggi da Fonseca,São Paulo,215,2,2,2,480000,False,Vila Medeiros
,São Paulo,150,3,3,3,550000,False,Vila Vasconcelos
,São Paulo,100,2,2,2,530000,False,Vila Antônio
Avenida Piassanguaba,São Paulo,228,3,5,2,2350000,False,Planalto Paulista
,São Paulo,400,3,3,3,5500000,False,Jardim Europa
Rua Costa Aguiar,São Paulo,140,2,3,1,650000,False,Ipiranga
Rua Geórgia,São Paulo,210,4,4,4,1800000,False,Brooklin Paulista
Rua Carlos Tiago Pereira,São Paulo,113,3,3,3,790000,False,Bosque da Saúde
Rua Elias Acras,São Paulo,200,4,6,6,1200000,False,Jardim Celeste
Rua Sinfonia das Américas,São Paulo,200,4,4,4,600000,False,Parque do Terceiro Lago
,São Paulo,125,3,2,3,550000,False,Jardim Boa Vista
Rua Doutor Leite Pereira,São Paulo,114,3,4,2,690000,False,Vila Brasílio Machado
,São Paulo,208,3,3,4,1400000,False,Planalto Paulista
,São Paulo,652,3,3,3,15000,True,Jardim Petrópolis
,São Paulo,258,3,3,4,420000,False,Jardim Sul São Paulo
Rua Itabaquara,São Paulo,450,5,6,5,3200000,False,Pacaembu
Estrada das Lágrimas,São Paulo,130,2,1,2,640000,False,Ipiranga
Rua Miguel Langone,São Paulo,120,3,2,2,365000,False,Itaquera
Rua Bernardo Buontalenti,São Paulo,240,3,4,8,899000,False,Jardim Celeste
Rua Dom Luís de Bragança,São Paulo,103,4,3,2,1150000,False,Mirandópolis
Rua José Alencar Castelo Branco,São Paulo,229,3,3,3,2200000,False,Siciliano
Rua Maria Afonso,São Paulo,209,4,4,2,950000,False,Chácara Mafalda
Rua Padre Bento Ibañez,São Paulo,130,2,1,1,367929,False,Jardim Prudência
Rua Cristóvão Pereira,São Paulo,428,5,7,3,2800000,False,Campo Belo
,São Paulo,279,3,6,4,1690000,False,Jardim Santo Amaro
Rua José Alencar Castelo Branco,São Paulo,229,3,3,3,2200000,False,Siciliano
Rua Maria Afonso,São Paulo,209,4,4,2,950000,False,Chácara Mafalda
Rua Padre Bento Ibañez,São Paulo,130,2,1,1,367929,False,Jardim Prudência
Rua Cristóvão Pereira,São Paulo,428,5,7,3,2800000,False,Campo Belo
,São Paulo,279,3,6,4,1690000,False,Jardim Santo Amaro
Rua Roque Giangrande Filho,São Paulo,123,2,2,2,530000,False,Jardim Itapeva
,São Paulo,1300,6,10,8,6000000,False,Fazenda Morumbi
Avenida das Magnólias,São Paulo,366,4,5,4,1378000,False,Cidade Jardim
,São Paulo,179,3,1,2,1300000,False,Ipiranga
Rua Estados Unidos,São Paulo,400,6,6,6,4600000,False,Jardim Paulista
,São Paulo,256,3,4,3,823400,False,Chora Menino
,São Paulo,450,4,7,4,19800,True,Sumaré
Rua Professor Eduardo Monteiro,São Paulo,640,4,6,4,4390000,False,Jardim Leonor
Rua Pedro Voss,São Paulo,106,2,2,2,598000,False,Vila Carrão
Rua Hilário Magro Junior,São Paulo,500,5,6,4,12000,True,Butantã
Rua São Benedito,São Paulo,464,4,6,4,12000,True,Santo Amaro
Rua Leonardo Vilas Boas,São Paulo,120,3,2,3,590000,False,Parque São Lucas
Rua Antônio de Macedo Soares,São Paulo,80,2,1,1,430000,False,Campo Belo
,São Paulo,138,3,2,3,1060000,False,Parque Colonial
Rua Doutor Erasmo Teixeira de Assunção,São Paulo,600,4,4,4,1599000,False,Jardim Leonor
,São Paulo,204,3,1,2,1300000,False,Vila Gumercindo
Rua Cachoeira Branca,São Paulo,250,2,1,1,386250,False,Parque São Rafael
Rua Coronel João de Oliveira Melo,São Paulo,250,3,5,6,1200000,False,Vila Antonieta
Rua Doutor Fausto de Almeida Prado Penteado,São Paulo,1423,4,5,10,4500000,False,Jardim Sílvia
Rua Guiratinga,São Paulo,207,3,3,4,2200000,False,Chácara Inglesa
Rua Genova,São Paulo,257,3,3,5,1498000,False,Jardim Leonor Mendes de Barros
,São Paulo,292,3,2,2,2600000,False,Vila Madalena
Rua Jacques Félix,São Paulo,200,4,4,4,33000,True,Vila Nova Conceição
,São Paulo,434,3,3,7,1450000,False,City América
Rua Ferdinando Frantz,São Paulo,130,3,5,3,585000,False,Vila do Castelo
Rua Kansas,São Paulo,335,4,4,4,2500000,False,Itaim Bibi
,São Paulo,150,3,2,2,725000,False,Belenzinho
Rua Carlos Gonzalez,São Paulo,121,2,1,2,264214,False,Vila Curuçá
Rua Bartolomeu Pagano,São Paulo,560,4,6,8,850000,False,Vila Dorna
,São Paulo,271,6,5,1,1485000,False,Santo Amaro
,São Paulo,850,3,5,10,68000,True,Jardim América
,São Paulo,120,3,2,4,750000,False,Jardim Vergueiro
,São Paulo,160,3,1,3,1100000,False,Bosque da Saúde
Rua Lúcio Pavan,São Paulo,180,3,3,2,1080000,False,Planalto Paulista
,São Paulo,466,8,6,7,2990000,False,Santa Cecília
,São Paulo,248,3,4,4,10000,True,Sumaré
Rua Orlando Murgel,São Paulo,162,3,5,5,1050000,False,Parque Jabaquara
Rua José Vicente Ferreira,São Paulo,148,3,4,4,690000,False,Engenheiro Goulart
,São Paulo,289,3,1,3,1580000,False,Planalto Paulista
Rua Dona Ana Franco,São Paulo,170,3,4,5,850000,False,Vila Moreira
Rua Lino Coutinho,São Paulo,400,2,2,2,900000,False,Ipiranga
,São Paulo,133,3,1,3,850000,False,Campo Belo
Rua Luís Carlos Paraná,São Paulo,180,3,2,4,750000,False,Jardim Cidália
Rua Alvorada do Sul,São Paulo,450,4,9,4,3100000,False,Jardim Guedala
Rua Oswaldo Brandão,São Paulo,80,2,2,2,400000,False,Itaquera
Rua Francisco Dias,São Paulo,347,4,6,8,2120000,False,Bosque da Saúde
Rua Henrique Martins,São Paulo,723,3,7,4,16497000,False,Jardim Paulista
,São Paulo,316,4,1,6,1500000,False,Jardim da Saúde
Rua Doutor José Maria Whitaker,São Paulo,259,3,4,2,1500000,False,Vila Sônia
,São Paulo,460,3,3,2,1300000,False,Vila Monumento
Rua Coronel Irlandino Sandoval,São Paulo,390,4,5,5,5100000,False,Jardim Paulistano
Rua Walter Fontana,São Paulo,80,2,2,2,595000,False,Jardim Brasil
Rua Barra da Jangada,São Paulo,29,1,1,1,300000,False,Parada Inglesa
,São Paulo,250,3,1,5,800000,False,Saúde
Rua Afonso Bandeira de Melo,São Paulo,277,3,4,2,1400000,False,Campo Belo
Rua Cardeal Cagliori,São Paulo,350,4,6,4,9400,True,Alto de Pinheiros
Rua Matheus José Pires,São Paulo,100,2,2,1,300000,False,Terceira Divisão de Interlagos
,São Paulo,300,3,1,4,1700000,False,Jardim Santa Helena
Rua Porto Sabaúna,São Paulo,200,3,2,6,800000,False,Vila Alpina
,São Paulo,130,3,3,1,1690000,False,Pinheiros
,São Paulo,320,5,5,4,2850000,False,Sumaré
Rua Doutor Celso Dario Guimarães,São Paulo,280,3,3,3,2200000,False,Jardim Morumbi
,São Paulo,665,4,6,10,10000,True,Jardim Marajoara
Rua Pau Brasil,São Paulo,500,4,4,4,5000000,False,Boaçava
Rua Dona Joaquina de Jesus,São Paulo,100,5,3,20,900000,False,Vila Isolina Mazzei
Avenida Comendador Adibo Ares,8888,694,4,6,6,3890000,False,
,São Paulo,320,3,5,2,1800000,False,Campo Belo
,São Paulo,450,4,6,4,3739000,False,Campo Belo
,São Paulo,145,4,3,5,855000,False,Vila Adalgisa
,São Paulo,212,3,1,2,980000,False,Jardim da Saúde
Rua Gonçalves Aranha,São Paulo,250,3,2,1,700000,False,Vila Santa Terezinha
Rua Emílio Mallet,São Paulo,100,3,2,2,650000,False,Vila Gomes Cardim
,São Paulo,220,3,1,3,1790000,False,Bosque da Saúde
,São Paulo,339,4,4,4,3900000,False,Jardim das Bandeiras
Rua Marcial,São Paulo,155,3,3,2,750000,False,Mooca
Rua Janaúba,São Paulo,400,4,1,5,4300000,False,Jardim Panorama D'Oeste
Rua Antônio Alves Santos,São Paulo,120,2,2,2,360000,False,Vila Cunha Bueno
,São Paulo,460,4,5,4,5500000,False,Pinheiros
,São Paulo,140,3,1,2,385000,False,Vila Brasilina
,São Paulo,110,3,1,2,790000,False,Vila Brasílio Machado
,São Paulo,291,3,5,3,3900000,False,Alto de Pinheiros
,São Paulo,120,3,2,2,763200,False,Vila Congonhas
,São Paulo,500,5,5,4,900000,False,Chácara Mafalda
Rua Sampaio Vidal,São Paulo,250,3,5,4,7500,True,Jardim Paulistano
,São Paulo,131,3,1,2,850000,False,Bosque da Saúde
Rua Orlando Ferraiuolo,São Paulo,340,3,2,3,999000,False,Vila Brasilina
,São Paulo,265,3,4,5,1600000,False,Sumaré
,São Paulo,252,3,2,6,1500000,False,Vila Nova Caledônia
Rua D'Ouro,São Paulo,415,3,5,8,7980000,False,Jardim Luzitânia
,São Paulo,167,3,1,3,795000,False,Vila Anhangüera
,São Paulo,350,3,2,2,10000,True,Sumaré
Rua José Vicente,São Paulo,450,4,3,8,1600000,False,Tremembé
Rua Nicolau Magnoli,São Paulo,263,3,3,4,1300000,False,Chácara Meyer
Rua Professor Francisco Maffei,São Paulo,453,3,7,6,2120000,False,Interlagos
Rua Manuel Jacinto,São Paulo,261,3,3,2,800000,False,Vila Morse
Rua da Cipaúba,São Paulo,140,3,3,2,480000,False,Vila São Domingos
Rua Major Freire,São Paulo,211,4,3,5,970000,False,Vila Monte Alegre
,São Paulo,120,3,1,4,795000,False,Vila Firmiano Pinto
,São Paulo,170,3,4,10,965000,False,Parque da Mooca
,São Paulo,783,5,6,8,7500000,False,Jardim Guedala
Rua General Almério de Moura,São Paulo,600,3,4,6,2750000,False,Vila Tramontano
,São Paulo,200,4,4,2,890000,False,Indianópolis
Rua Timbó,São Paulo,170,3,3,2,890000,False,Mooca
Rua Cabedelo,São Paulo,300,4,2,4,2000000,False,Vila Inah
,São Paulo,254,3,5,3,1200000,False,Indianópolis
Avenida Doutor Alberto Penteado,São Paulo,678,4,5,5,5000000,False,Jardim Sílvia
,São Paulo,147,3,2,2,700000,False,Vila Mira
,São Paulo,140,3,1,2,570000,False,Jardim Maria Estela
Avenida Professor Ciro de Barros Resende,São Paulo,208,3,5,5,2000000,False,Planalto Paulista
Rua Coronel Rafael de Castro Bueno,São Paulo,108,2,2,2,680000,False,Vila Leopoldina
,São Paulo,640,4,6,5,5800000,False,Jardim Paulista
Rua José Pires Pimentel,São Paulo,180,3,3,4,700000,False,Jardim Ernestina
Rua Galeno de Almeida,São Paulo,110,3,2,2,1399000,False,Pinheiros
Rua Jonas Ranter,São Paulo,65,2,1,2,300000,False,Conjunto Habitacional Barreira Grande
,São Paulo,166,3,2,2,1350000,False,Vila Cláudia
Rua Orestes Colombari,São Paulo,85,2,2,3,380000,False,Jardim Cláudia
Avenida Manoel dos Reis Araújo,São Paulo,457,4,6,4,2500000,False,Jardim Marajoara
,São Paulo,140,2,2,2,678000,False,Bosque da Saúde
Rua Alvorada do Sul,8888,678,4,8,8,6895000,False,
Rua Professora Haidêe Silva Martins,São Paulo,280,3,5,6,1750000,False,Jardim Campo Grande
,São Paulo,124,2,1,2,649990,False,Vila Nair
Travessa Joan Miró,São Paulo,390,4,6,5,1600000,False,Planalto Paulista
,São Paulo,650,4,6,8,48000,True,Jardim Paulista
,São Paulo,135,4,3,5,1050000,False,Jardim Dom Bosco
Rua Araporã,São Paulo,61,2,2,1,399000,False,Vila Polopoli
Rua José Piragibe,São Paulo,91,2,2,1,720000,False,Vila Indiana
Avenida Iraí,São Paulo,420,4,1,4,1990000,False,Indianópolis
,São Paulo,220,3,1,2,795000,False,Vila Vera
,São Paulo,100,3,2,2,465000,False,Jardim Ester
Rua José Modesto de Godói,São Paulo,90,4,3,2,470000,False,Saúde
,São Paulo,100,3,2,2,2500000,False,Indianópolis
Rua das Fiandeiras,São Paulo,300,3,4,2,3900000,False,Vila Olímpia
Rua Jabebira,São Paulo,750,5,9,4,8000000,False,Jardim Everest
,São Paulo,80,2,1,2,430000,False,Vila Londrina
Avenida Professor Fonseca Rodrigues,São Paulo,473,5,7,4,6600000,False,Alto de Pinheiros
Rua Francisco de Assis Araújo,São Paulo,98,3,2,3,509000,False,Jardim Ubirajara
,São Paulo,150,3,3,2,740000,False,Jardim Prudência
Rua Alemanha,São Paulo,550,4,8,4,15958000,False,Jardim Europa
,São Paulo,430,4,4,4,3800000,False,Jardim Guedala
Rua Palmeira D'Oeste,São Paulo,300,5,4,4,515000,False,Chácara Belenzinho
,São Paulo,850,9,8,25,28000,True,Consolação
Rua Barão de Juparanã,São Paulo,327,4,4,5,1600000,False,Vila Zelina
Rua Joaquim Cândido de Azevedo Marques,São Paulo,388,3,5,3,2300000,False,Vila Morumbi
Rua Ermilo Borba Filho,São Paulo,250,4,2,2,970000,False,Campo Belo
,São Paulo,357,3,4,5,3600000,False,Alto de Pinheiros
Rua Padre Leonel Franca,São Paulo,250,2,2,2,600000,False,Vila Libanesa
Rua Nicolau Alayon,São Paulo,163,2,1,3,880000,False,Interlagos
,São Paulo,283,3,5,2,1150000,False,Vila Mariana
Rua Cordisburgo,São Paulo,850,4,4,6,6500000,False,Jardim Leonor
Rua Cássio Martins Vilaça,São Paulo,372,4,5,4,4650000,False,Pacaembu
,São Paulo,125,3,3,2,880000,False,Vila Firmiano Pinto
,São Paulo,270,3,4,5,1150000,False,Parque dos Príncipes
,São Paulo,146,2,1,1,600000,False,Bosque da Saúde
Rua Guadelupe,São Paulo,753,4,5,6,14000000,False,Jardim América
,São Paulo,120,2,1,2,477000,False,Chácara Mafalda
Rua Nove de Julho,São Paulo,250,3,4,3,1600000,False,Santo Amaro
,São Paulo,149,3,1,3,790000,False,Vila São José
Rua General Gaudie Ley,São Paulo,450,3,3,2,1500000,False,Interlagos
Rua República do Iraque,São Paulo,400,5,6,10,2690000,False,Campo Belo
Rua Alfredo Pinheiro,São Paulo,200,3,2,3,750000,False,Parque Continental
Rua Professor Alfredo Ashcar,São Paulo,200,3,3,4,1200000,False,Jardim Leonor
Avenida Angelina,São Paulo,46,2,2,1,290000,False,Vila Leonor
Rua André Saraiva,São Paulo,290,3,4,4,600000,False,Vila Sônia
Avenida João José Gomes,São Paulo,110,2,1,2,420000,False,Vila Antônio
,São Paulo,255,3,3,7,1389000,False,Belenzinho
,São Paulo,135,3,1,2,850000,False,Bosque da Saúde
Avenida Armando Ferrentini,São Paulo,247,3,3,2,1500000,False,Paraíso
Rua Pereira Caldas,São Paulo,104,2,1,1,450000,False,Jardim da Glória
,São Paulo,270,3,4,4,3000000,False,Sumaré
,São Paulo,315,3,2,3,2000000,False,Jardim Rincão
,São Paulo,120,3,2,3,650000,False,Parque São Lucas
Avenida Manoel dos Reis Araújo,São Paulo,665,4,7,12,12000,True,Jardim Marajoara
Rua Thomás Deloney,São Paulo,157,3,4,4,1280000,False,Santo Amaro
,São Paulo,332,3,4,3,5000000,False,Jardim Paulista
,São Paulo,125,3,4,2,430000,False,Água Funda
,São Paulo,130,3,3,2,395000,False,Parque Casa de Pedra
Rua Dom Macário,São Paulo,103,2,3,2,622500,False,Saúde
Rua Edmundo Luiz Wagner,São Paulo,128,2,2,2,719999,False,Ipiranga
,São Paulo,160,4,1,2,610000,False,Jardim Sabará
,São Paulo,115,2,1,2,790000,False,Santo Amaro
Avenida Amarilis,São Paulo,840,4,7,4,5899000,False,Cidade Jardim
,São Paulo,82,2,2,3,399000,False,Vila Polopoli
Rua Sebastiano Mazzoni,São Paulo,124,2,2,2,587000,False,Vila Moraes
Avenida Cavaleiros de São Paulo,São Paulo,420,2,1,4,959075,False,City América
Rua Sebastião de Paiva,São Paulo,154,2,2,3,840000,False,Vila Leopoldina
Rua Doutor Jesuíno de Abreu,São Paulo,370,4,5,6,1190000,False,Jardim Morumbi
Rua Mário Maver,São Paulo,156,3,4,1,660000,False,Vila Gumercindo
Rua Iagari,São Paulo,240,3,3,5,1750000,False,Alto da Lapa
Rua Montezuma,São Paulo,300,4,4,4,4510000,False,Jardim das Bandeiras
Rua Atenas,São Paulo,300,2,4,4,20000,True,Jardim Europa
Rua Coriolano,São Paulo,156,2,2,1,1000000,False,Vila Romana
Rua Luís Reis Santos,São Paulo,80,3,2,3,450000,False,Jardim Colonial
Rua Cláudio Rossi,São Paulo,180,3,3,3,1030000,False,Jardim da Glória
Rua Rafael Iório,São Paulo,132,3,2,2,800000,False,Campo Belo
Rua Engenheiro José Sá Rocha,São Paulo,490,4,5,6,3800000,False,Vila Mariana
,São Paulo,278,3,3,2,480000,False,Aricanduva
,São Paulo,160,3,2,4,780000,False,Jardim Palmares
,São Paulo,193,2,1,2,500000,False,Vila Regente Feijó
Rua Traipu,São Paulo,280,4,5,2,2000000,False,Pacaembu
,São Paulo,140,3,4,2,1000000,False,Vila Gumercindo
Rua Janaúba,São Paulo,408,4,7,4,10000,True,Jardim Panorama D'Oeste
Rua Doutor José de Queirós Aranha,São Paulo,260,3,3,5,1900000,False,Vila Mariana
Avenida São Lucas,São Paulo,115,2,2,2,419900,False,Parque São Lucas
,São Paulo,150,3,2,2,585000,False,Vila Darli
Rua Portugal,São Paulo,319,3,3,1,5900000,False,Jardim Europa
Rua Silveira Sampaio,São Paulo,550,4,1,8,3300000,False,Fazenda Morumbi
Rua Sampaio Vidal,São Paulo,200,3,4,1,2450000,False,Jardim Paulistano
Rua Panônia,São Paulo,140,3,2,2,730000,False,Jardim Colombo
,São Paulo,400,3,4,5,4200000,False,Vila Ida
Rua Groenlândia,São Paulo,814,4,8,4,25000000,False,Jardim América
,São Paulo,254,3,3,3,22000,True,Jardim Paulistano
Rua Gastão da Cunha,São Paulo,177,3,3,2,669000,False,Vila Paulista
Rua João Millam,São Paulo,130,3,3,2,540000,False,Jardim Ester
Rua Enjolras Vampre,São Paulo,360,4,4,10,2120000,False,Jardim da Saúde
Rua Alfa,São Paulo,270,3,4,4,810000,False,Sacomã
,São Paulo,500,4,4,4,3500000,False,Vila Madalena
,São Paulo,117,3,1,2,370000,False,Jardim Nice
Rua Montanaro Canavese,São Paulo,300,3,2,1,400000,False,Jardim Fernandes
,São Paulo,190,2,1,2,650000,False,Vila Constancia
Rua Francisco da Cunha,São Paulo,204,2,1,1,215118,False,Jardim Itapemirim
Rua Belchior Paulo,São Paulo,150,3,2,1,600000,False,Imirim
,São Paulo,350,3,5,4,3900000,False,Vila Romana
,São Paulo,400,5,6,4,1300000,False,Bosque da Saúde
Rua Cabedelo,São Paulo,300,4,2,4,2000000,False,Vila Inah
,São Paulo,254,3,5,3,1200000,False,Indianópolis
Avenida Doutor Alberto Penteado,São Paulo,678,4,5,5,5000000,False,Jardim Sílvia
,São Paulo,147,3,2,2,700000,False,Vila Mira
,São Paulo,140,3,1,2,570000,False,Jardim Maria Estela
Avenida Professor Ciro de Barros Resende,São Paulo,208,3,5,5,2000000,False,Planalto Paulista
Rua Coronel Rafael de Castro Bueno,São Paulo,108,2,2,2,680000,False,Vila Leopoldina
,São Paulo,640,4,6,5,5800000,False,Jardim Paulista
Rua José Pires Pimentel,São Paulo,180,3,3,4,700000,False,Jardim Ernestina
Rua Galeno de Almeida,São Paulo,110,3,2,2,1399000,False,Pinheiros
Rua Jonas Ranter,São Paulo,65,2,1,2,300000,False,Conjunto Habitacional Barreira Grande
,São Paulo,166,3,2,2,1350000,False,Vila Cláudia
Rua Orestes Colombari,São Paulo,85,2,2,3,380000,False,Jardim Cláudia
Avenida Manoel dos Reis Araújo,São Paulo,457,4,6,4,2500000,False,Jardim Marajoara
,São Paulo,140,2,2,2,678000,False,Bosque da Saúde
Rua Alvorada do Sul,8888,678,4,8,8,6895000,False,
Rua Professora Haidêe Silva Martins,São Paulo,280,3,5,6,1750000,False,Jardim Campo Grande
,São Paulo,124,2,1,2,649990,False,Vila Nair
Travessa Joan Miró,São Paulo,390,4,6,5,1600000,False,Planalto Paulista
,São Paulo,650,4,6,8,48000,True,Jardim Paulista
,São Paulo,135,4,3,5,1050000,False,Jardim Dom Bosco
Rua Araporã,São Paulo,61,2,2,1,399000,False,Vila Polopoli
Rua José Piragibe,São Paulo,91,2,2,1,720000,False,Vila Indiana
Avenida Iraí,São Paulo,420,4,1,4,1990000,False,Indianópolis
Rua Enjolras Vampre,São Paulo,260,4,6,3,1800000,False,Jardim da Saúde
,São Paulo,63,2,3,2,380000,False,Jardim Pirituba
Rua Coelho de Carvalho,São Paulo,150,4,3,1,3900,True,Alto da Lapa
,São Paulo,100,2,2,2,430000,False,Vila Marari
,São Paulo,250,3,4,3,999000,False,Jardim Jussara
,São Paulo,240,3,6,2,1300000,False,Jaguaré
Rua Vasconcelos Drumond,São Paulo,250,3,1,4,12000,True,Vila Monumento
Travessa José Sancho,São Paulo,356,4,5,5,1700000,False,Santa Teresinha
Rua Xavier Curado,São Paulo,400,6,2,5,1800000,False,Ipiranga
Rua Babitonga,São Paulo,185,3,3,3,960000,False,Brooklin Paulista
Avenida Piassanguaba,São Paulo,400,4,4,6,5000,True,Planalto Paulista
,São Paulo,210,2,4,3,480000,False,Penha de França
Rua José Correia Lima,São Paulo,70,3,1,1,440000,False,Jardim Felicidade
Rua Lourenço Cândido de Siqueira,São Paulo,120,2,2,3,315000,False,Jardim Arize
,São Paulo,150,3,1,1,490000,False,Parque Maria Domitila
Avenida Euclides,São Paulo,141,3,2,2,620000,False,Vila Fachini
,São Paulo,234,5,3,2,690000,False,Tatuapé
,São Paulo,353,4,5,4,1770000,False,Jardim da Glória
Rua Ática,São Paulo,223,3,5,2,799000,False,Jardim Brasil
Avenida Visconde do Rio Grande,São Paulo,62,1,1,1,213850,False,Jardim São José
Rua Ibirá,São Paulo,165,3,2,3,950000,False,Vila Bertioga
Rua Búzios,São Paulo,54,2,3,1,375000,False,Jardim Franca
Rua Bento Dias Botelho,São Paulo,110,2,1,1,370000,False,Vila Joaniza
Rua Texas,São Paulo,120,3,1,3,999000,False,Brooklin Paulista
,São Paulo,96,3,1,3,620000,False,Parque Imperial
Rua Angelina Santisi,São Paulo,300,3,4,4,11000,True,Vila Mariana
Rua Guapiaçu,São Paulo,440,3,6,3,3200000,False,Vila Clementino
,São Paulo,180,3,4,4,1250000,False,Vila Anhangüera
Rua José da Veiga Vale,São Paulo,90,2,1,1,398000,False,Parque São Domingos
Rua Doutor Milton de Souza Meirelles,São Paulo,250,3,3,2,800000,False,Parque Continental
Rua Jacques Blanche,São Paulo,110,3,2,2,480000,False,Vila Buenos Aires
Rua Gastão da Cunha,São Paulo,410,3,1,1,699300,False,Vila Paulista
Rua Raimon de Miraval,São Paulo,101,2,2,1,550000,False,Jardim Vaz de Lima
Rua Pires de Oliveira,São Paulo,375,4,4,3,3600000,False,Chácara Santo Antônio
Rua Doutor Fausto de Almeida Prado Penteado,São Paulo,1423,4,5,10,4550000,False,Jardim Sílvia
Rua Escobar Ortiz,São Paulo,200,3,4,4,5850000,False,Vila Nova Conceição
,São Paulo,283,4,2,2,430000,False,Parque Santo Antônio
,São Paulo,125,3,1,5,800000,False,Jardim Cidalia
,São Paulo,192,3,1,5,1200000,False,Chácara Inglesa
Rua Canavieiras,São Paulo,220,4,2,2,720000,False,Mooca
Rua Cocais,São Paulo,120,2,1,3,470000,False,Jardim Oriental
,São Paulo,217,4,4,4,1800000,False,Vila Romana
,São Paulo,360,3,2,3,905000,False,Vila Monumento
,São Paulo,345,4,5,4,2700000,False,Cidade Jardim
Rua São Benedito,São Paulo,366,4,6,4,1900000,False,Santo Amaro
Rua João Nicolau Chamma,São Paulo,360,3,4,6,980000,False,Jardim Virginia Bianca
Rua Capitão Rangel,São Paulo,120,2,1,1,750000,False,Vila São Geraldo
Rua Quintana,São Paulo,365,4,5,3,2200000,False,Cidade Monções
,São Paulo,160,3,2,2,1180000,False,Chácara Inglesa
Rua Doutor Antônio Roberto Neto,São Paulo,125,3,2,2,520000,False,Jardim Esmeralda
Rua Cavintu,São Paulo,140,3,2,5,470000,False,Vila Neila
,São Paulo,400,4,5,5,2450000,False,Morumbi
,São Paulo,461,4,5,7,2650000,False,Alto de Pinheiros
Rua José Galdino da Silva,São Paulo,237,3,5,8,1200000,False,Interlagos
Rua Mennucci,São Paulo,130,2,2,1,550000,False,Jabaquara
,São Paulo,270,3,4,3,2100000,False,Jardim Cordeiro
,São Paulo,350,5,7,2,3200000,False,Sumaré
Avenida Amarilis,São Paulo,840,4,5,8,5900000,False,Cidade Jardim
Rua Wanderley,São Paulo,130,2,2,1,800000,False,Pacaembu
Rua Portugal,São Paulo,319,3,4,2,5000000,False,Jardim Europa
,São Paulo,382,4,1,4,2400000,False,Granja Julieta
,São Paulo,82,2,2,2,467000,False,Vila Gomes
,São Paulo,400,3,4,4,2197000,False,Caxingui
Rua Paulo da Costa Leite,São Paulo,260,4,2,4,2800000,False,Jardim Riviera
Rua Rafael Carrozzo,São Paulo,181,3,5,4,890000,False,Paraíso do Morumbi
Rua Doutor Wladimir do Amaral,São Paulo,240,3,5,6,1100000,False,Jardim Peri Peri
Rua Dona Balduína,São Paulo,450,4,4,5,3750000,False,Sumaré
Avenida Água Funda,São Paulo,250,6,5,2,784000,False,Vila Guarani
Rua Turquia,São Paulo,500,4,8,4,12000000,False,Jardim Europa
,São Paulo,277,3,3,2,2400000,False,Vila Madalena
,São Paulo,160,3,1,2,690000,False,Vila Dom Pedro I
Rua Jorge Tibiriçá,São Paulo,240,3,2,2,6000,True,Vila Mariana
,São Paulo,580,4,5,4,3200000,False,Vila Madalena
Rua João Dias Cerqueira,São Paulo,175,3,4,3,635000,False,Bortolândia
Rua Georgina de Albuquerque,São Paulo,197,4,4,3,849000,False,Parque Jabaquara
Rua Berlinghieri,São Paulo,176,4,4,3,520000,False,Jardim Dracena
Rua das Camélias,São Paulo,143,3,4,3,900000,False,Mirandópolis
,São Paulo,289,4,3,6,1600000,False,Chácara Monte Alegre
Rua Colombo Florence,São Paulo,286,4,4,5,850000,False,Parque Fongaro
,São Paulo,135,2,1,1,669000,False,Bosque da Saúde
Rua Filipe de Lorenzo,São Paulo,160,3,2,3,580000,False,Vila Isolina Mazzei
Rua General Sena Vasconcelos,São Paulo,352,4,4,3,3600000,False,Jardim Guedala
Rua Terra Branca,São Paulo,90,2,1,1,300004,False,Vila Paranaguá
,São Paulo,210,3,1,4,870000,False,Saúde
Rua dos Viajantes,São Paulo,186,4,2,1,690000,False,Vila Monumento
,São Paulo,128,3,2,1,950000,False,Vila Cruzeiro
,São Paulo,380,5,7,4,1300000,False,Fazenda Morumbi
,São Paulo,248,3,5,3,3900000,False,Alto de Pinheiros
,São Paulo,200,3,3,2,340000,False,Vila Ayrosa
,São Paulo,291,4,2,3,3250000,False,Jardim das Bandeiras
Rua Moacir Miguel da Silva,São Paulo,300,3,3,7,960000,False,Jardim Bonfiglioli
,São Paulo,580,5,6,6,28000,True,Alto de Pinheiros
Rua Joaquim Figueira,São Paulo,114,3,1,1,950000,False,Vila Formosa
,São Paulo,480,5,8,6,2900000,False,Brooklin Paulista
Rua Calíope,São Paulo,572,4,3,7,2553191,False,Jardim Guedala
,São Paulo,140,3,2,3,3200000,False,Saúde
,São Paulo,100,2,2,1,700000,False,Vila Dom Pedro I
Rua Pascoal Gomes de Lima,São Paulo,100,3,2,6,531000,False,Tremembé
Rua Brigadeiro Gama Barcelos,São Paulo,200,3,3,4,789500,False,Parque Jabaquara
,São Paulo,165,3,2,2,498000,False,Parque Savoy City
Rua Maestro Chiaffarelli,São Paulo,226,3,3,2,3200000,False,Jardim Paulista
,São Paulo,168,2,1,3,630000,False,Vila Moraes
Rua São Gall,São Paulo,351,5,7,5,1699999,False,Vila Ipojuca
Rua Gregório Paes de Almeida,São Paulo,400,3,3,5,15000,True,Vila Madalena
,São Paulo,124,2,2,2,995000,False,Indianópolis
,São Paulo,400,4,6,5,1700000,False,Jardim Guedala
Rua Engenheiro Artur de Miranda,São Paulo,180,3,2,3,900000,False,Butantã
Rua Laplace,São Paulo,200,4,4,4,2400000,False,Brooklin Paulista
Rua Parque da Fonte,São Paulo,600,3,2,4,3400000,False,Barro Branco
Rua Pedro Nascimento Ferrador,São Paulo,125,3,3,2,760000,False,Vila Prudente
Rua Doutor Ernani da Gama Corrêa,São Paulo,90,2,1,2,580000,False,Conjunto Residencial Butantã
Rua Araripina,São Paulo,448,3,5,4,5500000,False,Jardim Guedala
Rua Nova Pátria,São Paulo,205,4,4,3,1490000,False,Bosque da Saúde
Rua Rodrigues Guião,São Paulo,130,3,3,1,2000000,False,Pinheiros
Rua Limonita,São Paulo,235,4,3,2,1100000,False,Quarta Parada
,São Paulo,90,2,3,2,430000,False,Jardim Ester Yolanda
Rua Japeacaba,São Paulo,238,3,3,3,1300000,False,Vila Albertina
Rua Pantojo,São Paulo,349,3,1,2,1277250,False,Vila Regente Feijó
,São Paulo,380,4,5,3,2500000,False,Jardim Novo Mundo
,São Paulo,120,3,2,2,525000,False,Vila Santos
Rua Professor Eduardo Monteiro,8888,550,3,5,6,4000000,False,
Rua João Bertacchi,São Paulo,241,2,1,2,361200,False,Jardim Cristal
Avenida Doutor Cardoso de Melo,São Paulo,300,4,1,8,950000,False,Vila Olímpia
Rua Demóstenes,São Paulo,286,3,5,4,1950000,False,Campo Belo
,São Paulo,288,3,3,6,1200000,False,Bosque da Saúde
Rua Luiz da Silva Leite,São Paulo,265,3,3,2,550000,False,Vila Olinda
Rua Antônio Macuco Alves,São Paulo,91,2,2,2,430000,False,Jardim Sarah
,São Paulo,389,4,4,4,5000000,False,Alto de Pinheiros
,São Paulo,330,4,4,4,1800000,False,Brooklin Paulista
Rua Félix de Sousa,São Paulo,220,3,3,9,1900000,False,Vila Congonhas
,São Paulo,1300,5,8,9,42000,True,Chácara Flora
Rua Manguatá,São Paulo,196,4,5,4,1600000,False,Cidade Monções
Rua Iraci,São Paulo,240,3,5,3,2600000,False,Jardim Paulistano
Rua Camilo Lopes de Souza,São Paulo,160,3,2,3,480000,False,Vila Emir
Rua Camundo,São Paulo,250,4,4,6,890000,False,Planalto Paulista
,São Paulo,250,4,4,4,2200000,False,Brooklin Paulista
Rua Duque de Caxias,São Paulo,550,4,5,5,3500000,False,Santo Amaro
Rua Doutor José Cássio Soares,São Paulo,160,3,3,2,636000,False,Parque São Lucas
Rua Lutfalla Salim Achoa,São Paulo,217,3,3,1,5500,True,Vila Mariana
Rua Barão da Foz,São Paulo,270,1,1,2,370000,False,Jardim Santa Fé
Rua Sampaio Vidal,São Paulo,180,3,3,1,2350000,False,Jardim Paulistano
,São Paulo,125,3,2,2,948000,False,Vila Elvira
Rua Vinte e Nove de Outubro,São Paulo,102,3,2,2,460000,False,Vila Matilde
,São Paulo,125,3,1,4,720000,False,Vila Romano
Rua José Martins Borges,São Paulo,100,2,1,4,750000,False,Jardim Leonor Mendes de Barros
Rua Sebastião Rodrigues,São Paulo,145,3,2,2,2150000,False,Alto de Pinheiros
Rua Maestro Elias Lobo,São Paulo,1060,5,5,5,30000000,False,Jardim Paulista
Rua Industrial,São Paulo,435,4,3,5,1300000,False,Vila Bela
Rua José do Patrocínio Waetge,São Paulo,200,3,2,3,490000,False,Vila Dalva
,São Paulo,150,3,3,2,580000,False,Vila Tiradentes
Rua do Ceuta,São Paulo,597,3,5,4,4900000,False,Jardim Luzitânia
,São Paulo,240,3,2,1,950000,False,Planalto Paulista
,São Paulo,144,2,1,2,540000,False,Vila Santa Catarina
Rua Doutor Wilton Paes de Almeida,São Paulo,640,4,6,3,2700000,False,Cidade Jardim
Avenida General Leite de Castro,São Paulo,172,3,3,4,560000,False,Jardim Santa Cruz
Rua Boytac,São Paulo,550,5,5,6,4000000,False,Cidade Jardim
,São Paulo,450,4,6,6,3000000,False,Mooca
,São Paulo,153,3,2,3,860000,False,Vila Sonia
Praça Natividade Simoes de Franca,São Paulo,230,4,4,3,1100000,False,Interlagos
Rua Junqueira,São Paulo,1650,3,5,6,15000000,False,Chácara Flora
,São Paulo,109,2,2,2,1000000,False,Vila Gertrudes
Rua Francisco Lopes Pinto,São Paulo,100,2,1,6,470000,False,Cidade Ademar
Rua Manuel Pitta,São Paulo,264,4,4,10,750000,False,Vila Pita
,São Paulo,283,4,2,2,430000,False,Parque Santo Antônio
,São Paulo,125,3,1,5,800000,False,Jardim Cidalia
,São Paulo,192,3,1,5,1200000,False,Chácara Inglesa
Rua Canavieiras,São Paulo,220,4,2,2,720000,False,Mooca
Rua Cocais,São Paulo,120,2,1,3,470000,False,Jardim Oriental
,São Paulo,217,4,4,4,1800000,False,Vila Romana
,São Paulo,360,3,2,3,905000,False,Vila Monumento
,São Paulo,345,4,5,4,2700000,False,Cidade Jardim
,São Paulo,140,2,1,2,540000,False,Vila Vera
Rua São Benedito,São Paulo,366,4,6,4,1900000,False,Santo Amaro
Rua João Nicolau Chamma,São Paulo,360,3,4,6,980000,False,Jardim Virginia Bianca
Rua Capitão Rangel,São Paulo,120,2,1,1,750000,False,Vila São Geraldo
Rua Quintana,São Paulo,365,4,5,3,2200000,False,Cidade Monções
,São Paulo,160,3,2,2,1180000,False,Chácara Inglesa
Rua Doutor Antônio Roberto Neto,São Paulo,125,3,2,2,520000,False,Jardim Esmeralda
Rua Cavintu,São Paulo,140,3,2,5,470000,False,Vila Neila
,São Paulo,400,4,5,5,2450000,False,Morumbi
,São Paulo,300,3,4,4,2400000,False,Vila Congonhas
,São Paulo,180,3,2,3,900000,False,Vila Sonia
,São Paulo,420,3,6,2,2495000,False,Planalto Paulista
Rua Arlindo Pasqualini,São Paulo,340,3,4,3,1200000,False,Jardim Leonor Mendes de Barros
Avenida das Magnólias,São Paulo,260,3,5,4,2700000,False,Cidade Jardim
Rua Monte Caseros,São Paulo,180,3,3,3,750000,False,Vila Gomes
Rua Marcílio de Sá,São Paulo,150,3,4,3,850000,False,Jardim das Vertentes
Rua Careaçu,São Paulo,350,4,3,4,1300000,False,Jardim Franca
Rua Carlos Cyrillo Júnior,São Paulo,600,5,8,3,6500000,False,Jardim Leonor
Rua Rafael Clark,São Paulo,196,3,3,4,850000,False,Jardim Jussara
Rua Augusto Farina,São Paulo,175,4,5,4,850000,False,Jardim Bonfiglioli
,São Paulo,75,2,1,1,669000,False,Bosque da Saúde
,São Paulo,129,3,1,1,850000,False,Ipiranga
Rua José Yazigi,São Paulo,584,4,3,4,1690000,False,Jardim Leonor
Avenida Piassanguaba,São Paulo,222,3,4,2,1200000,False,Planalto Paulista
Rua Santo Eufredo,8888,846,4,8,8,30000,True,
Rua João Florêncio,São Paulo,300,3,2,4,2800000,False,Pacaembu
Rua Marie Satzke,São Paulo,560,4,4,8,2250000,False,Vila Campo Grande
Rua José Carlos de Toledo Piza,São Paulo,100,2,1,2,400000,False,Jardim Parque Morumbi
Rua Ordenações Manuelinas,São Paulo,135,3,3,2,645000,False,Vila Morse
Rua Ordenações Manuelinas,São Paulo,149,3,3,2,695000,False,Vila Morse
,São Paulo,210,3,2,2,940000,False,Vila Nair
Rua João Lopes de Amorim,São Paulo,230,3,5,3,520000,False,Vila Nova Cachoeirinha
Rua Ordenações Manuelinas,São Paulo,112,2,2,2,595000,False,Vila Morse
,São Paulo,470,4,4,6,2500000,False,City América
Rua Conseguina,São Paulo,742,4,5,6,3200000,False,Jardim Guedala
Rua Boturoca,São Paulo,390,4,4,8,2995000,False,Vila Indiana
Rua Rosa Mística,São Paulo,125,3,4,2,530000,False,Vila Campestre
,São Paulo,295,3,3,5,1700000,False,Jardim Campo Grande
,São Paulo,420,4,5,3,1978000,False,Chácara Monte Alegre
,São Paulo,560,3,2,1,1200000,False,Alto da Lapa
Rua També,São Paulo,544,4,9,10,8000000,False,Jardim Guedala
Rua São José do Barreiro,São Paulo,800,6,7,10,15000,True,Água Rasa
Rua Guararapes,São Paulo,237,3,3,6,1300000,False,Lapa
Rua José Tôrres Lima,São Paulo,90,2,2,4,430000,False,Parque Savoy City
,São Paulo,347,3,2,10,899900,False,Parque Edu Chaves
Rua Joaquim Figueira,São Paulo,114,3,1,1,950000,False,Vila Formosa
,São Paulo,480,5,8,6,2900000,False,Brooklin Paulista
Rua Calíope,São Paulo,572,4,3,7,2553191,False,Jardim Guedala
,São Paulo,140,3,2,3,3200000,False,Saúde
,São Paulo,100,2,2,1,700000,False,Vila Dom Pedro I
Rua Pascoal Gomes de Lima,São Paulo,100,3,2,6,531000,False,Tremembé
Rua Brigadeiro Gama Barcelos,São Paulo,200,3,3,4,789500,False,Parque Jabaquara
,São Paulo,165,3,2,2,498000,False,Parque Savoy City
Rua Maestro Chiaffarelli,São Paulo,226,3,3,2,3200000,False,Jardim Paulista
,São Paulo,168,2,1,3,630000,False,Vila Moraes
Rua São Gall,São Paulo,351,5,7,5,1699999,False,Vila Ipojuca
Rua Gregório Paes de Almeida,São Paulo,400,3,3,5,15000,True,Vila Madalena
,São Paulo,124,2,2,2,995000,False,Indianópolis
,São Paulo,400,4,6,5,1700000,False,Jardim Guedala
Rua Engenheiro Artur de Miranda,São Paulo,180,3,2,3,900000,False,Butantã
Rua Laplace,São Paulo,200,4,4,4,2400000,False,Brooklin Paulista
Rua Parque da Fonte,São Paulo,600,3,2,4,3400000,False,Barro Branco
Rua Pedro Nascimento Ferrador,São Paulo,125,3,3,2,760000,False,Vila Prudente
Rua Doutor Ernani da Gama Corrêa,São Paulo,90,2,1,2,580000,False,Conjunto Residencial Butantã
Rua Araripina,São Paulo,448,3,5,4,5500000,False,Jardim Guedala
Rua Nova Pátria,São Paulo,205,4,4,3,1490000,False,Bosque da Saúde
Rua Rodrigues Guião,São Paulo,130,3,3,1,2000000,False,Pinheiros
Rua Limonita,São Paulo,235,4,3,2,1100000,False,Quarta Parada
,São Paulo,90,2,3,2,430000,False,Jardim Ester Yolanda
Rua Japeacaba,São Paulo,238,3,3,3,1300000,False,Vila Albertina
Rua Pantojo,São Paulo,349,3,1,2,1277250,False,Vila Regente Feijó
,São Paulo,380,4,5,3,2500000,False,Jardim Novo Mundo
,São Paulo,120,3,2,2,525000,False,Vila Santos
Rua Professor Eduardo Monteiro,8888,550,3,5,6,4000000,False,
Rua João Bertacchi,São Paulo,241,2,1,2,361200,False,Jardim Cristal
Avenida Doutor Cardoso de Melo,São Paulo,300,4,1,8,950000,False,Vila Olímpia
Rua Demóstenes,São Paulo,286,3,5,4,1950000,False,Campo Belo
,São Paulo,288,3,3,6,1200000,False,Bosque da Saúde
Rua Luiz da Silva Leite,São Paulo,265,3,3,2,550000,False,Vila Olinda
Rua Antônio Macuco Alves,São Paulo,91,2,2,2,430000,False,Jardim Sarah
,São Paulo,389,4,4,4,5000000,False,Alto de Pinheiros
Rua César Guimarães,São Paulo,310,3,2,5,1600000,False,Jardim da Glória
,São Paulo,80,2,2,1,230000,False,Parque São Rafael
Rua dos Alcatrazes,São Paulo,1300,5,6,9,10000000,False,Chácara Flora
,São Paulo,256,3,5,3,8500,True,Indianópolis
Rua Dom Macário,São Paulo,233,3,4,6,1800000,False,Saúde
Rua Madalena,São Paulo,180,1,3,1,3000000,False,Vila Madalena
Rua Maria de Lourdes Vital da Silva,São Paulo,181,3,5,4,1490000,False,Chácara Japonesa
Rua Baltazar Pinto,São Paulo,130,3,2,2,405000,False,Vila Matilde
Rua Antônio de Oliveira Gago,São Paulo,170,3,4,3,1200000,False,Jardim Ernestina
,São Paulo,200,3,3,1,1850000,False,Jardim Paulistano
Rua Coronel Irlandino Sandoval,São Paulo,390,4,2,5,5050000,False,Jardim Paulistano
Rua Ministro Sinésio Rocha,São Paulo,384,3,6,2,1800000,False,Jardim Vera Cruz
Rua Doutor Eríco Álvares de Azevedo Gonzaga,São Paulo,325,4,3,5,475000,False,Jardim Cambara
,São Paulo,125,3,1,2,220000,False,Conjunto Habitacional Castro Alves
Rua Guaonés,São Paulo,960,4,8,10,4750000,False,Jardim Guedala
Rua Guaniqué,São Paulo,90,3,3,2,459000,False,Vila Natália
Rua Brasileiro de Campos,São Paulo,140,3,2,2,450000,False,Vila Nhocune
Rua Todos os Santos,São Paulo,750,4,5,11,5500000,False,Jardim Everest
Rua Franklin Lewis Gemmel,São Paulo,145,2,3,3,850000,False,Parque Residencial Julia
,São Paulo,298,3,5,2,2450000,False,Jardim Paulistano
Rua Ministro Godói,São Paulo,200,3,1,2,6000,True,Perdizes
Rua Manoel das Neves,São Paulo,277,6,6,5,425000,False,Jaraguá
Rua Abegoaria,São Paulo,620,4,5,8,5800000,False,Jardim das Bandeiras
Rua Gomes,São Paulo,720,3,5,3,1750000,False,Vila Ivone
,São Paulo,195,3,3,3,680000,False,Planalto Paulista
Rua Artemis,São Paulo,167,4,4,2,550000,False,Vila Babilônia
Rua Planeta,São Paulo,120,2,2,2,490000,False,Chácara Belenzinho
Rua Ângelo de Cândia,São Paulo,175,3,3,2,500000,False,Cidade São Mateus
,São Paulo,570,4,6,4,11000000,False,Jardim Paulista
Alameda dos Tupinas,São Paulo,400,4,6,4,1550000,False,Planalto Paulista
Rua dos Timoneiros,São Paulo,240,4,2,2,720000,False,Chora Menino
Rua Cristóvão Pereira,São Paulo,620,5,5,7,4000000,False,Campo Belo
Rua Nova Pátria,São Paulo,275,4,4,3,1480000,False,Bosque da Saúde
,São Paulo,303,4,7,6,10000,True,Chácara Santo Antônio
Rua Camé,São Paulo,440,4,3,8,2000000,False,Mooca
Rua Doutor Erasmo Teixeira de Assunção,São Paulo,482,4,4,4,1800000,False,Jardim Leonor
Rua Ernest Renam,São Paulo,323,3,2,2,841750,False,Paraisópolis
Rua Eduardo da Silva Magalhães,São Paulo,220,4,4,4,1200000,False,Parque Continental
Avenida Mahatma Gandhi,São Paulo,450,3,4,4,3000000,False,Interlagos
Rua dos Caetés,São Paulo,200,3,2,2,1700000,False,Perdizes
Rua Inocêncio Nogueira,São Paulo,480,4,5,4,4700000,False,Cidade Jardim
,São Paulo,300,3,4,3,6000000,False,Jardim Europa
Alameda Canuri,São Paulo,300,3,2,12,15000,True,Planalto Paulista
,São Paulo,85,2,1,1,385000,False,Jardim Guarau
Rua Marivaldo Fernandes,São Paulo,411,4,6,6,2000000,False,Interlagos
Rua Antônio Gomes de Lima,São Paulo,64,4,4,2,532000,False,Socorro
,São Paulo,708,5,7,5,5800000,False,Jardim Leonor
,São Paulo,125,3,5,5,900000,False,Jardim Taboão
Rua Professor Corrêa Brito,São Paulo,263,3,3,6,700000,False,Jardim da Pedreira
Rua Doutor José Cândido de Souza,São Paulo,600,4,5,8,4500000,False,Jardim Novo Mundo
Rua Mineiros do Tietê,São Paulo,185,2,1,1,403000,False,Vila Bancária Munhoz
Rua Nigéria,São Paulo,197,2,4,3,2565000,False,Itaim Bibi
,São Paulo,559,4,5,4,3000000,False,Caxingui
Rua Doutor Manuel Carlos de Figueiredo Ferraz,São Paulo,1758,6,8,15,13000000,False,Jardim Morumbi
Rua Vicente Góes e Aranha,São Paulo,735,6,4,6,12000,True,Vila Tramontano
Rua Soldado Ocimar Guimarães da Silva,São Paulo,60,2,1,2,465000,False,Vila Rio Branco
,São Paulo,101,2,1,2,800000,False,Vila Gumercindo
,São Paulo,190,3,5,1,1230000,False,Indianópolis
Praça Graciliano Ramos,São Paulo,250,4,5,3,1800000,False,Vila Mariana
Rua Diogo Rodrigues Marques,São Paulo,110,3,2,3,1400000,False,Jardim Luanda
,São Paulo,223,3,4,2,1430000,False,Brooklin Paulista
,São Paulo,100,3,2,1,655000,False,Vila Mariana
Rua Cosme de Souza,São Paulo,400,4,3,4,585000,False,Jardim Patente
Rua Matheus José Pires,São Paulo,78,2,1,2,350000,False,Terceira Divisão de Interlagos
,São Paulo,149,3,1,2,770000,False,Jardim Prudência
Rua Miralta,São Paulo,769,7,8,6,13990,True,Alto de Pinheiros
Rua Santa Eufêmia dos Fidalgos,São Paulo,200,2,3,6,1100000,False,Tremembé
Rua Oscar Guanabarino,São Paulo,210,3,2,3,7000,True,Aclimação
Avenida das Magnólias,São Paulo,800,4,6,8,10000000,False,Cidade Jardim
,São Paulo,150,3,3,4,690000,False,Jardim Sarah
Rua República do Iraque,São Paulo,130,2,2,2,1250000,False,Campo Belo
Avenida Francisco de Carvalho,São Paulo,104,2,4,2,689000,False,Jardim Ipanema
Rua Itatiaiuçu,São Paulo,180,2,1,1,340000,False,Jardim Egle
Rua Lina,São Paulo,240,3,3,2,830000,False,Jardim do Colégio
Avenida Lacerda Franco,São Paulo,130,3,4,1,850000,False,Cambuci
Rua Natingui,São Paulo,400,4,5,8,2900000,False,Vila Madalena
Rua Luís Ferreira de Barros,São Paulo,214,3,3,6,560000,False,Vila Universitária
Rua Doutor Manuel Carlos de Figueiredo Ferraz,São Paulo,450,4,5,7,1950000,False,Jardim Morumbi
Rua Tomé Portes,São Paulo,266,4,3,2,1500000,False,Brooklin Paulista
Rua José Flávio,São Paulo,205,1,1,1,352950,False,Penha de França
Rua Guilherme Moura,São Paulo,339,5,5,4,3100000,False,Vila Madalena
Rua Cristóvão Pereira,São Paulo,96,3,3,2,695000,False,Campo Belo
,São Paulo,120,3,4,4,2900000,False,Jardim Paulista
,São Paulo,400,4,3,3,1700000,False,Jardim Marajoara
,São Paulo,125,3,3,3,678000,False,Vila Formosa
Rua Caetano Menino,São Paulo,427,4,1,4,1600000,False,Jardim Guarapiranga
Rua Ipurinas,São Paulo,212,4,4,4,1800000,False,Brooklin Paulista
,São Paulo,226,3,3,6,5200000,False,Jardim Paulistano
Alameda dos Indígenas,São Paulo,314,3,7,4,1452000,False,Planalto Paulista
Rua Vergel,São Paulo,341,2,2,3,625000,False,Água Rasa
,São Paulo,420,4,9,4,4200000,False,Jardim Paulista
Rua Tomaz da Mota,São Paulo,140,3,4,2,725000,False,Jardim Pinheiros
Rua Doutor Mário Freire,São Paulo,245,4,2,3,8000,True,Retiro Morumbi
Rua Brigadeiro Gama Barcelos,São Paulo,350,3,2,4,842700,False,Parque Jabaquara
Rua Doutor Augusto de Miranda,São Paulo,264,4,4,5,2130000,False,Vila Pompéia
Rua Guaianaz da Fonseca,São Paulo,220,3,5,4,1790000,False,Vila Madalena
,São Paulo,380,5,5,4,2300000,False,Jardim Leonor
Rua Mamud Rahd,São Paulo,280,3,5,3,1550000,False,Tremembé
Rua Batista da Costa,São Paulo,110,2,2,2,750000,False,Vila Regente Feijó
Rua Marcelina,São Paulo,120,2,2,1,750000,False,Vila Romana
Rua Bucareste,São Paulo,725,4,5,10,20000000,False,Jardim Europa
Rua Martins,São Paulo,290,3,1,5,1350000,False,Butantã
,São Paulo,400,3,5,4,3140000,False,Brooklin Paulista
Rua Presidente Antônio Cândido,São Paulo,540,4,6,3,2200000,False,Alto da Lapa
Rua Dinah Silveira de Queiroz,São Paulo,360,3,3,4,1500000,False,City América
Rua Olegário Mariano,São Paulo,680,5,8,4,3500000,False,Jardim Guedala
Rua Macarani,São Paulo,450,4,5,10,2500000,False,Bosque da Saúde
Rua São Rafael,São Paulo,86,3,2,2,750000,False,Mooca
Rua Doutor Cristiano de Sousa,São Paulo,341,4,6,4,1300000,False,Jardim Leonor
,São Paulo,220,2,1,2,690000,False,Saúde
Alameda Franca,São Paulo,137,9,3,1,2600000,False,Jardim Paulista
Rua Baronesa de Bela Vista,São Paulo,290,4,4,4,2000000,False,Vila Congonhas
Rua Laurindo Sbampato,São Paulo,80,2,1,2,470000,False,Vila Guilherme
,São Paulo,217,3,1,1,598000,False,Vila Moraes
,São Paulo,350,5,6,6,2900000,False,Alto de Pinheiros
Rua Iguaçaba,São Paulo,80,2,1,2,450000,False,Chácara Belenzinho
Rua João Felisberto Moreira,São Paulo,135,3,3,3,600000,False,Vila Jacuí
,São Paulo,150,2,1,2,729000,False,Saúde
Rua Breno Pinheiro,São Paulo,273,3,4,5,950000,False,Jardim Morumbi
Rua Ubiracica,São Paulo,889,4,7,6,13900000,False,Boaçava
Rua Filipe de Gusmão,São Paulo,125,3,3,1,880000,False,Sumarezinho
Rua das Pérolas,São Paulo,195,3,3,2,1000000,False,Vila do Encontro
Rua Tatuaçu,São Paulo,405,6,6,2,680000,False,Jardim Record
Rua Rita Joana de Sousa,São Paulo,220,3,4,3,1850000,False,Campo Belo
Rua Professor José Geraldo de Lima,São Paulo,150,3,2,2,620000,False,Vila Tiradentes
Alameda Rainha Santa,São Paulo,185,5,3,4,1940000,False,Vila Carrão
Avenida Afrânio Peixoto,São Paulo,313,4,2,12,15000,True,Butantã
Rua do Grito,São Paulo,240,2,1,2,735000,False,Ipiranga
,São Paulo,490,4,4,4,5200000,False,Jardim Luzitânia
Avenida Morumbi,São Paulo,670,4,7,8,2000000,False,Morumbi
Rua Grécia,São Paulo,280,3,2,3,4800000,False,Jardim Europa
Rua Michigan,São Paulo,87,3,4,3,9000,True,Cidade Monções
,São Paulo,183,4,5,3,990000,False,Jardim Bélgica
,São Paulo,440,3,5,4,3950000,False,Vila Madalena
,São Paulo,95,2,1,1,508000,False,Vila São Silvestre
Rua Maurício de Castilho,São Paulo,173,3,3,5,1050000,False,Vila Monumento
Rua Tobias Barreto,São Paulo,90,3,2,1,520000,False,Mooca
Rua Desembargador do Vale,São Paulo,76,3,1,1,850000,False,Perdizes
,São Paulo,170,3,4,3,800000,False,Cidade Mãe do Céu
Rua Puréus,São Paulo,1100,5,8,10,6850000,False,Jardim Guedala
Rua Doutor João Maia,São Paulo,311,4,4,3,2200000,False,Aclimação
,São Paulo,300,3,1,5,1750000,False,Vila Dom Pedro I
,São Paulo,430,3,5,5,2580000,False,Sumaré
Avenida Professor Francisco Morato,São Paulo,370,3,5,2,1880000,False,Butantã
Rua Doutor Astor Dias Guimarães,São Paulo,70,2,2,1,680000,False,Jardim Bonfiglioli
Rua Itaqueri,São Paulo,150,3,3,3,790000,False,Água Rasa
,São Paulo,300,3,1,2,980000,False,Vila Moinho Velho
Rua Augusto Fetzer,São Paulo,150,3,3,3,695000,False,Vila Ema
Rua João Protezek,São Paulo,180,3,1,3,950000,False,Cupecê
Travessa Dança do Manjericão,São Paulo,90,2,2,2,370000,False,Vila Água Funda
Rua Marco Aurélio,São Paulo,306,4,5,2,1270000,False,Vila Romana
Rua Dentista Barreto,São Paulo,1050,7,9,7,8000000,False,Vila Carrão
,São Paulo,149,2,1,5,790000,False,Bosque da Saúde
,São Paulo,300,5,3,3,1000000,False,Penha de França
,São Paulo,250,3,2,5,1100000,False,Vila da Saúde
,São Paulo,434,1,1,5,45000,True,Vila Nova Conceição
,São Paulo,110,3,2,1,790558,False,Vila Clementino
,São Paulo,97,1,1,2,304500,False,Itaquera
,São Paulo,360,3,4,3,550000,False,Vila Medeiros
Rua Veloso Guerra,São Paulo,190,3,2,1,960000,False,Bela Vista
Avenida Sílvio Sciumbata,São Paulo,253,3,4,6,1100000,False,Interlagos
,São Paulo,530,4,5,13,5000000,False,Jardim da Glória
Rua Luís Cunha,São Paulo,185,3,3,4,700000,False,Vila Pirituba
Avenida Pablo Casals,São Paulo,235,3,1,6,600000,False,Vila Dalva
,São Paulo,259,3,1,4,1290000,False,Cidade Vargas
Rua Manuel de Morais,São Paulo,170,3,3,3,1500000,False,Vila Mariana
Rua Cardoso de Almeida,São Paulo,274,3,3,2,8000,True,Perdizes
Rua Mont Kemel,São Paulo,190,5,3,4,650000,False,Vila Água Funda
Rua Oscar Freire,São Paulo,800,1,1,1,19150000,False,Pinheiros
Rua Robélia,São Paulo,300,4,6,4,1300000,False,Jardim Prudência
Rua Salvador Nascimento,São Paulo,128,3,3,2,530000,False,Vila Nova Alba
Praça Professor Vasco de Andrade,São Paulo,255,4,3,4,650000,False,Jardim Cláudia
,São Paulo,340,3,6,2,3890000,False,Jardim Paulista
,São Paulo,70,2,2,3,365000,False,Vila Conde do Pinhal
Rua Simões Pinto,São Paulo,200,3,1,2,650000,False,Parque Jabaquara
Rua Canumá,São Paulo,311,4,6,6,3900000,False,Jardim dos Estados
,São Paulo,150,3,2,3,470000,False,Vila Califórnia
,São Paulo,160,3,2,3,540000,False,Vila Antônio
Rua Doutor Ernani da Gama Corrêa,São Paulo,70,2,2,2,585000,False,Conjunto Residencial Butantã
,São Paulo,121,3,1,2,670000,False,Jardim Prudência
Rua Manoel Carneiro Silva,São Paulo,160,3,2,4,1100000,False,Bosque da Saúde
Rua Doutor Augusto de Miranda,São Paulo,264,4,4,5,2130000,False,Vila Pompéia
Rua Santa Zoé,São Paulo,170,3,2,4,880000,False,Santo Amaro
Rua Ubaíra,São Paulo,200,4,2,4,2000000,False,Indianópolis
,São Paulo,142,3,1,2,899000,False,Vila Firmiano Pinto
Rua Benvenuto Cellini,São Paulo,144,3,3,3,700000,False,Jardim das Vertentes
Rua Wilma Flor,São Paulo,224,2,1,5,265000,False,Guaianazes
,São Paulo,150,4,2,2,1500000,False,Jardim Vergueiro
,São Paulo,108,2,2,1,645000,False,Vila Anhangüera
Rua Padre Raposo,São Paulo,120,2,1,1,549000,False,Mooca
Rua Cardoso de Almeida,São Paulo,430,2,5,5,2100000,False,Sumaré
,São Paulo,140,3,3,2,1100000,False,Jardim Bonfiglioli
Rua Senador Vergueiro,São Paulo,1000,4,6,5,5500000,False,Santo Amaro
,São Paulo,149,2,1,1,490000,False,Vila Dom Pedro I
,São Paulo,232,5,4,5,9500,True,Jardim Paulistano
,São Paulo,165,3,1,3,485000,False,Parque Boturussu
Rua Jaboticabal,São Paulo,170,3,2,2,650000,False,Vila Bertioga
,São Paulo,1100,4,5,6,9000000,False,Jardim Sílvia
Rua Adonis,São Paulo,120,2,1,2,510000,False,São João Clímaco
,São Paulo,203,3,4,1,2800000,False,Jardim Paulista
Rua Maestro Bortolucci,São Paulo,68,2,3,1,360000,False,Tremembé
Rua Cachoeira Escura,São Paulo,150,3,5,3,790004,False,Jardim Triana
Rua Meruoca,São Paulo,112,2,2,1,620000,False,Jardim da Glória
Rua Padre Luís Soriano,São Paulo,200,3,1,2,960000,False,Jardim da Glória
Rua Mariz e Barros,São Paulo,115,3,3,2,1150000,False,Jardim da Glória
Rua Catuquina,São Paulo,130,1,1,1,233376,False,Vila Formosa
,São Paulo,1150,5,8,15,100000,True,Jardim América
,São Paulo,464,3,4,3,8000,True,Jardim Morumbi
,São Paulo,430,2,5,5,2000000,False,Sumaré
Rua Ângelo de Cândia,São Paulo,350,3,2,2,650000,False,Cidade São Mateus
Avenida Senador Casimiro da Rocha,São Paulo,200,3,3,2,1340000,False,Mirandópolis
Avenida Nova Cantareira,São Paulo,250,3,4,4,900000,False,Tucuruvi
Rua Campina da Taborda,São Paulo,280,5,5,4,2200000,False,Planalto Paulista
Rua Líbero Ripole,São Paulo,175,3,5,4,948000,False,Jardim Umuarama
Rua Pirajuia,São Paulo,230,4,4,4,700000,False,Jaguaré
,São Paulo,70,2,1,1,325000,False,Cidade Domitila
,São Paulo,400,3,5,4,3140000,False,Brooklin Paulista
Rua Presidente Antônio Cândido,São Paulo,540,4,6,3,2200000,False,Alto da Lapa
Rua Dinah Silveira de Queiroz,São Paulo,360,3,3,4,1500000,False,City América
Rua Olegário Mariano,São Paulo,680,5,8,4,3500000,False,Jardim Guedala
Rua Macarani,São Paulo,450,4,5,10,2500000,False,Bosque da Saúde
Rua São Rafael,São Paulo,86,3,2,2,750000,False,Mooca
Rua João Gomes Pereira,São Paulo,120,3,2,2,350000,False,Jardim Tietê
Rua Francisco Preto,São Paulo,150,3,3,2,3600,True,Vila Morse
Avenida Albert Bartholome,São Paulo,170,3,4,2,780000,False,Jardim das Vertentes
,São Paulo,850,4,8,7,8000000,False,Jardim Panorama
Rua Pais da Silva,São Paulo,171,3,3,2,810000,False,Chácara Santo Antônio
Rua João Roman Wirkus,São Paulo,112,2,2,2,320000,False,Jardim Rio Pequeno
Rua Marquês de Maricá,São Paulo,110,3,3,3,570000,False,Sacomã
,São Paulo,900,3,3,5,5500000,False,Jardim Leonor
Avenida Tenente Júlio Prado Neves,São Paulo,564,3,2,10,1250000,False,Vila Albertina
Rua Vitorino de Morais,São Paulo,200,4,3,2,1375000,False,Chácara Santo Antônio
Rua Arthur Baptistucci,São Paulo,130,3,3,3,700000,False,Vila Santo Estéfano
Rua Afonso Moreira,São Paulo,180,3,1,2,850000,False,Vila Talarico
,São Paulo,670,4,5,6,2990000,False,Alto de Pinheiros
,São Paulo,214,3,3,3,1400000,False,Vila Romana
Rua Santo Irineu,São Paulo,200,3,3,2,1200000,False,Bosque da Saúde
,São Paulo,220,3,1,4,900000,False,Vila São Silvestre
,São Paulo,450,4,3,3,12000,True,Granja Julieta
Rua Capitão Luís Rodrigues de Albuquerque,São Paulo,210,3,5,4,1200000,False,Vila Irmãos Arnoni
Rua Booker Pittman,São Paulo,210,3,3,3,1490000,False,Chácara Santo Antônio
Rua Santa Crescência,São Paulo,145,3,2,2,810000,False,Ferreira
Rua Belarmino Barreto,São Paulo,92,2,1,2,359000,False,Vila Fachini
Rua Califórnia,São Paulo,425,5,6,5,15000,True,Brooklin
Rua Avaré,São Paulo,452,5,6,6,3195980,False,Consolação
Avenida Giovanni Gronchi,São Paulo,390,4,1,10,2500000,False,Morumbi
,São Paulo,245,4,5,4,1150000,False,Parque Monteiro Soares
Rua Barra Negra,São Paulo,158,3,3,6,1330000,False,Vila Oratório
Rua Benjamin Costa,São Paulo,200,3,3,2,870000,False,Jardim Aeroporto
,São Paulo,149,2,2,2,430000,False,Vila Marieta
Rua Manguaba,São Paulo,145,4,3,2,749000,False,Jardim Umuarama
,São Paulo,479,3,3,3,9000000,False,Jardim Europa
Rua João Gaspar,São Paulo,128,2,1,1,480000,False,Jardim São Luís
Rua Pelegrino,São Paulo,180,3,3,4,639000,False,Jardim do Colégio
Rua Francisco Farel,São Paulo,310,3,5,2,3191489,False,Jardim das Bandeiras
Rua Beijuí,São Paulo,140,3,2,3,700000,False,Vila Isa
,São Paulo,659,5,5,6,4800000,False,Morumbi
Rua José Ubaldo Lomônaco,São Paulo,253,3,4,6,1650000,False,Jardim da Glória
Rua João Batista Pereira,São Paulo,140,3,4,3,750000,False,Jardim Pinheiros
,São Paulo,105,2,1,1,570000,False,Jardim da Glória
Rua Doutor Rafael Caramuru Lanzelloti,São Paulo,120,3,2,1,900001,False,Aclimação
Rua Pedro Ravara,São Paulo,710,5,3,6,1340000,False,Jardim Ipanema
Rua Alberto Hodge,São Paulo,140,3,4,2,1100000,False,Santo Amaro
Rua Fidélis Papini,São Paulo,210,3,2,4,695000,False,Vila Prudente
Rua General Sócrates,São Paulo,250,3,2,1,1150000,False,Penha de França
Rua Cuiabá,São Paulo,160,2,1,2,800000,False,Alto da Mooca
Rua Ordenações Manuelinas,São Paulo,158,3,3,3,785005,False,Vila Sonia
Avenida Professor Fonseca Rodrigues,São Paulo,343,4,7,4,8634300,False,Alto de Pinheiros
Rua Doutor Queirós Guimarães,São Paulo,411,4,4,4,2350014,False,Jardim Guedala
,São Paulo,180,3,4,4,1210000,False,Jardim Leonor Mendes de Barros
Rua Ouvidor Peleja,São Paulo,160,1,2,2,1200000,False,Vila Mariana
Rua Tomé de Souza,São Paulo,700,4,6,6,3300000,False,Lapa
Rua Ipero,São Paulo,230,3,4,3,3000000,False,Jardim das Bandeiras
,São Paulo,250,3,4,4,1200000,False,Jardim da Saúde
Rua Pero Correia,São Paulo,210,3,6,4,1260000,False,Vila Mariana
Rua Laplace,São Paulo,450,3,5,4,3200000,False,Brooklin Paulista
Rua Búzios,São Paulo,54,2,3,1,375000,False,Jardim Franca
Rua Olímpio de Campos,São Paulo,200,4,3,2,732000,False,Jardim Vila Formosa
,São Paulo,793,4,7,5,2680000,False,Interlagos
Rua Andrade Neves,São Paulo,502,4,6,4,2990000,False,Bela Aliança
Rua Manguatá,São Paulo,212,4,4,4,1900000,False,Cidade Monções
Rua Endê,São Paulo,404,3,4,6,6180000,False,Vila Madalena
,São Paulo,520,4,4,3,15000000,False,Jardim Europa
Rua Adolfo de Menezes,São Paulo,300,3,4,6,790000,False,Jardim Cotiana
Rua Lázaro Sousa Martins,São Paulo,200,4,3,2,1210000,False,Água Branca
Rua Búzios,São Paulo,54,2,3,1,375000,False,Jardim Franca
,São Paulo,95,2,1,1,430000,False,Vila Regente Feijó
Rua Augusto Perroni,São Paulo,153,3,3,2,790000,False,Conjunto Residencial Butantã
Rua Orlando Pelegrino,São Paulo,175,3,4,2,750000,False,Lauzane Paulista
Rua Guateque,São Paulo,155,2,1,2,328000,False,Jardim Avenida
Rua Pirandello,São Paulo,450,3,5,3,1750000,False,Campo Belo
,São Paulo,130,3,1,2,560000,False,Vila Santa Catarina
Rua Diamante Preto,São Paulo,120,1,1,3,420000,False,Chácara Califórnia
Rua Doutor Cabral de Vasconcelos,São Paulo,160,3,2,2,500000,False,Vila dos Remédios
Rua Cristina de Vasconcelos Ceccato,São Paulo,250,2,3,3,450000,False,Jardim São Nicolau
,São Paulo,267,4,3,4,890000,False,Tatuapé
Rua Gonçalo da Cunha,São Paulo,162,3,1,4,1400000,False,Chácara Inglesa
,São Paulo,169,3,3,2,1100000,False,Vila Romana
Rua Antônio Lourenço,São Paulo,314,3,4,3,1195000,False,Água Fria
Rua Jaguanambi,São Paulo,589,4,6,6,4000000,False,Cidade Jardim
Rua Francisco Arvani,São Paulo,154,2,2,2,600000,False,Santo Amaro
Rua Evaristo Pereira Escorsa,São Paulo,86,2,2,1,420013,False,Vila Antonieta
,São Paulo,200,3,3,3,850000,False,Vila Gea
Rua Tomé Portes,São Paulo,480,4,6,3,1900000,False,Brooklin Paulista
,São Paulo,600,4,7,6,3000000,False,Cidade Jardim
Rua Martim de Sá,São Paulo,285,3,4,2,2490000,False,Vila Mariana
,São Paulo,110,3,2,1,700000,False,Vila Gertrudes
Avenida Morumbi,São Paulo,700,4,5,12,3500000,False,Morumbi
Rua Tucuna,São Paulo,340,5,3,8,2300000,False,Pompeia
,São Paulo,82,2,1,3,700000,False,Bosque da Saúde
Rua Professor Lúcio Martins Rodrigues,8888,358,4,6,7,1600000,False,
Rua Luís Antônio dos Santos,São Paulo,240,4,3,3,950000,False,Santa Teresinha
Avenida das Corujas,São Paulo,110,3,2,3,1950000,False,Sumarezinho
Rua Timbó,São Paulo,190,3,3,2,960000,False,Mooca
Rua Bom Pastor,São Paulo,114,2,1,1,852000,False,Ipiranga
,São Paulo,90,3,1,2,480000,False,Ipiranga
Rua Cerveri de Girona,São Paulo,125,2,2,2,180000,False,Jardim Morais Prado
,São Paulo,150,3,1,2,470000,False,Jardim Sabará
,São Paulo,150,2,1,8,650000,False,Vila Santa Clara
Rua Caixanas,São Paulo,712,4,8,4,5800000,False,Jardim Guedala
Rua Comandante Ismael Guilherme,São Paulo,600,3,3,4,12000000,False,Jardim Luzitânia
Rua Mário Jorge,São Paulo,120,2,2,2,930000,False,Alto da Lapa
Avenida Nova Cantareira,São Paulo,760,6,7,15,4990000,False,Tucuruvi
Avenida Córrego do Jacu,São Paulo,183,5,3,2,600000,False,Itaquera
Rua Dom Tomás Costa e Lima,São Paulo,388,3,5,5,4900000,False,Vila Tramontano
Rua Santo Estácio,São Paulo,150,2,2,1,698000,False,Cidade Vargas
Rua Alvilândia,São Paulo,380,7,5,2,2900000,False,Vila Madalena
Rua Coronel Augusto Machado,São Paulo,200,3,4,3,759000,False,Jardim Vista Linda
Rua Doutor Cintra Gordinho,São Paulo,270,2,2,1,1500000,False,Alto da Lapa
Rua José Clemente,São Paulo,390,4,2,9,3998000,False,Jardim Paulista
,São Paulo,350,4,5,7,2500000,False,Água Branca
,São Paulo,142,3,1,2,750000,False,Vila Sao Paulo
Rua Tomás da Fonseca,São Paulo,151,3,2,4,1145000,False,Alto da Mooca
,São Paulo,258,4,1,4,1590000,False,Jardim da Saúde
Rua Francisco José Oliveira,São Paulo,400,4,1,4,1650000,False,Interlagos
Rua Heloísa Camargo,São Paulo,100,2,1,1,380000,False,Vila Esperança
Rua Paulo César Ferreira,São Paulo,108,2,1,2,450000,False,Vila Guarani
,São Paulo,157,3,1,4,990000,False,Vila Monte Alegre
,São Paulo,757,4,5,4,3900000,False,Morumbi
,São Paulo,121,3,1,3,795000,False,Bosque da Saúde
,São Paulo,200,2,4,2,1995000,False,Pinheiros
,São Paulo,368,4,4,4,1950000,False,Vila Inah
,São Paulo,140,2,1,2,630000,False,Vila Santo Estéfano
,São Paulo,126,2,1,2,750000,False,Bosque da Saúde
Rua Carlos Tiago Pereira,São Paulo,180,4,5,4,1800000,False,Bosque da Saúde
Rua Timboré,São Paulo,160,3,4,6,670000,False,Jardim Oriental
,São Paulo,110,2,1,1,354000,False,Vila Gumercindo
Rua Pedro Teixeira,São Paulo,135,3,3,1,1300000,False,Vila Olímpia
Rua Banibás,São Paulo,250,3,5,4,2800000,False,Alto de Pinheiros
Rua Santa Beatriz,São Paulo,100,3,2,4,890000,False,Jardim Ibitirama
,São Paulo,184,3,1,2,840000,False,Vila Santa Catarina
,São Paulo,260,3,1,7,1500000,False,Bosque da Saúde
Rua Parque da Fonte,São Paulo,600,4,6,8,3780000,False,Barro Branco
Rua Inocêncio Nogueira,São Paulo,727,7,6,7,5799000,False,Cidade Jardim
Rua Evezu,São Paulo,243,3,3,4,1800000,False,Alto de Pinheiros
Rua Nicola Pisano,São Paulo,71,2,2,2,420000,False,Parque São Lucas
Rua Desembargador Teodomiro Dias,São Paulo,168,3,3,3,740000,False,Conjunto Residencial Butantã
Rua Palmares,São Paulo,350,5,4,3,2200000,False,Brooklin Paulista
,São Paulo,543,4,7,4,5850000,False,Jardim Guedala
Rua Manoel Alves de Azevedo,São Paulo,260,5,4,6,575000,False,Jardim São Luís
Avenida Doutor Altino Arantes,São Paulo,350,3,6,8,7000000,False,Vila Clementino
Rua Nelson de Godói Pereira,São Paulo,138,3,2,2,750000,False,Vila Santo Estevão
,São Paulo,1100,5,6,16,7000000,False,Morumbi
,São Paulo,152,3,2,2,850000,False,Vila Romano
Rua Maria Lopes,São Paulo,90,3,3,2,459000,False,Vila Rosa
,São Paulo,930,4,3,6,9000000,False,Vila Tramontano
Rua Baturité,São Paulo,156,3,4,1,800000,False,Aclimação
,São Paulo,500,4,3,3,5700000,False,Jardim Paulista
Rua Maurício de Castilho,São Paulo,205,5,4,4,1100000,False,Vila Monumento
,São Paulo,400,4,6,5,1690000,False,Jardim Virginia Bianca
Rua Sônia Ribeiro,São Paulo,271,3,3,3,1385000,False,Brooklin
Rua Engenheiro Botelho Egas,São Paulo,100,3,3,2,636000,False,Vila Vitório Mazzei
Rua Guaniqué,São Paulo,93,3,3,2,519000,False,Vila Natália
,São Paulo,200,3,5,2,850000,False,Planalto Paulista
Rua Rocinha,São Paulo,195,3,4,2,1800000,False,Bosque da Saúde
,São Paulo,180,3,2,1,615000,False,Sítio do Mandaqui
Rua Cabureicica,São Paulo,120,3,2,2,380000,False,Jardim do Campo
Rua Visconde de Castro,São Paulo,140,3,3,2,1300000,False,Parque Colonial
Rua Comprida,São Paulo,80,3,2,1,436000,False,Vila Mazzei
Rua Muller Carioba,São Paulo,600,7,11,8,3800000,False,Jardim da Saúde
Rua Princesa Leopoldina,São Paulo,150,3,4,4,1600000,False,Alto da Lapa
,São Paulo,132,4,4,6,1200000,False,Vila Mariana
Rua Frei Rolim,São Paulo,226,3,5,4,920000,False,Bosque da Saúde
,São Paulo,125,3,1,3,750000,False,Vila Gea
Rua das Verbenas,São Paulo,160,4,4,2,1200000,False,Vila Lúcia
Rua Lázaro Sousa Martins,São Paulo,200,4,3,2,1210000,False,Água Branca
,São Paulo,75,2,2,1,400000,False,Jardim Independência
,São Paulo,266,4,4,3,1600000,False,Planalto Paulista
Rua José Maria Lisboa,São Paulo,160,2,4,1,9000,True,Jardim Paulista
Praça Jesuíno Bandeira,São Paulo,515,5,6,9,2300000,False,Vila Romana
Rua Lázaro José Gonçalves,São Paulo,285,3,6,4,1580000,False,Jardim Avelino
Avenida Indianópolis,São Paulo,220,3,4,3,10000,True,Indianópolis
Rua Rino Levi,São Paulo,250,3,6,4,2400000,False,Jardim da Glória
Rua Igaratá,São Paulo,130,2,2,2,630000,False,Quinta da Paineira
Rua Eden,São Paulo,355,4,5,3,1850000,False,Vila Inah
Rua Francisco Olandim,São Paulo,242,3,3,3,4200,True,São João Clímaco
Rua Professor Nova Gomes,São Paulo,407,3,6,4,3000000,False,Vila Madalena
Rua Júlio Rua Perez,São Paulo,145,3,3,2,1280000,False,Campo Belo
Rua Itabaquara,São Paulo,320,3,4,4,3500000,False,Pacaembu
Rua Cotoxó,São Paulo,287,4,4,3,2356800,False,Perdizes
Rua Diogo Rodrigues Marques,São Paulo,137,3,3,2,580000,False,Jardim Ernestina
Rua Território do Iguaçu,São Paulo,220,4,3,6,750000,False,Jabaquara
Rua Benjamin Costa,São Paulo,114,2,3,2,550000,False,Jardim Aeroporto
Rua Ceará,São Paulo,550,4,8,5,20000,True,Consolação
Rua Baía Grande,São Paulo,120,3,1,10,650000,False,Vila Bela
Rua Bom Pastor,São Paulo,114,2,1,1,852000,False,Ipiranga
,São Paulo,147,3,2,2,780000,False,Vila Romana
Rua José Figliolini,São Paulo,200,4,3,2,620000,False,Vila Nilo
Alameda dos Tacaúnas,São Paulo,150,3,4,2,780000,False,Planalto Paulista
Rua Teixeira Pinto,São Paulo,360,3,2,6,2980000,False,Jardim Paulista
Rua Aristeu Seixas,São Paulo,670,5,2,4,7500000,False,Morumbi
Avenida Lopes de Azevedo,São Paulo,600,4,5,4,5800000,False,Jardim Guedala
Rua Os Sertões,São Paulo,105,3,4,2,1010000,False,Jardim da Glória
Rua Vicente Dorsa,São Paulo,150,4,2,3,2000000,False,Jardim Prudência
,São Paulo,126,2,3,8,1500000,False,Vila Santo Estéfano
,São Paulo,184,4,2,3,700000,False,Vila Gea
Rua Massaim,São Paulo,111,2,3,2,890000,False,Bosque da Saúde
Rua Cotoxó,São Paulo,255,4,4,3,2868500,False,Perdizes
Rua André Gouveia,São Paulo,199,3,4,3,1930000,False,Aclimação
Rua Almirante Lobo,São Paulo,130,3,3,1,695000,False,Ipiranga
Rua Marcelino Champagnat,São Paulo,600,4,4,5,2000000,False,Jardim da Glória
Rua Alfredo Trindade Moreira,São Paulo,280,4,4,3,2150000,False,Vila Gertrudes
Rua Francisco Correia Dutra,São Paulo,220,3,1,3,900000,False,Jardim Maria Luiza
,São Paulo,100,2,1,6,480000,False,Vila Nova Pauliceia
Rua Itaguara,São Paulo,400,6,5,4,1300000,False,Cidade Vargas
Rua Grécia,São Paulo,280,5,7,4,4790000,False,Jardim Europa
Rua Aristides da Silveira Lobo,São Paulo,233,3,4,2,3700,True,Jardim Prudência
Rua Padre Clemente Segura,São Paulo,200,3,3,2,450000,False,Limoeiro
Rua Atlântica,São Paulo,600,4,5,7,27000000,False,Jardim América
Rua Comandante Ismael Guilherme,São Paulo,600,3,1,4,12000000,False,Jardim Luzitânia
Avenida Ramalho Ortigão,São Paulo,84,2,3,2,745000,False,Vila Gumercindo
Rua Diogo Rodrigues Marques,São Paulo,250,4,3,4,1500000,False,Jardim Ernestina
Rua Domingos Osvaldo Bataglia,São Paulo,280,3,6,3,1600000,False,Mirandópolis
Rua Miguel Langone,São Paulo,270,3,2,2,360000,False,Itaquera
Rua Camundo,São Paulo,155,3,4,3,770000,False,Planalto Paulista
Rua Atibaia,São Paulo,570,3,6,6,3600000,False,Pacaembu
Rua Penápolis,São Paulo,300,3,2,4,2900000,False,Pacaembu
Avenida Professor João de Lorenzo,São Paulo,62,2,1,2,335004,False,Jardim São Jorge
Rua Nova Pátria,São Paulo,210,3,4,4,1180000,False,Bosque da Saúde
Rua Iperoig,São Paulo,230,3,4,4,11990,True,Perdizes
Rua Carlos dos Santos,São Paulo,122,2,2,2,585000,False,Jardim Brasil
Avenida Amarilis,São Paulo,840,4,5,8,5900000,False,Cidade Jardim
Rua Ucaiari,São Paulo,300,4,3,2,742000,False,Alto da Lapa
Avenida Albert Einstein,São Paulo,450,4,5,4,1682000,False,Jardim Leonor
Rua Pedro,São Paulo,320,3,3,8,3000000,False,Vila Albertina
Alameda dos Apetupás,São Paulo,400,3,5,4,4200000,False,Planalto Paulista
Rua Cláudio Rossi,São Paulo,393,4,6,4,2300000,False,Jardim da Glória
Rua Vieira de Melo,São Paulo,100,3,1,1,460000,False,Jardim Virginia Bianca
Rua David Eid,São Paulo,177,3,4,2,590000,False,Vila do Castelo
Rua José Ubaldo Lomônaco,São Paulo,145,3,4,2,1350000,False,Jardim da Glória
Rua das Hortênsias,São Paulo,170,3,4,2,936000,False,Mirandópolis
Rua Rudi Schaly,São Paulo,250,3,6,4,957000,False,Vila Fiat Lux
Avenida Ceci,São Paulo,210,3,4,4,1995000,False,Planalto Paulista
Avenida Raimundo Pereira de Magalhães,São Paulo,280,4,3,4,980000,False,Jardim Íris
Rua Mangaratiba,São Paulo,140,3,3,3,1000000,False,Vila Santo Antônio
Rua Virgílio de Barros Toledo,São Paulo,120,3,2,5,350000,False,Jardim D'Abril
Rua Turquia,São Paulo,760,3,1,5,13900000,False,Jardim Europa
Rua Tibiriçá,São Paulo,260,3,4,3,1730000,False,Brooklin Paulista
Rua Franklin Magalhães,São Paulo,176,3,3,2,750000,False,Vila Santa Catarina
,São Paulo,163,4,5,3,900000,False,Vila da Saúde
Rua Kansas,São Paulo,95,2,4,2,800000,False,Brooklin Paulista
Rua Marcos Fernandes,São Paulo,110,3,1,5,913900,False,Jardim da Saúde
Rua Dom Joaquim Luna,São Paulo,200,3,2,4,2500,True,Jardim Domitila
Rua Francisco Dias Velho,São Paulo,149,3,6,2,3300000,False,Vila Cordeiro
Rua General Raposo,São Paulo,240,3,3,6,1500000,False,Vila Clementino
Rua Jacarezinho,São Paulo,1200,6,7,8,19800000,False,Jardins
Rua Artur Dias,São Paulo,230,3,3,2,955000,False,Bosque da Saúde
,São Paulo,70,2,1,1,428000,False,Vila Campo Grande
Rua Heitor de Morais,São Paulo,700,4,4,6,5000000,False,Pacaembu
,São Paulo,147,3,1,2,1190000,False,Vila Brasílio Machado
Rua Francisco Retti,São Paulo,90,2,2,1,430000,False,Vila Oratório
Rodovia Raposo Tavares,São Paulo,220,3,2,2,630000,False,Jardim Boa Vista
,São Paulo,100,3,2,1,519800,False,Chácara Inglesa
,São Paulo,300,4,3,4,3300000,False,Jardim Paulistano
Rua Orlando Malagoli,São Paulo,80,2,2,1,260000,False,Rio Pequeno
Rua Cecília Bonilha,São Paulo,193,3,3,5,749870,False,Vila Bonilha Nova
,São Paulo,180,3,3,5,710000,False,Vila Bancária Munhoz
Alameda dos Auetis,São Paulo,390,4,4,5,2300000,False,Planalto Paulista
Rua Moncorvo Filho,São Paulo,380,6,3,5,2690000,False,Butantã
Rua José Guilherme Guimarães Pedroso,São Paulo,149,5,3,6,570000,False,Vila Campo Grande
,São Paulo,180,3,5,4,1350000,False,Vila Gumercindo
Rua José Renato Pantoja,São Paulo,240,3,4,2,1484000,False,Lar São Paulo
Rua Caçador de Esmeraldas,São Paulo,160,2,2,2,798000,False,Vila São José
Rua Cicanta,São Paulo,210,3,2,2,954000,False,Jardim Umarizal
,São Paulo,380,7,5,6,2900000,False,Vila Madalena
,São Paulo,125,3,1,2,470000,False,Vila Campo Grande
Rua Almirante Soares Dutra,São Paulo,499,4,8,5,3800000,False,Morumbi
Rua Dom Silvério Pimenta,São Paulo,90,2,2,2,720000,False,Vila Gumercindo
Rua Francisco Teles Dourado,São Paulo,150,3,3,2,700000,False,Jardim Prudência
Rua José Marti,São Paulo,240,3,3,3,1011000,False,Jardim da Saúde
Rua Aurelia Perez Alvarez,São Paulo,355,3,6,4,3540100,False,Jardim dos Estados
,São Paulo,200,3,3,2,2900000,False,Vila Olímpia
Rua Chiquiais,São Paulo,130,3,4,3,750000,False,Parque Vitória
,São Paulo,55,2,1,1,320000,False,Cidade Antônio Estevão de Carvalho
,São Paulo,300,3,4,2,15000,True,Vila Mariana
,São Paulo,240,3,1,4,1900000,False,Bosque da Saúde
Rua Rodrigo Vieira,São Paulo,125,3,5,4,1100000,False,Jardim Vila Mariana
Rua Nicolau Barreto,São Paulo,80,2,2,1,570000,False,Vila Cordeiro
Rua Conceição de Monte Alegre,São Paulo,95,2,2,1,636000,False,Cidade Monções
Rua Bandim,São Paulo,530,4,5,7,4100000,False,Boaçava
Rua Afonso Celso,São Paulo,180,3,4,2,1198000,False,Vila Mariana
Rua Rio do Peixe,São Paulo,107,3,3,2,720000,False,Vila Lúcia
Rua Princesa Isabel,São Paulo,80,3,2,2,1250000,False,Brooklin
Rua Sousa Ramos,São Paulo,280,3,5,5,1650000,False,Vila Mariana
Rua Tomé Portes,São Paulo,401,4,3,5,1850000,False,Brooklin Paulista
Rua Alberto Leal,São Paulo,150,2,1,2,480000,False,Jabaquara
Rua Jamboaçu,São Paulo,124,2,2,3,649999,False,Vila Nair
Rua Costa Aguiar,São Paulo,248,3,2,4,1500000,False,Ipiranga
Rua Eva Bloch,São Paulo,200,4,3,4,1500000,False,Bosque da Saúde
,São Paulo,330,4,3,4,1800000,False,Alto da Lapa
Rua das Mangueiras,São Paulo,194,2,2,2,420000,False,Vila Santo Estéfano
Rua També,São Paulo,544,4,8,10,8000000,False,Jardim Guedala
Rua Bernardino de Campos,São Paulo,340,3,6,5,2500000,False,Campo Belo
Rua Aracuã,São Paulo,110,3,3,2,650000,False,Vila Brasílio Machado
Rua José Alves de Almeida,São Paulo,167,3,2,6,750000,False,Jardim Celeste
,São Paulo,155,3,4,3,770000,False,Planalto Paulista
,São Paulo,390,7,6,2,1200000,False,Vila Maria Alta
Rua Bernardino de Campos,São Paulo,125,3,4,2,995000,False,Campo Belo
Rua Laplace,São Paulo,430,3,1,4,2300000,False,Brooklin
Rua Corneteiro de Jesus,São Paulo,174,3,3,2,1250000,False,Água Fria
Rua Alfredo Silveira,São Paulo,146,2,2,1,400000,False,Jardim Catarina
Rua Manajeru,São Paulo,120,3,3,2,740000,False,Vila Isolina Mazzei
Rua Marechal Bina Machado,São Paulo,220,3,4,3,1530000,False,Jardim Marajoara
Rua Virgínia,São Paulo,76,3,1,3,420000,False,Vila Carrão
Rua dos Cafezais,São Paulo,117,3,3,3,870000,False,Vila Santa Catarina
Rua Augusto Perroni,São Paulo,100,3,2,2,685000,False,Conjunto Residencial Butantã
Rua Dona Elisa Pereira de Barros,São Paulo,707,4,10,6,8500000,False,Jardim Europa
Avenida Comendador Adibo Ares,São Paulo,1000,5,8,6,3350000,False,Morumbi
Rua També,São Paulo,461,3,6,4,3895000,False,Jardim Guedala
Rua Maria Leonete da Silva Nóbrega,São Paulo,270,4,5,4,1950000,False,Vila Ida
Rua Melo Morais Filho,São Paulo,545,4,5,6,8500000,False,Jardim Guedala
Rua São Roque,São Paulo,250,4,2,2,650000,False,Vila Tolstoi
Avenida Sargento Geraldo Sant'Ana,São Paulo,250,2,1,2,1500000,False,Jardim Taquaral
Rua Lord Cockrane,São Paulo,350,4,4,8,1750000,False,Ipiranga
Rua Itaóca,São Paulo,195,3,4,2,1300000,False,Chácara Inglesa
Rua Groenlândia,São Paulo,500,10,8,15,35000,True,Jardim América
,São Paulo,90,2,1,3,400000,False,Vila Ponte Rasa
Rua Sousa Ramos,São Paulo,220,3,3,6,2400000,False,Vila Mariana
Rua Tenente Nércio Leoni,São Paulo,360,2,3,2,650000,False,Vila Dalva
Rua Rubi,São Paulo,1500,4,2,6,5000000,False,Aclimação
Rua Pacobá,8888,1009,5,6,10,6400000,False,
Avenida Amarilis,São Paulo,840,4,7,8,5899900,False,Cidade Jardim
,São Paulo,425,3,4,5,2500000,False,Chácara Monte Alegre
Rua Colatino Marques,São Paulo,300,4,3,3,4650000,False,Jardim Paulista
Rua Coronel Luís Alves,São Paulo,300,3,3,2,1700000,False,Vila Mariana
Rua Brazópolis,São Paulo,184,2,1,2,450000,False,Jardim Jaú
,São Paulo,185,4,2,3,750000,False,Jardim Guanca
Rua Pirituba,São Paulo,174,3,2,3,1100000,False,Mirandópolis
Rua dos Caciques,São Paulo,140,3,3,2,650000,False,Vila da Saúde
,São Paulo,420,4,6,3,8690000,False,Jardim Paulista
Rua Marcos Fernandes,São Paulo,110,3,1,5,913900,False,Jardim da Saúde
Rua Simão de Toledo Piza,São Paulo,90,2,2,1,430000,False,Vila Libanesa
Rua Francisco Gil de Araújo,São Paulo,200,3,1,2,400000,False,Jardim Lourdes
Rua Josimar Moreira de Melo,São Paulo,298,4,4,5,1950000,False,Jardim da Glória
Rua Ponta Porã,São Paulo,252,3,1,3,1100000,False,Vila Ipojuca
Rua Almirante Soares Dutra,São Paulo,558,4,7,8,4800000,False,Morumbi
,São Paulo,755,2,2,7,14900000,False,Jardim América
,São Paulo,150,3,3,2,290000,False,Engenheiro Goulart
Rua Gregório Lopes,São Paulo,280,3,5,8,1250000,False,Parque Mandaqui
Praça Paul Harris,São Paulo,592,5,6,6,5500000,False,Indianópolis
,São Paulo,440,3,6,4,2700000,False,Jardim da Glória
Rua Doutor Manoel Maria Tourinho,São Paulo,495,5,5,4,4000000,False,Pacaembu
Rua Pedrolândia,São Paulo,169,3,4,2,705000,False,Vila Pedra Branca
Rua Maestro Antão Fernandes,São Paulo,233,3,5,5,2300000,False,Jardim São Bento
,São Paulo,461,7,6,7,2650000,False,Alto de Pinheiros
,São Paulo,99,2,1,2,440000,False,Vila Brasilina
,São Paulo,420,4,7,6,3800000,False,Pinheiros
Rua Alcindo Bueno de Assis,São Paulo,350,3,4,4,2300000,False,Barro Branco
,São Paulo,106,3,3,2,650000,False,Tremembé
Rua Sebastião Rodrigues,São Paulo,145,3,2,2,2150000,False,Alto de Pinheiros
Rua Moreira Cardoso,São Paulo,215,3,3,5,1100000,False,Jardim Aeroporto
,São Paulo,436,4,7,3,3000000,False,Granja Julieta
Rua Paramu,São Paulo,150,4,2,2,430000,False,Vila Bela
Rua Nilo Torres,São Paulo,148,3,3,2,799000,False,Jardim Umuarama
Rua Benito Juarez,São Paulo,166,3,2,4,1650000,False,Vila Mariana
Rua Doutor Fausto de Almeida Prado Penteado,São Paulo,1423,4,5,10,4500000,False,Jardim Sílvia
Avenida Ceci,São Paulo,210,3,4,4,1995000,False,Planalto Paulista
Avenida Raimundo Pereira de Magalhães,São Paulo,280,4,3,4,980000,False,Jardim Íris
Rua Mangaratiba,São Paulo,140,3,3,3,1000000,False,Vila Santo Antônio
Rua Virgílio de Barros Toledo,São Paulo,120,3,2,5,350000,False,Jardim D'Abril
Rua Turquia,São Paulo,760,3,1,5,13900000,False,Jardim Europa
Rua Tibiriçá,São Paulo,260,3,4,3,1730000,False,Brooklin Paulista
Rua Franklin Magalhães,São Paulo,176,3,3,2,750000,False,Vila Santa Catarina
,São Paulo,163,4,5,3,900000,False,Vila da Saúde
Rua Kansas,São Paulo,95,2,4,2,800000,False,Brooklin Paulista
Rua Marcos Fernandes,São Paulo,110,3,1,5,913900,False,Jardim da Saúde
Rua Dom Joaquim Luna,São Paulo,200,3,2,4,2500,True,Jardim Domitila
Rua Francisco Dias Velho,São Paulo,149,3,6,2,3300000,False,Vila Cordeiro
Rua General Raposo,São Paulo,240,3,3,6,1500000,False,Vila Clementino
Rua Jacarezinho,São Paulo,1200,6,7,8,19800000,False,Jardins
Rua Artur Dias,São Paulo,230,3,3,2,955000,False,Bosque da Saúde
,São Paulo,70,2,1,1,428000,False,Vila Campo Grande
Alameda dos Tacaúnas,São Paulo,1300,5,4,20,8000000,False,Planalto Paulista
Rua Holanda,São Paulo,720,5,10,8,13499900,False,Jardim Europa
Rua Dom Miguel Costa,São Paulo,180,3,5,3,870000,False,Vila Gumercindo
Rua Santos Dumont,São Paulo,459,6,6,4,2840000,False,Jardim Petrópolis
Travessa Manoel Theodoro dos Santos,São Paulo,200,3,2,6,770000,False,Rio Pequeno
Rua Catumbi,São Paulo,120,3,3,1,640000,False,Catumbi
Rua Rino Levi,São Paulo,270,4,4,5,2750000,False,Jardim da Glória
Rua Martim Pescador,São Paulo,94,2,1,1,750000,False,Tatuapé
Rua Xiririca,São Paulo,160,3,4,2,640000,False,Vila Carrão
,São Paulo,250,2,1,2,960000,False,Vila Monumento
,São Paulo,316,3,3,12,2000000,False,Mooca
Rua Pestana,São Paulo,10,3,2,2,800000,False,Vila Guaca
,São Paulo,800,4,7,6,11980000,False,Jardim Europa
Avenida Antônio de Souza Noschese,São Paulo,250,4,4,4,1171000,False,Parque Continental
Rua dos Comerciários,São Paulo,370,2,2,5,1000000,False,Cidade Vargas
Rua Blumenau,São Paulo,125,3,3,2,700000,False,Vila Leopoldina
Rua Vitorino de Morais,São Paulo,260,4,4,2,1400000,False,Chácara Santo Antônio
Avenida Doutor Altino Arantes,São Paulo,480,15,8,12,20000,True,Vila Clementino
Rua Santa Teresa de Jesus,São Paulo,90,2,1,2,850000,False,Vila Santa Terezinha
Rua Aleutas,São Paulo,562,4,4,4,9000,True,Jardim Guedala
,São Paulo,100,3,2,1,519800,False,Chácara Inglesa
,São Paulo,300,4,3,4,3300000,False,Jardim Paulistano
Rua Orlando Malagoli,São Paulo,80,2,2,1,260000,False,Rio Pequeno
Rua Cecília Bonilha,São Paulo,193,3,3,5,749870,False,Vila Bonilha Nova
,São Paulo,180,3,3,5,710000,False,Vila Bancária Munhoz
Alameda dos Auetis,São Paulo,390,4,4,5,2300000,False,Planalto Paulista
Rua Moncorvo Filho,São Paulo,380,6,3,5,2690000,False,Butantã
,São Paulo,178,2,1,2,850000,False,Butantã
Rua Monte Alegre,São Paulo,280,3,5,4,2350000,False,Perdizes
Rua José Guilherme Guimarães Pedroso,São Paulo,149,5,3,6,570000,False,Vila Campo Grande
,São Paulo,180,3,5,4,1350000,False,Vila Gumercindo
Rua José Renato Pantoja,São Paulo,240,3,4,2,1484000,False,Lar São Paulo
Rua Caçador de Esmeraldas,São Paulo,160,2,2,2,798000,False,Vila São José
Rua Cicanta,São Paulo,210,3,2,2,954000,False,Jardim Umarizal
,São Paulo,380,7,5,6,2900000,False,Vila Madalena
,São Paulo,125,3,1,2,470000,False,Vila Campo Grande
Rua Almirante Soares Dutra,São Paulo,499,4,8,5,3800000,False,Morumbi
Rua Dom Silvério Pimenta,São Paulo,90,2,2,2,720000,False,Vila Gumercindo
Rua Francisco Teles Dourado,São Paulo,150,3,3,2,700000,False,Jardim Prudência
Rua José Marti,São Paulo,240,3,3,3,1011000,False,Jardim da Saúde
Rua Aurelia Perez Alvarez,São Paulo,355,3,6,4,3540100,False,Jardim dos Estados
,São Paulo,200,3,3,2,2900000,False,Vila Olímpia
Rua Chiquiais,São Paulo,130,3,4,3,750000,False,Parque Vitória
,São Paulo,55,2,1,1,320000,False,Cidade Antônio Estevão de Carvalho
,São Paulo,300,3,4,2,15000,True,Vila Mariana
,São Paulo,240,3,1,4,1900000,False,Bosque da Saúde
Rua Rodrigo Vieira,São Paulo,125,3,5,4,1100000,False,Jardim Vila Mariana
Rua Nicolau Barreto,São Paulo,80,2,2,1,570000,False,Vila Cordeiro
Rua Conceição de Monte Alegre,São Paulo,95,2,2,1,636000,False,Cidade Monções
Rua Bandim,São Paulo,530,4,5,7,4100000,False,Boaçava
Rua Afonso Celso,São Paulo,180,3,4,2,1198000,False,Vila Mariana
Rua Rio do Peixe,São Paulo,107,3,3,2,720000,False,Vila Lúcia
Rua Princesa Isabel,São Paulo,80,3,2,2,1250000,False,Brooklin
Rua Sousa Ramos,São Paulo,280,3,5,5,1650000,False,Vila Mariana
Rua Tomé Portes,São Paulo,401,4,3,5,1850000,False,Brooklin Paulista
Rua Alberto Leal,São Paulo,150,2,1,2,480000,False,Jabaquara
Rua Ludovico Ariosto,São Paulo,159,4,4,2,680000,False,Cidade dos Bandeirantes
Rua Caraúna,São Paulo,632,4,5,5,7000000,False,Vila Madalena
Rua Burgos,São Paulo,100,3,2,2,650000,False,Parque Sevilha
,São Paulo,155,3,3,2,825000,False,Jardim Tremembe
Rua Tejupá,São Paulo,120,3,2,2,630000,False,Vila Babilônia
Rua Victória Simionato,São Paulo,45,1,1,1,160000,False,Vila Paranaguá
Rua Raul Pompéia,São Paulo,145,3,3,1,5500,True,Vila Pompéia
Rua Guaratuba,São Paulo,150,3,2,1,900000,False,Vila Guarani
Rua Dona Maria Cândida de Lima,São Paulo,320,5,3,4,520000,False,Vila Paulo Silas
,São Paulo,750,4,7,6,30000,True,Jardim Europa
Avenida Ouro Verde de Minas,São Paulo,292,1,1,4,646761,False,Jardim Imperador
,São Paulo,95,3,2,6,1180000,False,Santo Amaro
,São Paulo,190,3,3,2,920000,False,Vila Mascote
,São Paulo,36,2,1,1,200000,False,Vila Bela
Rua Bertioga,São Paulo,103,2,1,1,720001,False,Chácara Inglesa
Rua Luís Pinto,São Paulo,100,3,3,2,590000,False,Vila Carrão
,São Paulo,250,4,2,8,1350000,False,Butantã
Rua Luiz Bianconi,São Paulo,293,3,2,5,1010000,False,Jardim Ana Maria
Rua Vitório Trevillato,São Paulo,100,3,3,2,614800,False,Vila Santana
Rua Campos Novos,São Paulo,200,4,4,2,1265000,False,Vila Lúcia
Rua Maria Curupaiti,São Paulo,109,3,3,1,800000,False,Vila Ester
Rua Sílvia Celeste de Campos,São Paulo,660,5,5,6,15000000,False,Alto de Pinheiros
Rua Japira,São Paulo,151,3,3,10,1500000,False,Jardim Franca
Rua Osvaldo Nevola,São Paulo,200,4,4,3,380000,False,Jardim Tietê
,São Paulo,90,2,1,1,430000,False,Jardim Vila Formosa
Rua Theodor Herzi,São Paulo,500,3,2,4,3000000,False,Perdizes
Rua Vitor Costa,São Paulo,211,3,4,2,1600000,False,Bosque da Saúde
Rua Márcio Humberto Gandolpho,São Paulo,80,2,1,2,500000,False,Imirim
Rua Demóstenes,São Paulo,253,3,2,4,1950000,False,Campo Belo
Avenida Itacira,São Paulo,260,3,5,2,850000,False,Planalto Paulista
Rua Padre Marchetti,São Paulo,145,2,2,1,550000,False,Ipiranga
,São Paulo,204,4,2,3,1299000,False,Jardim Campo Grande
,São Paulo,70,2,1,1,340000,False,Jardim Nice
Rua Dom Vilares,São Paulo,100,3,3,2,530000,False,Vila das Mercês
Rua Caquito,São Paulo,120,2,2,1,600000,False,Vila São Geraldo
Rua Gil Fernandes,São Paulo,260,4,6,5,1980000,False,Bosque da Saúde
,São Paulo,150,3,3,2,290000,False,Engenheiro Goulart
Rua Gregório Lopes,São Paulo,280,3,5,8,1250000,False,Parque Mandaqui
Praça Paul Harris,São Paulo,592,5,6,6,5500000,False,Indianópolis
,São Paulo,440,3,6,4,2700000,False,Jardim da Glória
Rua Doutor Manoel Maria Tourinho,São Paulo,495,5,5,4,4000000,False,Pacaembu
Rua Pedrolândia,São Paulo,169,3,4,2,705000,False,Vila Pedra Branca
Rua Maestro Antão Fernandes,São Paulo,233,3,5,5,2300000,False,Jardim São Bento
,São Paulo,461,7,6,7,2650000,False,Alto de Pinheiros
,São Paulo,99,2,1,2,440000,False,Vila Brasilina
,São Paulo,420,4,7,6,3800000,False,Pinheiros
Rua Alcindo Bueno de Assis,São Paulo,350,3,4,4,2300000,False,Barro Branco
,São Paulo,106,3,3,2,650000,False,Tremembé
Rua Sebastião Rodrigues,São Paulo,145,3,2,2,2150000,False,Alto de Pinheiros
Rua Moreira Cardoso,São Paulo,215,3,3,5,1100000,False,Jardim Aeroporto
,São Paulo,436,4,7,3,3000000,False,Granja Julieta
Rua Paramu,São Paulo,150,4,2,2,430000,False,Vila Bela
Rua Nilo Torres,São Paulo,148,3,3,2,799000,False,Jardim Umuarama
Rua Benito Juarez,São Paulo,166,3,2,4,1650000,False,Vila Mariana
Rua Doutor Fausto de Almeida Prado Penteado,São Paulo,1423,4,5,10,4500000,False,Jardim Sílvia
Rua Luís Sérgio Person,São Paulo,139,2,2,2,398000,False,Parque Mandaqui
Rua Luiz Bianconi,São Paulo,293,3,2,5,1010000,False,Jardim Ana Maria
Rua Belgrado,São Paulo,120,2,3,1,650000,False,Vila Moinho Velho
Rua Virgílio de Lemos,São Paulo,120,2,2,2,480000,False,Jardim Jabaquara
Rua Rosa Anacleto Fernandes,São Paulo,100,2,2,2,9000,True,Vila Nova Conceição
Praça Paul Harris,São Paulo,230,3,4,2,2093000,False,Indianópolis
Rua Nicolau da Rocha Vita,São Paulo,700,4,1,4,1900000,False,Brooklin
Rua Oscar Carmilo,São Paulo,100,3,1,1,1980,True,Vila União
Rua Otávio Passos,São Paulo,280,16,3,3,790000,False,Vila Gomes
,São Paulo,271,4,3,4,1900000,False,Vila Ida
Rua David Romero Paré,São Paulo,300,3,3,4,780000,False,Vila Sonia
Rua Pistache,São Paulo,289,5,3,4,1300000,False,Parque dos Príncipes
Rua dos Chanes,São Paulo,171,6,4,2,2300000,False,Indianópolis
,São Paulo,201,3,2,4,1400000,False,Chácara Monte Alegre
Alameda dos Apetupás,São Paulo,400,3,5,4,4200000,False,Planalto Paulista
Rua Orlando Ferraiuolo,São Paulo,250,3,3,4,689000,False,Vila Brasilina
Rua Maria Rosa Halter Frank,São Paulo,100,3,2,1,1970000,False,Itaim Bibi
,São Paulo,150,3,3,2,290000,False,Engenheiro Goulart
Rua Gregório Lopes,São Paulo,280,3,5,8,1250000,False,Parque Mandaqui
Praça Paul Harris,São Paulo,592,5,6,6,5500000,False,Indianópolis
,São Paulo,440,3,6,4,2700000,False,Jardim da Glória
Rua Doutor Manoel Maria Tourinho,São Paulo,495,5,5,4,4000000,False,Pacaembu
Rua Pedrolândia,São Paulo,169,3,4,2,705000,False,Vila Pedra Branca
Rua Maestro Antão Fernandes,São Paulo,233,3,5,5,2300000,False,Jardim São Bento
,São Paulo,461,7,6,7,2650000,False,Alto de Pinheiros
,São Paulo,99,2,1,2,440000,False,Vila Brasilina
,São Paulo,420,4,7,6,3800000,False,Pinheiros
Rua Alcindo Bueno de Assis,São Paulo,350,3,4,4,2300000,False,Barro Branco
,São Paulo,106,3,3,2,650000,False,Tremembé
Rua Sebastião Rodrigues,São Paulo,145,3,2,2,2150000,False,Alto de Pinheiros
Rua Moreira Cardoso,São Paulo,215,3,3,5,1100000,False,Jardim Aeroporto
,São Paulo,436,4,7,3,3000000,False,Granja Julieta
Rua Paramu,São Paulo,150,4,2,2,430000,False,Vila Bela
Rua Nilo Torres,São Paulo,148,3,3,2,799000,False,Jardim Umuarama
Rua Benito Juarez,São Paulo,166,3,2,4,1650000,False,Vila Mariana
Rua Doutor Fausto de Almeida Prado Penteado,São Paulo,1423,4,5,10,4500000,False,Jardim Sílvia
Rua Luís Sérgio Person,São Paulo,139,2,2,2,398000,False,Parque Mandaqui
Rua Luiz Bianconi,São Paulo,293,3,2,5,1010000,False,Jardim Ana Maria
Rua Belgrado,São Paulo,120,2,3,1,650000,False,Vila Moinho Velho
Rua Virgílio de Lemos,São Paulo,120,2,2,2,480000,False,Jardim Jabaquara
Rua Rosa Anacleto Fernandes,São Paulo,100,2,2,2,9000,True,Vila Nova Conceição
Praça Paul Harris,São Paulo,230,3,4,2,2093000,False,Indianópolis
Rua Nicolau da Rocha Vita,São Paulo,700,4,1,4,1900000,False,Brooklin
Rua Oscar Carmilo,São Paulo,100,3,1,1,1980,True,Vila União
Rua Otávio Passos,São Paulo,280,16,3,3,790000,False,Vila Gomes
,São Paulo,271,4,3,4,1900000,False,Vila Ida
Rua David Romero Paré,São Paulo,300,3,3,4,780000,False,Vila Sonia
Rua Pistache,São Paulo,289,5,3,4,1300000,False,Parque dos Príncipes
Rua dos Chanes,São Paulo,171,6,4,2,2300000,False,Indianópolis
,São Paulo,201,3,2,4,1400000,False,Chácara Monte Alegre
Alameda dos Apetupás,São Paulo,400,3,5,4,4200000,False,Planalto Paulista
Rua Orlando Ferraiuolo,São Paulo,250,3,3,4,689000,False,Vila Brasilina
Rua Maria Rosa Halter Frank,São Paulo,100,3,2,1,1970000,False,Itaim Bibi
Rua Nebraska,São Paulo,377,3,5,4,4500000,False,Brooklin Novo
Rua General Euclides Figueiredo,São Paulo,455,4,5,6,1580000,False,Morumbi
Avenida Doutor Cardoso de Melo,São Paulo,200,3,3,2,2900000,False,Vila Olímpia
Rua do Manifesto,São Paulo,96,2,1,1,530000,False,Ipiranga
,São Paulo,580,3,5,3,5200000,False,Jardim Europa
Rua Calíope,São Paulo,572,4,7,7,3229000,False,Jardim Guedala
Avenida Neide Carvalho de Arruda,São Paulo,660,4,5,6,2600000,False,City América
,São Paulo,182,2,1,2,490000,False,Vila Marari
Rua Antônio Carlos da Fonseca,São Paulo,154,3,4,4,1400000,False,Jardim da Saúde
Rua Maria Teresa Gaudino,São Paulo,140,3,3,2,440000,False,Jardim Maria Estela
,São Paulo,288,2,4,10,1220000,False,Ipiranga
Rua Tomé Portes,São Paulo,401,4,3,5,1850001,False,Brooklin Paulista
Rua Maestro Savino de Benedictis,São Paulo,110,3,1,2,380000,False,Rio Pequeno
,São Paulo,200,3,1,3,424000,False,Parque São Rafael
,São Paulo,205,3,3,2,740000,False,Ipiranga
,São Paulo,680,12,5,3,15000,True,Parque da Mooca
Alameda dos Anapurus,São Paulo,218,3,2,3,1690000,False,Indianópolis
Rua Michigan,São Paulo,299,3,3,4,6300000,False,Cidade Monções
,São Paulo,123,3,1,2,600000,False,Cupecê
,São Paulo,228,3,3,3,1700000,False,Tatuapé
Rua Oscar Guanabarino,São Paulo,300,3,3,3,7000,True,Aclimação
Rua Euclides de Andrade,São Paulo,236,3,3,4,5900,True,Jardim Vera Cruz
Travessa Deputado Shiro Kyono,São Paulo,95,3,3,5,1700000,False,Vila Olímpia
Rua Iratinga,São Paulo,980,4,6,10,7000000,False,Paraisópolis
,São Paulo,250,3,2,2,550000,False,Jardim Itacolomi
Rua Barão do Bananal,São Paulo,142,4,2,4,1700000,False,Vila Pompéia
Rua Paraim,São Paulo,100,3,1,2,590000,False,Vila Isa
Rua Professor Romeu Pellegrini,São Paulo,350,2,2,6,990000,False,Vila Monumento
Rua Diana,São Paulo,122,4,3,1,1000000,False,Perdizes
Rua Chafic Ganem,São Paulo,120,3,3,4,635000,False,Vila das Mercês
,São Paulo,559,4,3,2,4900000,False,Jardim Luzitânia
Rua João de Santa Maria,São Paulo,184,4,6,3,1280000,False,Vila Brasilina
Rua Doutor José Maria Whitaker,São Paulo,259,3,2,2,1568000,False,Vila Sônia
,São Paulo,70,2,1,2,250000,False,Vila das Mercês
Rua Camundo,São Paulo,155,3,4,3,790000,False,Planalto Paulista
Rua General Pereira da Cunha,São Paulo,2000,6,10,12,19000000,False,Retiro Morumbi
,São Paulo,210,3,2,2,940000,False,Vila Nair
Rua João Lopes de Amorim,São Paulo,230,3,5,3,520000,False,Vila Nova Cachoeirinha
Rua Ordenações Manuelinas,São Paulo,112,2,2,2,595000,False,Vila Morse
,São Paulo,470,4,4,6,2500000,False,City América
,São Paulo,90,2,1,3,350000,False,Vila Brasilina
Rua Conseguina,São Paulo,742,4,5,6,3200000,False,Jardim Guedala
Rua Boturoca,São Paulo,390,4,4,8,2995000,False,Vila Indiana
Rua Rosa Mística,São Paulo,125,3,4,2,530000,False,Vila Campestre
,São Paulo,295,3,3,5,1700000,False,Jardim Campo Grande
,São Paulo,420,4,5,3,1978000,False,Chácara Monte Alegre
,São Paulo,560,3,2,1,1200000,False,Alto da Lapa
Rua També,São Paulo,544,4,9,10,8000000,False,Jardim Guedala
Rua São José do Barreiro,São Paulo,800,6,7,10,15000,True,Água Rasa
Rua Guararapes,São Paulo,237,3,3,6,1300000,False,Lapa
Rua José Tôrres Lima,São Paulo,90,2,2,4,430000,False,Parque Savoy City
,São Paulo,275,3,1,6,1500000,False,Vila Mariana
,São Paulo,347,3,2,10,899900,False,Parque Edu Chaves
Rua Atlântica,São Paulo,600,3,5,4,24500,True,Jardim América
Avenida Nossa Senhora da Encarnação,São Paulo,200,3,5,4,790000,False,Jardim Maria Estela
Rua Nova York,São Paulo,350,4,3,3,2400000,False,Brooklin Paulista
Rua Fonseca da Costa,São Paulo,650,5,2,12,11000,True,Bosque da Saúde
Rua Flor da Redenção,São Paulo,110,3,2,2,300000,False,Vila Jacuí
Rua Edward White,São Paulo,370,4,1,4,2000000,False,Interlagos
Rua Santo Inácio,São Paulo,120,2,1,1,560000,False,Parque São Jorge
,São Paulo,180,3,2,4,745000,False,Água Rasa
Rua Maria José Rangel,São Paulo,69,2,1,1,385001,False,Vila São Paulo
,São Paulo,86,2,1,4,650000,False,Água Rasa
,São Paulo,200,3,2,2,700000,False,Chácara Inglesa
,São Paulo,171,3,2,2,1300000,False,Parque São Domingos
,São Paulo,224,5,2,5,950000,False,Vila Sao Paulo
Rua Mateus de Siqueira,São Paulo,150,2,1,1,222950,False,Jardim Triana
,São Paulo,870,5,5,3,12600000,False,Jardim Europa
Rua Miguel Ribeiro,São Paulo,120,3,1,4,550000,False,Jardim Consórcio
Rua Rodrigo Vieira,São Paulo,200,4,4,2,1000000,False,Jardim Vila Mariana
Rua Pacobá,São Paulo,503,4,9,4,13000,True,Jardim Panorama
,São Paulo,160,3,2,2,1700000,False,Vila Olímpia
Rua Barão de Juparanã,São Paulo,210,3,4,4,1100000,False,Vila Zelina
Rua Antônio Gebara,São Paulo,238,3,5,4,1480000,False,Planalto Paulista
Rua Vitor Costa,São Paulo,237,3,3,4,1600000,False,Bosque da Saúde
Rua Carlos Baptista de Magalhães,São Paulo,800,4,5,4,3200000,False,Jardim Prudência
Avenida Moaci,São Paulo,480,4,6,3,1950000,False,Planalto Paulista
Rua Salvador de Edra,São Paulo,216,3,3,2,1100000,False,Saúde
Rua Saldanha da Gama,São Paulo,219,5,8,6,1695000,False,Alto da Lapa
Rua São Pompônio,São Paulo,120,1,1,6,426000,False,Vila Oratório
,São Paulo,229,3,4,5,900000,False,Parque São Domingos
Rua República do Iraque,São Paulo,198,2,2,1,1180000,False,Campo Belo
,São Paulo,80,2,2,2,538000,False,Planalto Paulista
,São Paulo,360,2,2,2,850000,False,Vila Maria Alta
Rua Agostinho Gomes,São Paulo,150,2,3,2,930000,False,Ipiranga
,São Paulo,720,6,6,5,9800000,False,Jardim Paulistano
,São Paulo,300,2,1,4,800000,False,Jardim Danfer
Rua José Santana,São Paulo,66,2,1,2,320004,False,Vila Reis
Rua Stela Marina,São Paulo,386,5,5,2,7700,True,Brooklin Paulista
Avenida George Saville Dodd,São Paulo,750000,5,9,6,7000000,False,Jardim Guedala
Rua João Álvares Soares,São Paulo,175,2,2,3,1850000,False,Brooklin Novo
Rua Januário Miraglia,São Paulo,180,3,2,4,2980000,False,Vila Nova Conceição
Rua Quirino Pucca,São Paulo,80,1,1,2,480000,False,Vila Romana
Rua Teerã,São Paulo,145,3,2,2,795000,False,Parque da Lapa
Rua Doutor Sarmento,São Paulo,1050,5,7,10,20000000,False,Jardim Luzitânia
Rua Guaravera,São Paulo,200,3,2,2,500000,False,Vila Domitila
Rua França Pinto,São Paulo,280,3,3,4,1600000,False,Vila Mariana
,São Paulo,180,3,2,4,742000,False,Água Rasa
Rua José Joaquim Esteves,São Paulo,115,3,2,3,650000,False,Jardim São Luís
Avenida Antônio de Souza Noschese,São Paulo,201,3,5,3,990000,False,Parque Continental
,São Paulo,160,3,3,2,880000,False,Cambuci
Rua Professora Carolina Ribeiro,São Paulo,210,3,5,3,1950000,False,Jardim Vila Mariana
Rua José dos Santos Júnior,São Paulo,251,4,4,2,1600000,False,Campo Belo
Alameda Tirió,São Paulo,300,3,3,3,2600000,False,Planalto Paulista
,São Paulo,172,2,1,4,550000,False,Vila Regente Feijó
,São Paulo,85,4,2,2,720000,False,Vila Carrão
Rua das Bromeliáceas,São Paulo,180,4,3,5,1500000,False,Parque das Árvores
Rua Ipiranga,São Paulo,100,2,2,2,579000,False,Jardim Aeroporto
Rua Visconde de Ourem,São Paulo,159,3,3,1,880000,False,Jardim Aeroporto
Rua Ministro Sinésio Rocha,São Paulo,384,3,6,2,1800000,False,Jardim Vera Cruz
Rua Doutor Eríco Álvares de Azevedo Gonzaga,São Paulo,325,4,3,5,475000,False,Jardim Cambara
,São Paulo,125,3,1,2,220000,False,Conjunto Habitacional Castro Alves
Rua Guaonés,São Paulo,960,4,8,10,4750000,False,Jardim Guedala
Rua Guaniqué,São Paulo,90,3,3,2,459000,False,Vila Natália
Rua Brasileiro de Campos,São Paulo,140,3,2,2,450000,False,Vila Nhocune
Rua Todos os Santos,São Paulo,750,4,5,11,5500000,False,Jardim Everest
Rua Franklin Lewis Gemmel,São Paulo,145,2,3,3,850000,False,Parque Residencial Julia
,São Paulo,298,3,5,2,2450000,False,Jardim Paulistano
Rua Ministro Godói,São Paulo,200,3,1,2,6000,True,Perdizes
Rua Manoel das Neves,São Paulo,277,6,6,5,425000,False,Jaraguá
Rua Abegoaria,São Paulo,620,4,5,8,5800000,False,Jardim das Bandeiras
Rua Gomes,São Paulo,720,3,5,3,1750000,False,Vila Ivone
,São Paulo,195,3,3,3,680000,False,Planalto Paulista
Rua Artemis,São Paulo,167,4,4,2,550000,False,Vila Babilônia
Rua Planeta,São Paulo,120,2,2,2,490000,False,Chácara Belenzinho
Rua Ângelo de Cândia,São Paulo,175,3,3,2,500000,False,Cidade São Mateus
,São Paulo,570,4,6,4,11000000,False,Jardim Paulista
Alameda dos Tupinas,São Paulo,400,4,6,4,1550000,False,Planalto Paulista
Rua dos Timoneiros,São Paulo,240,4,2,2,720000,False,Chora Menino
Rua Cristóvão Pereira,São Paulo,620,5,5,7,4000000,False,Campo Belo
Rua Nova Pátria,São Paulo,275,4,4,3,1480000,False,Bosque da Saúde
,São Paulo,303,4,7,6,10000,True,Chácara Santo Antônio
Rua Camé,São Paulo,440,4,3,8,2000000,False,Mooca
Rua Doutor Erasmo Teixeira de Assunção,São Paulo,482,4,4,4,1800000,False,Jardim Leonor
Rua Venceslau Flexa,São Paulo,486,4,2,6,3500001,False,Jardim Paulistano
Rua Cláudio Rossi,São Paulo,170,3,5,2,1500000,False,Jardim da Glória
,São Paulo,90,2,3,4,430000,False,Vila Esperança
Rua Cardeal Cagliori,São Paulo,400,4,5,7,3500000,False,Alto de Pinheiros
Avenida Itaboraí,São Paulo,140,3,1,1,850000,False,Bosque da Saúde
Avenida Sílvio Sciumbata,São Paulo,793,4,7,5,2680000,False,Interlagos
Rua Acalanto de Bartira,São Paulo,180,2,1,1,386234,False,Vila Nova Alba
Rua General Gaudie Ley,São Paulo,430,4,3,6,1500000,False,Interlagos
Rua Monsenhor Marcelo Branco,São Paulo,300,3,6,2,2200000,False,Sumaré
Rua Jacira,São Paulo,260,4,3,6,2700000,False,Indianópolis
Rua Bernardo Francisco,São Paulo,140,2,2,4,760000,False,Mooca
Rua Padre Agostinho Poncet,São Paulo,60,2,2,2,395000,False,Água Fria
Rua das Fiandeiras,São Paulo,300,4,7,2,3900000,False,Vila Olímpia
Rua Doutor Mário Ottobrini Costa,São Paulo,400,5,9,4,1800000,False,Cidade Dutra
Rua Eliane Araújo Neves,São Paulo,89,2,2,2,470000,False,Jardim Catanduva
Rua Professor Henrique Neves Lefevre,São Paulo,200,3,2,1,6000,True,Jardim Petrópolis
Rua Professor Miguel Maurício da Rocha,São Paulo,869,3,1,7,5500000,False,Brooklin Paulista
Rua Manuel de Andrade,São Paulo,213,3,2,2,650000,False,Vila Nova Mazzei
Rua Dante Alighieri,São Paulo,210,3,4,3,799000,False,Vila Prudente
Rua Belisário Palermo,São Paulo,240,5,4,3,640000,False,Cidade dos Bandeirantes
Rua Rishin Matsuda,São Paulo,120,3,3,3,797872,False,Vila Santa Catarina
Rua Doutor Roberto Mercatelli,São Paulo,87,3,2,1,639001,False,Barra Funda
Rua Alvorada do Sul,São Paulo,600,5,7,5,8000000,False,Jardim Guedala
Rua Albertina de Oliveira Godinho,São Paulo,1300,5,7,6,5900000,False,Jardim Guedala
Rua Luisiania,São Paulo,200,3,1,3,2200000,False,Brooklin Paulista
Rua Rita Ferreira da Silva,São Paulo,125,3,3,2,850001,False,Socorro
Rua Princesa Isabel,São Paulo,165,3,3,2,1250000,False,Brooklin Paulista
,São Paulo,122,2,1,2,400000,False,Parque Alves de Lima
Rua Bragança,São Paulo,280,3,4,5,2450000,False,Pacaembu
,São Paulo,140,3,2,3,750000,False,Vila Formosa
Rua Santo André,São Paulo,75,2,3,1,425000,False,Vila São Pedro
Rua Frei Mauro Teixeira,São Paulo,330,3,3,7,1890000,False,Jardim São Bento
Rua Circular do Bosque,São Paulo,650,5,6,4,5000000,False,Jardim Guedala
,São Paulo,1345,5,9,7,9500000,False,Jardim Leonor
Rua Aquino Fonseca,São Paulo,96,3,2,2,553000,False,Jardim das Carmelitas
Rua Tapes,São Paulo,152,5,7,4,840000,False,Jardim Aeroporto
Rua Eduardo Lobo,São Paulo,120,6,3,3,951000,False,Parque Imperial
,São Paulo,418,5,7,6,2800000,False,Jardim Petrópolis
Rua Bauru,São Paulo,434,2,3,2,5200000,False,Pacaembu
Rua Pedro Teixeira,São Paulo,152,3,2,2,960000,False,Vila Olímpia
Avenida Odila,São Paulo,262,3,6,4,1500000,False,Planalto Paulista
Rua Tapuçu,São Paulo,90,2,2,2,665000,False,Vila Sofia
Rua Guararema,São Paulo,600,8,7,5,2300000,False,Bosque da Saúde
Rua Estero Belaco,São Paulo,200,3,3,6,1050000,False,Vila da Saúde
Rua Manuel Onha,São Paulo,180,3,2,2,2200,True,Vila Oratório
Rua Barão de Tramandaí,São Paulo,117,3,2,2,270000,False,Vila Alpina
Rua Bernardo Francisco,São Paulo,140,2,2,4,760000,False,Mooca
Rua Padre Agostinho Poncet,São Paulo,60,2,2,2,395000,False,Água Fria
Rua das Fiandeiras,São Paulo,300,4,7,2,3900000,False,Vila Olímpia
Rua Doutor Mário Ottobrini Costa,São Paulo,400,5,9,4,1800000,False,Cidade Dutra
Rua Eliane Araújo Neves,São Paulo,89,2,2,2,470000,False,Jardim Catanduva
Rua Professor Henrique Neves Lefevre,São Paulo,200,3,2,1,6000,True,Jardim Petrópolis
Rua Professor Miguel Maurício da Rocha,São Paulo,869,3,1,7,5500000,False,Brooklin Paulista
Rua Manuel de Andrade,São Paulo,213,3,2,2,650000,False,Vila Nova Mazzei
Rua Dante Alighieri,São Paulo,210,3,4,3,799000,False,Vila Prudente
Rua Belisário Palermo,São Paulo,240,5,4,3,640000,False,Cidade dos Bandeirantes
Rua Rishin Matsuda,São Paulo,120,3,3,3,797872,False,Vila Santa Catarina
Rua Doutor Roberto Mercatelli,São Paulo,87,3,2,1,639001,False,Barra Funda
Rua Alvorada do Sul,São Paulo,600,5,7,5,8000000,False,Jardim Guedala
Rua Albertina de Oliveira Godinho,São Paulo,1300,5,7,6,5900000,False,Jardim Guedala
Rua Luisiania,São Paulo,200,3,1,3,2200000,False,Brooklin Paulista
Rua Rita Ferreira da Silva,São Paulo,125,3,3,2,850001,False,Socorro
Rua Princesa Isabel,São Paulo,165,3,3,2,1250000,False,Brooklin Paulista
,São Paulo,122,2,1,2,400000,False,Parque Alves de Lima
Rua Bragança,São Paulo,280,3,4,5,2450000,False,Pacaembu
,São Paulo,140,3,2,3,750000,False,Vila Formosa
Rua Santo André,São Paulo,75,2,3,1,425000,False,Vila São Pedro
Rua Frei Mauro Teixeira,São Paulo,330,3,3,7,1890000,False,Jardim São Bento
Rua Circular do Bosque,São Paulo,650,5,6,4,5000000,False,Jardim Guedala
,São Paulo,1345,5,9,7,9500000,False,Jardim Leonor
Rua Aquino Fonseca,São Paulo,96,3,2,2,553000,False,Jardim das Carmelitas
Rua Tapes,São Paulo,152,5,7,4,840000,False,Jardim Aeroporto
Rua Eduardo Lobo,São Paulo,120,6,3,3,951000,False,Parque Imperial
,São Paulo,418,5,7,6,2800000,False,Jardim Petrópolis
Rua Bauru,São Paulo,434,2,3,2,5200000,False,Pacaembu
Rua Pedro Teixeira,São Paulo,152,3,2,2,960000,False,Vila Olímpia
Avenida Odila,São Paulo,262,3,6,4,1500000,False,Planalto Paulista
Rua Tapuçu,São Paulo,90,2,2,2,665000,False,Vila Sofia
Rua Guararema,São Paulo,600,8,7,5,2300000,False,Bosque da Saúde
Rua Estero Belaco,São Paulo,200,3,3,6,1050000,False,Vila da Saúde
Rua Manuel Onha,São Paulo,180,3,2,2,2200,True,Vila Oratório
Rua Barão de Tramandaí,São Paulo,117,3,2,2,270000,False,Vila Alpina
Rua Bernardo Francisco,São Paulo,140,2,2,4,760000,False,Mooca
Rua Padre Agostinho Poncet,São Paulo,60,2,2,2,395000,False,Água Fria
Rua das Fiandeiras,São Paulo,300,4,7,2,3900000,False,Vila Olímpia
Rua Doutor Mário Ottobrini Costa,São Paulo,400,5,9,4,1800000,False,Cidade Dutra
Rua Eliane Araújo Neves,São Paulo,89,2,2,2,470000,False,Jardim Catanduva
Rua Professor Henrique Neves Lefevre,São Paulo,200,3,2,1,6000,True,Jardim Petrópolis
Rua Professor Miguel Maurício da Rocha,São Paulo,869,3,1,7,5500000,False,Brooklin Paulista
Rua Manuel de Andrade,São Paulo,213,3,2,2,650000,False,Vila Nova Mazzei
Rua Dante Alighieri,São Paulo,210,3,4,3,799000,False,Vila Prudente
Rua Belisário Palermo,São Paulo,240,5,4,3,640000,False,Cidade dos Bandeirantes
Rua Rishin Matsuda,São Paulo,120,3,3,3,797872,False,Vila Santa Catarina
Rua Doutor Roberto Mercatelli,São Paulo,87,3,2,1,639001,False,Barra Funda
Rua Alvorada do Sul,São Paulo,600,5,7,5,8000000,False,Jardim Guedala
Rua Albertina de Oliveira Godinho,São Paulo,1300,5,7,6,5900000,False,Jardim Guedala
Rua Luisiania,São Paulo,200,3,1,3,2200000,False,Brooklin Paulista
Rua Rita Ferreira da Silva,São Paulo,125,3,3,2,850001,False,Socorro
Rua Princesa Isabel,São Paulo,165,3,3,2,1250000,False,Brooklin Paulista
,São Paulo,122,2,1,2,400000,False,Parque Alves de Lima
Rua Bragança,São Paulo,280,3,4,5,2450000,False,Pacaembu
,São Paulo,140,3,2,3,750000,False,Vila Formosa
Rua Santo André,São Paulo,75,2,3,1,425000,False,Vila São Pedro
Rua Frei Mauro Teixeira,São Paulo,330,3,3,7,1890000,False,Jardim São Bento
Rua Circular do Bosque,São Paulo,650,5,6,4,5000000,False,Jardim Guedala
,São Paulo,1345,5,9,7,9500000,False,Jardim Leonor
Rua Aquino Fonseca,São Paulo,96,3,2,2,553000,False,Jardim das Carmelitas
Rua Tapes,São Paulo,152,5,7,4,840000,False,Jardim Aeroporto
Rua Eduardo Lobo,São Paulo,120,6,3,3,951000,False,Parque Imperial
,São Paulo,418,5,7,6,2800000,False,Jardim Petrópolis
Rua Bauru,São Paulo,434,2,3,2,5200000,False,Pacaembu
Rua Pedro Teixeira,São Paulo,152,3,2,2,960000,False,Vila Olímpia
Avenida Odila,São Paulo,262,3,6,4,1500000,False,Planalto Paulista
Rua Tapuçu,São Paulo,90,2,2,2,665000,False,Vila Sofia
Rua Guararema,São Paulo,600,8,7,5,2300000,False,Bosque da Saúde
Rua Estero Belaco,São Paulo,200,3,3,6,1050000,False,Vila da Saúde
Rua Manuel Onha,São Paulo,180,3,2,2,2200,True,Vila Oratório
Rua Barão de Tramandaí,São Paulo,117,3,2,2,270000,False,Vila Alpina
